 Tabela 8 ,,,,,,,,,,
 População que Trabalha por Vínculo Empregatício do Primeiro Trabalho e Zona de Residência – 2023 ,,,,,,,,,,
 Região Metropolitana de São Paulo ,,,,   ,,,,,,
 Pesquisa Origem e Destino 2023 ,,,,,,,,,,
 Companhia do Metropolitano de São Paulo  ,,,,,,,,,,
,,,,,,,,,,
, População que trabalha por Vínculo Empregatício do Primeiro Emprego ,,,,,,,,, Total 
 Zona de , Assalariado  , Assalariado  , Funcionário , Profissional , Autônomo , Autônomo ,, Dono de  , Trabalhador ,
 Residência , com Carteira , sem Carteira , Público , Liberal , com CNPJ , sem CNPJ , Empregador , Negócio Familiar , Familiar ,
,,,,,,,,,,
 1 ,890,96,109,93,298,705,32,0,0,"2,224"
 2 ,650,90,22,45,561,"1,043",0,30,0,"2,441"
 3 ,"5,655",888,461,292,181,"2,357",0,0,0,"9,835"
 4 ,"8,250",660,968,"1,250","2,230","1,741",577,0,0,"15,675"
 5 ,"6,148","1,048",247,0,"2,093","1,132",0,0,0,"10,668"
 6 ,"5,365","1,243","2,175",329,786,"4,237",53,0,0,"14,186"
 7 ,"3,687","1,289",0,0,"1,650","1,469",0,421,0,"8,518"
 8 ,"2,231",830,80,0,765,"1,957",37,53,0,"5,953"
 9 ,"1,635",265,24,0,694,"1,744",0,0,0,"4,362"
 10 ,391,92,0,10,107,444,15,28,0,"1,088"
 11 ,484,81,12,0,272,"1,467",0,0,0,"2,315"
 12 ,"1,680",84,96,68,"2,042","2,097",77,152,161,"6,457"
 13 ,131,26,0,0,86,235,20,8,8,514
 14 ,371,202,46,0,225,290,17,13,18,"1,182"
 15 ,"2,049",452,63,190,229,"1,825",0,64,0,"4,872"
 16 ,"5,809",155,721,0,"2,917","1,713",386,281,0,"11,981"
 17 ,"1,675",215,244,41,517,"2,273",46,81,45,"5,138"
 18 ,"6,118",468,294,486,"1,888","3,858",361,0,0,"13,473"
 19 ,"5,350",328,997,0,"1,590","1,925",402,"1,007",0,"11,598"
 20 ,"7,393",0,327,0,"1,903","2,775",0,241,164,"12,802"
 21 ,"3,627",733,"1,064",621,"1,794",991,337,126,0,"9,293"
 22 ,"3,527",47,"1,119",635,717,322,66,369,0,"6,802"
 23 ,874,279,0,305,585,99,0,0,0,"2,142"
 24 ,"2,737",849,447,266,262,989,105,0,0,"5,654"
 25 ,"7,752",0,81,0,706,"2,402",0,0,0,"10,941"
 26 ,"2,802",245,407,"1,109","1,655",407,441,0,0,"7,066"
 27 ,"3,197",52,351,"1,255","1,615","1,700",0,544,36,"8,749"
 28 ,"1,819",34,303,518,946,556,166,247,0,"4,589"
 29 ,"3,676",0,515,88,"1,676",306,0,0,0,"6,261"
 30 ,"3,668",307,806,"1,155","2,425",540,786,180,23,"9,889"
 31 ,"5,204",689,"1,351","2,549","2,141","1,793","1,016",0,0,"14,743"
 32 ,"1,864",164,232,409,978,951,46,55,0,"4,698"
 33 ,455,19,63,143,99,94,34,0,0,908
 34 ,"1,320",19,105,929,996,324,73,157,0,"3,924"
 35 ,"12,636","1,511","1,139",556,"2,322","3,959",570,0,0,"22,693"
 36 ,"10,137",121,"2,904","2,255","7,212","2,899",90,127,0,"25,744"
 37 ,"2,558",419,117,0,"1,424",400,0,74,97,"5,088"
 38 ,701,120,47,0,406,923,34,93,137,"2,462"
 39 ,"2,596",311,267,91,523,"1,732",95,262,262,"6,139"
 40 ,"1,794",148,46,141,"1,104",985,40,75,55,"4,388"
 41 ,"6,919",954,442,261,937,"1,638",0,0,0,"11,151"
 42 ,"1,185",285,69,176,751,"1,047",0,112,0,"3,624"
 43 ,"4,480",424,"1,588","1,706","4,477","2,077","1,307",879,40,"16,976"
 44 ,"1,481",28,718,"1,046","2,176","2,700",190,509,0,"8,847"
 45 ,"7,760","1,033","1,600","1,643","3,674","3,981","1,217",0,0,"20,907"
 46 ,"8,423",999,"1,096",189,"3,730","1,332",0,"2,014",0,"17,783"
 47 ,"7,405",156,"2,019",309,"1,074","1,218",0,655,0,"12,835"
 48 ,"4,253",247,347,411,"3,364","1,947",635,162,0,"11,366"
 49 ,"2,858",259,395,"1,055","2,723","1,456",306,109,0,"9,160"
 50 ,"3,584",0,151,33,"1,023",154,0,0,0,"4,945"
 51 ,"3,653",220,"1,140",575,"2,374",718,123,77,0,"8,880"
 52 ,"3,284",38,254,"1,098",316,468,308,135,0,"5,900"
 53 ,"3,457",230,224,"1,280","1,757",794,232,105,0,"8,078"
 54 ,"2,876",177,66,233,654,222,39,169,0,"4,437"
 55 ,"3,474",0,318,"1,117","3,675",446,0,98,0,"9,127"
 56 ,"5,713",163,352,301,"2,915","1,109",0,150,0,"10,703"
 57 ,"6,261",161,0,"1,095","3,638",967,0,525,0,"12,646"
 58 ,"9,422",0,734,348,"5,955","1,421",760,0,0,"18,640"
 59 ,"12,816",219,"1,815","1,099","4,421","3,959",384,605,"1,676","26,994"
 60 ,"10,328",0,0,0,"1,155",869,0,0,0,"12,352"
 61 ,"10,196",0,123,218,"2,871",81,0,0,0,"13,489"
 62 ,"1,349",79,90,59,823,218,0,78,37,"2,732"
 63 ,721,8,0,24,241,72,9,30,0,"1,106"
 64 ,"7,796",193,821,444,"6,071",959,"1,142",335,225,"17,986"
 65 ,"7,039",105,317,682,"3,692","2,409",77,161,0,"14,482"
 66 ,"2,241",112,361,"1,143",866,103,281,658,37,"5,802"
 67 ,"1,734",179,58,772,"1,981",473,387,31,105,"5,722"
 68 ,"5,627",576,509,552,"4,298","1,840",314,0,194,"13,911"
 69 ,"3,030",169,0,633,741,292,327,0,0,"5,192"
 70 ,"2,695",152,692,86,"3,127",676,180,312,0,"7,919"
 71 ,"8,558",0,847,"2,608","3,001","2,056",227,265,0,"17,561"
 72 ,"3,451",0,212,533,"1,813",145,0,0,0,"6,154"
 73 ,"1,789",157,107,431,"1,995",801,0,54,0,"5,335"
 74 ,"2,811",151,186,171,"1,758",534,125,115,0,"5,849"
 75 ,"2,493",108,386,439,"3,040",777,115,74,79,"7,510"
 76 ,"2,495",78,219,318,"1,931",524,0,22,36,"5,622"
 77 ,"7,620",687,373,0,"3,235",941,0,320,0,"13,177"
 78 ,"3,782",53,406,222,"3,840",748,173,226,39,"9,488"
 79 ,"1,590",124,409,981,"1,498",720,255,105,0,"5,682"
 80 ,"4,853",25,553,724,"2,655","1,173",154,626,0,"10,764"
 81 ,"2,559",42,255,283,"2,179",799,238,273,183,"6,811"
 82 ,"2,260",626,479,735,"1,818","1,687",220,0,0,"7,823"
 83 ,"5,477",266,"1,193",678,"2,004","3,624",420,251,0,"13,913"
 84 ,"3,259",46,536,"2,498","2,108",683,0,132,0,"9,263"
 85 ,863,56,106,358,652,258,135,0,0,"2,427"
 86 ,636,45,8,69,296,489,24,16,0,"1,582"
 87 ,"3,684",617,136,369,"3,789","1,616",29,144,0,"10,384"
 88 ,"9,494",446,"1,235","3,202","5,413","3,301",432,0,0,"23,524"
 89 ,"3,891",0,483,185,"2,427",450,0,0,0,"7,437"
 90 ,"2,901",60,967,405,"2,163",560,83,0,0,"7,138"
 91 ,"3,096",519,324,251,722,"1,521",0,0,0,"6,433"
 92 ,826,19,164,85,282,174,0,0,0,"1,551"
 93 ,"2,641",122,107,41,"1,615",995,94,87,90,"5,793"
 94 ,"1,679",95,228,228,"1,019",288,55,0,0,"3,591"
 95 ,"3,318",153,0,"1,559","1,037","1,240",564,75,82,"8,028"
 96 ,935,344,292,328,799,481,274,0,0,"3,452"
 97 ,"3,063",284,566,"1,215","2,053",848,547,201,55,"8,831"
 98 ,"2,409","1,014",158,94,607,459,61,0,0,"4,800"
 99 ,"2,708",388,226,55,479,748,0,0,0,"4,603"
 100 ,"5,832",871,"1,085",796,"3,025","1,939","1,469",0,0,"15,017"
 101 ,"5,327",0,926,426,"1,476","2,176",136,294,72,"10,834"
 102 ,"2,867",42,371,135,"2,738",675,0,69,0,"6,897"
 103 ,618,0,23,58,489,168,6,18,0,"1,380"
 104 ,"2,164",104,83,96,863,343,13,26,0,"3,692"
 105 ,"3,397",165,114,737,"2,259",769,147,0,0,"7,588"
 106 ,"1,813",181,0,0,423,"1,379",0,0,0,"3,796"
 107 ,"5,388",268,438,962,"1,906",698,0,546,124,"10,329"
 108 ,"1,128",235,0,308,314,496,0,319,34,"2,834"
 109 ,"27,363","3,418",0,"2,201","12,564","10,248",0,325,900,"57,020"
 110 ,"21,663","3,797","1,702",0,"2,807","4,981",0,391,282,"35,623"
 111 ,"16,529","2,488",528,302,"4,921","2,333",293,0,0,"27,394"
 112 ,"8,953","1,702",358,165,"2,130","3,579",0,480,0,"17,368"
 113 ,"6,045",671,207,286,"1,509","2,147",0,759,324,"11,948"
 114 ,,,,,,,,,,
 115 ,"12,825","2,463",941,213,"3,338","4,508",139,0,0,"24,427"
 116 ,"46,384","3,319","2,899",0,"5,249","16,052",0,583,"1,088","75,573"
 117 ,"17,706","5,371","1,261",348,"3,839","7,393",0,"1,139",0,"37,057"
 118 ,"3,426",86,326,0,681,"1,187",74,595,494,"6,869"
 119 ,"22,661",0,"1,999",0,"3,624","9,555",348,"1,967",528,"40,681"
 120 ,,,,,,,,,,
 121 ,"20,571","4,415",0,0,"2,878","7,242",516,0,0,"35,622"
 122 ,"11,171","3,556",771,442,"1,873","4,067",0,"1,162","1,025","24,066"
 123 ,"17,189","2,491","1,828",0,"1,434","6,483",0,"1,160",446,"31,030"
 124 ,"15,953","1,437",770,0,"1,490","8,715",0,0,0,"28,365"
 125 ,"14,579","1,059",885,0,"4,636","5,488",178,0,0,"26,826"
 126 ,"13,900",913,275,106,"1,294","2,174",0,111,0,"18,773"
 127 ,"18,654",979,771,"1,741","2,530","3,743",0,777,442,"29,637"
 128 ,593,133,133,84,164,210,0,16,34,"1,365"
 129 ,899,298,213,0,168,267,20,52,0,"1,917"
 130 ,"1,373",603,100,44,79,910,44,72,0,"3,225"
 131 ,376,67,15,0,51,246,0,42,0,797
 132 ,,,,,,,,,,
 133 ,"11,500",0,0,"1,120","4,988","3,327","1,756",442,0,"23,133"
 134 ,"11,159",0,0,211,458,"2,899",0,215,0,"14,942"
 135 ,"8,324",929,"1,170","1,685","3,421","5,199",0,0,0,"20,728"
 136 ,"6,577","1,692","1,133",184,"4,122","3,600",345,0,0,"17,653"
 137 ,"11,590",651,"1,341",803,"2,181","7,018",301,272,0,"24,158"
 138 ,"3,510",259,257,0,"1,020",365,0,0,0,"5,411"
 139 ,"5,903","1,424",385,621,"1,400","3,264",233,522,0,"13,753"
 140 ,"11,441","1,006",778,579,"2,066","3,535",456,0,0,"19,862"
 141 ,"15,729","3,932","1,016",0,"4,379","10,785",556,"3,977","1,485","41,859"
 142 ,"21,916","3,513",455,0,210,"5,267",0,"1,934",0,"33,295"
 143 ,,,,,,,,,,
 144 ,"28,656","3,114","1,097","1,890","5,884","13,632","1,113",0,0,"55,386"
 145 ,"1,749",119,161,195,607,921,177,40,0,"3,967"
 146 ,,,,,,,,,,
 147 ,"7,545",226,"1,118","1,136",434,"2,335",360,558,0,"13,713"
 148 ,"5,223",58,629,756,"2,952",538,420,498,0,"11,073"
 149 ,,,,,,,,,,
 150 ,"15,101","3,608",318,0,511,"8,365",0,0,0,"27,903"
 151 ,"18,402","1,367",656,0,"6,457","14,739","1,640",0,0,"43,261"
 152 ,"9,582",911,"2,184",732,"3,691","2,534",180,0,0,"19,816"
 153 ,"4,249",0,150,763,"2,814","1,084",0,0,0,"9,060"
 154 ,"12,597",348,"2,159","1,269","1,094","7,071",570,198,0,"25,306"
 155 ,"6,907",540,153,0,"1,274","3,633",0,0,0,"12,506"
 156 ,"7,182",0,"1,023",169,"4,723","3,399",0,0,0,"16,496"
 157 ,"4,735",405,135,217,739,"1,881",0,82,0,"8,193"
 158 ,"13,420",223,0,302,"4,139","5,665",224,"2,045",0,"26,017"
 159 ,"17,630","1,201",0,198,"3,910","5,691",0,0,0,"28,630"
 160 ,"13,883",818,"1,324",733,"2,757","6,603",734,0,0,"26,853"
 161 ,"11,270","4,527",236,273,458,"10,158",0,0,0,"26,921"
 162 ,"2,906",277,162,871,"2,311","3,292",0,431,0,"10,250"
 163 ,"10,165","1,121",416,754,"6,045","3,916",114,0,0,"22,531"
 164 ,"1,805",0,259,0,576,"1,382",226,62,165,"4,476"
 165 ,940,215,47,0,46,375,0,23,40,"1,686"
 166 ,"6,685",0,"1,179","1,225","4,238",801,488,289,874,"15,779"
 167 ,"3,215",131,817,816,"1,932","1,190",578,217,0,"8,895"
 168 ,"5,111",175,800,"1,136","5,972",889,580,0,0,"14,663"
 169 ,"5,740",492,0,"1,226","2,325","2,640",0,586,0,"13,009"
 170 ,"7,612",693,"1,830","1,752","2,555","3,477",0,179,701,"18,800"
 171 ,"9,504",0,621,526,888,"4,927",0,435,0,"16,901"
 172 ,"5,411",459,727,0,"3,213","2,851",0,131,0,"12,792"
 173 ,"6,370",171,"1,136",310,"2,434","1,392",0,"1,124",131,"13,067"
 174 ,"15,306",449,502,449,"1,428","1,375",0,941,617,"21,068"
 175 ,"9,517",887,222,0,"1,108","4,602",103,713,0,"17,152"
 176 ,"13,547","1,195",0,419,"1,732","4,320",0,0,0,"21,213"
 177 ,"3,460",99,226,0,907,"2,216",0,0,0,"6,908"
 178 ,,,,,,,,,,
 179 ,,,,,,,,,,
 180 ,"16,437","4,663",338,"1,652","2,185","5,258",530,0,0,"31,063"
 181 ,"12,706",0,726,570,"3,586","5,499",0,702,0,"23,788"
 182 ,"12,074","1,356",563,550,"2,120","4,674",518,0,0,"21,853"
 183 ,"11,466",374,"1,027",0,"5,690","3,353",0,0,0,"21,910"
 184 ,"6,456",376,361,94,"2,380","1,345",0,152,0,"11,163"
 185 ,"7,983","1,253",258,0,923,"2,401",0,184,0,"13,002"
 186 ,"3,099",290,266,0,652,"1,259",71,0,0,"5,638"
 187 ,"11,073","2,355","1,119",324,"2,770","4,375",0,172,299,"22,486"
 188 ,"7,640","1,417","1,009",364,"1,529","3,185",0,0,0,"15,143"
 189 ,"11,632","1,075",842,0,"2,047","2,475",0,0,0,"18,072"
 190 ,"6,417",373,"1,485",711,"2,028","4,681",434,"1,750",0,"17,880"
 191 ,,,,,,,,,,
 192 ,"8,302",805,427,715,"1,988","3,382",0,509,919,"17,048"
 193 ,"5,601",0,369,0,"1,060","1,612",0,0,0,"8,642"
 194 ,"6,429",180,0,0,"1,702","2,475",175,0,0,"10,961"
 195 ,"14,764",85,703,245,"1,371","3,160",0,0,0,"20,328"
 196 ,"8,632","1,060",359,0,"1,056","3,536",0,0,0,"14,642"
 197 ,"5,689",0,539,187,"1,294","1,665",0,0,0,"9,374"
 198 ,"7,093",818,436,320,"1,060","1,816",137,162,0,"11,842"
 199 ,"28,787","1,598",0,396,728,"14,086",0,906,164,"46,664"
 200 ,"9,709",882,161,0,330,"3,265",0,0,0,"14,348"
 201 ,"19,420",366,"2,701",0,0,"6,124",0,0,0,"28,611"
 202 ,"18,259","1,699",745,637,"3,289","9,876",550,0,0,"35,055"
 203 ,"13,862","1,251",628,0,"1,727","7,516",0,922,0,"25,905"
 204 ,"23,540","4,822","2,048",525,"4,061","12,727",412,"1,070",535,"49,740"
 205 ,"26,874",619,"1,100",501,475,"13,664",0,"1,663","1,067","45,963"
 206 ,"9,712","3,168",327,489,"2,807","3,503",82,0,0,"20,087"
 207 ,"22,508","2,232","1,112",0,0,"8,874",0,344,0,"35,070"
 208 ,"9,519",500,"1,627","1,349","4,830","5,544",809,616,0,"24,796"
 209 ,"12,108","1,038","1,988",612,666,"6,661",724,563,0,"24,360"
 210 ,"6,526","1,229",542,598,"2,228","3,361",0,344,0,"14,827"
 211 ,"16,024",0,925,"1,750","2,517","7,191",638,0,0,"29,046"
 212 ,"9,659",475,0,"1,037","3,851","4,798","1,317",642,726,"22,505"
 213 ,"13,750","1,650",909,"1,416","1,898","7,363",0,0,0,"26,986"
 214 ,"6,949",481,0,508,"1,939","4,944",0,0,0,"14,822"
 215 ,"11,741",384,"2,158",480,"4,313","2,315",0,0,143,"21,534"
 216 ,"7,241","1,229",93,0,"2,036","4,249","1,163",0,0,"16,011"
 217 ,"7,518",0,432,241,321,"2,304",0,89,304,"11,208"
 218 ,"22,853","3,747",0,0,"1,294","2,074",753,0,0,"30,723"
 219 ,"11,650","1,842",658,"1,030","3,002","4,209",271,0,0,"22,660"
 220 ,"9,029",93,0,100,"4,367","3,097",717,0,0,"17,404"
 221 ,"12,184",804,0,818,"1,797","7,979",0,384,0,"23,966"
 222 ,"11,466","2,708","1,459","1,014","2,936","4,593",0,0,0,"24,176"
 223 ,"8,139","1,810",529,448,624,"2,027",0,0,0,"13,576"
 224 ,,,,,,,,,,
 225 ,"12,828",397,298,0,"3,546","4,324",0,293,0,"21,685"
 226 ,"23,173","2,559","2,077","1,561","2,186","5,221",484,0,0,"37,262"
 227 ,"16,294","3,140","1,977",0,"3,153","3,596",0,0,0,"28,160"
 228 ,"13,396",973,294,0,"3,473","8,369",0,0,0,"26,505"
 229 ,"42,367","5,045","1,289",0,"2,957","14,571",0,457,0,"66,686"
 230 ,"12,085","1,339",688,0,"1,733","8,053",0,837,0,"24,736"
 231 ,"12,497","1,886",217,0,"3,983","5,368",0,0,0,"23,952"
 232 ,"10,231","1,685",441,0,"1,973","6,812",0,0,441,"21,583"
 233 ,"16,888","2,614",497,0,"1,767","5,046",0,0,0,"26,812"
 234 ,"14,477","3,578",0,0,"3,762","9,934",0,0,0,"31,750"
 235 ,"16,112","2,299",0,236,"3,792","8,098",0,165,0,"30,703"
 236 ,"3,798",0,401,212,972,"1,234",0,0,0,"6,617"
 237 ,"3,503",213,174,894,558,582,99,210,0,"6,232"
 238 ,"4,538",95,111,331,"1,671","1,641",0,166,0,"8,553"
 239 ,"2,759",289,509,582,"1,831","1,827",170,0,159,"8,125"
 240 ,"5,240",137,376,787,"1,785","1,411",75,0,0,"9,811"
 241 ,"2,815",879,206,663,599,"1,227",49,60,32,"6,529"
 242 ,"6,903",924,97,375,"1,141","4,352",0,"2,086",958,"16,835"
 243 ,"16,552","1,748",536,722,"3,185","2,710",0,0,0,"25,453"
 244 ,"29,437","1,935",631,649,"1,948","4,426",618,0,0,"39,644"
 245 ,"5,603",716,516,0,"1,863","1,068",0,873,0,"10,639"
 246 ,"9,969",367,220,"1,386","2,491","2,095",0,87,355,"16,970"
 247 ,"28,694",0,0,0,0,"6,436",467,0,0,"35,597"
 248 ,,,,,,,,,,
 249 ,"11,213",0,476,0,459,"4,522",491,0,0,"17,161"
 250 ,"4,009",0,0,560,"4,269","2,551",116,0,78,"11,584"
 251 ,"4,772",395,"1,933",420,"1,236","1,313",0,862,0,"10,930"
 252 ,"4,805",222,522,142,"2,824","2,823",479,88,0,"11,904"
 253 ,"1,519",220,20,0,24,579,0,108,14,"2,485"
 254 ,"9,529",418,857,135,"5,841","1,728",314,126,142,"19,088"
 255 ,"12,618","1,047","2,790",979,"1,196","5,476","2,476",0,0,"26,582"
 256 ,"6,013",306,"1,055",0,"2,676","3,348",111,194,151,"13,855"
 257 ,"15,104",551,283,0,"4,399","4,639",283,0,0,"25,258"
 258 ,"15,860",0,0,0,"5,035","16,785",0,"1,045",0,"38,725"
 259 ,"12,334",265,0,0,566,"1,450",180,457,645,"15,898"
 260 ,"16,693","2,289",740,0,"2,490","5,478",0,0,0,"27,690"
 261 ,"11,816","4,346",0,0,"1,209","9,643",0,0,0,"27,013"
 262 ,"17,281","2,204",531,0,"6,624","7,381",0,904,0,"34,925"
 263 ,"16,556","2,319",0,0,"1,558","6,755",0,403,0,"27,592"
 264 ,"18,636","1,887",253,235,"6,291","7,428",0,"1,504",0,"36,235"
 265 ,"11,420","1,486",196,0,"1,553","6,241",349,0,0,"21,245"
 266 ,"4,926","1,180",405,85,"1,657","1,234",0,0,0,"9,486"
 267 ,"7,131","1,416",369,0,"1,447","3,101",0,179,0,"13,644"
 268 ,"2,499",338,225,314,"1,950","1,198",174,201,28,"6,927"
 269 ,"6,811",549,0,"2,087","1,871","2,410","2,095",0,0,"15,823"
 270 ,"1,943",272,483,90,"1,492","1,046",39,26,0,"5,391"
 271 ,,,,,,,,,,
 272 ,"4,905",162,279,563,"2,385","1,679",0,365,0,"10,338"
 273 ,"22,444","2,976",630,236,"2,732","5,352",290,222,0,"34,884"
 274 ,"10,966",0,"1,310",0,"2,575","3,452",0,218,0,"18,522"
 275 ,"12,860",566,"1,056",736,"2,716","3,135",344,0,0,"21,412"
 276 ,"30,616","3,070","1,954",0,"3,890","5,712",0,0,0,"45,240"
 277 ,"15,188",0,450,0,"4,206","7,875","2,702",0,"1,046","31,467"
 278 ,"35,349","6,831",514,"1,056","3,942","11,096",0,0,0,"58,788"
 279 ,"19,182","2,850","1,212",681,"6,335","7,219",0,126,126,"37,729"
 280 ,"5,705",0,907,0,"2,405","1,891",0,0,0,"10,909"
 281 ,"11,102",669,0,514,"2,773","2,144",0,"1,121",226,"18,549"
 282 ,"7,525",715,557,"2,940","2,531","2,432",0,0,0,"16,699"
 283 ,"6,399",0,130,189,"1,811","1,051",82,322,0,"9,984"
 284 ,"16,728",918,"1,206",0,"2,212","3,800",0,0,0,"24,864"
 285 ,"30,629","3,042",0,0,"5,443","13,597",0,435,"1,972","55,118"
 286 ,"3,173",49,314,0,748,"1,305",0,201,49,"5,839"
 287 ,"6,543",471,"1,377",194,"2,672",763,0,314,0,"12,334"
 288 ,"4,160",0,76,0,"1,485","2,722",0,0,0,"8,443"
 289 ,"13,692","1,281","2,104",0,"3,270","3,042",260,0,0,"23,649"
 290 ,"14,966",0,"1,772",0,"3,261","6,320",0,"1,051",496,"27,866"
 291 ,"16,033","1,365","1,257","1,386","3,611","16,615",0,0,0,"40,267"
 292 ,"21,969","3,016",133,236,"3,066","5,193",0,0,0,"33,612"
 293 ,"15,080","2,083","2,315",0,"5,415","4,847",0,0,0,"29,740"
 294 ,"17,505","2,093",637,"1,948","4,493","22,043",0,0,0,"48,720"
 295 ,"28,048","1,970","2,234",0,"6,067","21,134",0,"1,642",703,"61,798"
 296 ,"3,269","2,586",0,0,750,"2,595",0,0,0,"9,200"
 297 ,972,108,224,0,405,"1,024",0,45,0,"2,778"
 298 ,"29,715","1,277","1,826","1,493","7,913","28,164",0,"1,168","1,478","73,034"
 299 ,"3,080",369,95,0,95,"1,929",0,0,0,"5,568"
 300 ,,,,,,,,,,
 301 ,"10,411",0,816,"1,318","5,649","2,263",218,318,642,"21,636"
 302 ,"2,965",75,115,403,"1,733",424,329,0,0,"6,044"
 303 ,"5,291",0,320,482,"2,149","1,474",170,0,0,"9,887"
 304 ,"3,632",342,214,462,"1,395",906,255,74,0,"7,280"
 305 ,"28,920",974,0,0,"2,803","5,985",212,0,0,"38,895"
 306 ,"30,495","4,740","2,880","1,562","4,031","15,266","1,011",816,632,"61,432"
 307 ,"23,248","1,769",362,0,"1,447","5,332",0,0,0,"32,157"
 308 ,"28,192","9,941",0,0,"1,380","11,175",0,0,0,"50,688"
 309 ,"9,689","3,061",506,319,"1,099","2,276",0,438,0,"17,389"
 310 ,"17,316",541,"1,202",0,"3,397","5,484",348,202,202,"28,691"
 311 ,"6,468","1,099",182,227,964,"2,401",0,40,0,"11,380"
 312 ,"22,101","2,687",0,0,"1,528","10,118",0,0,0,"36,434"
 313 ,"11,516","1,389",682,510,"3,953","5,377",0,0,0,"23,426"
 314 ,"5,254",144,142,0,"1,544","2,752",0,0,0,"9,837"
 315 ,"20,511","3,573","1,134",0,"4,990","15,338",0,0,0,"45,545"
 316 ,"35,384","3,703","1,744",791,"3,495","13,073",442,0,0,"58,631"
 317 ,"2,198",494,319,658,"1,726",819,72,345,0,"6,630"
 318 ,535,84,33,269,98,43,283,67,0,"1,413"
 319 ,"3,497",631,0,689,"3,485","2,582",186,460,138,"11,667"
 320 ,"1,556",112,96,807,507,329,648,112,0,"4,167"
 321 ,"19,285","4,554",157,"2,020","2,888","7,354",982,"2,739",0,"39,979"
 322 ,"11,800","1,048",693,"1,540","5,785","2,370","1,235",197,0,"24,668"
 323 ,"18,450",502,381,398,"8,594","1,892",758,"1,676",667,"33,317"
 324 ,"22,674","3,311","4,928",884,"3,406","3,092","1,315",0,0,"39,610"
 325 ,"23,395","1,639",0,605,"9,146","3,920",0,0,0,"38,705"
 326 ,"11,546","1,600",0,542,"1,366","5,796",0,0,0,"20,850"
 327 ,"16,851","2,743",325,0,"6,961","1,693",0,0,0,"28,573"
 328 ,"5,786",28,490,"2,863","1,816",643,"1,567",921,68,"14,182"
 329 ,"5,744",384,776,414,"3,256","1,161",601,0,0,"12,338"
 330 ,"6,891",0,755,"3,582","3,561",500,384,701,0,"16,373"
 331 ,"12,103","1,016","3,195","3,363","1,313","3,945",0,346,0,"25,280"
 332 ,"9,072",336,622,156,696,"10,725",0,"1,698","1,759","25,064"
 333 ,"9,787",993,216,796,"2,800","7,371",0,237,0,"22,199"
 334 ,"6,265",124,737,971,"1,785","2,304",522,91,0,"12,799"
 335 ,"9,265",0,"1,680","2,420","5,736","5,514",784,0,0,"25,399"
 336 ,"7,897","1,993",460,"1,825","3,527","3,714",0,0,142,"19,558"
 337 ,"11,981",0,"1,044","1,032","5,418","4,501",729,0,0,"24,705"
 338 ,"7,222","1,353",820,453,"1,674","1,525",0,0,0,"13,047"
 339 ,"8,740","2,729",0,151,"1,434","5,587",0,345,0,"18,985"
 340 ,,,,,,,,,,
 341 ,"1,877",160,324,794,299,462,84,42,0,"4,041"
 342 ,"2,728",97,207,942,"1,109",474,0,0,0,"5,558"
 343 ,"7,481",861,806,"1,297","2,687",681,0,0,0,"13,814"
 344 ,932,0,141,216,450,525,257,0,0,"2,521"
 345 ,"10,438",663,554,758,"4,282","3,068","2,572",866,0,"23,202"
 346 ,"9,673","3,500",311,0,"1,311","4,142",0,0,0,"18,937"
 347 ,,,,,,,,,,
 348 ,"27,070","5,501","2,374",0,722,"4,549",0,764,0,"40,981"
 349 ,"2,202",0,128,134,193,"1,077",13,0,0,"3,746"
 350 ,,,,,,,,,,
 351 ,"15,715","2,721",613,0,0,"5,193",0,0,0,"24,242"
 352 ,"26,074",860,"2,114",0,431,"8,213",0,804,0,"38,496"
 353 ,,,,,,,,,,
 354 ,,,,,,,,,,
 355 ,,,,,,,,,,
 356 ,"11,982","2,064","3,080",0,"2,517","4,768",0,0,0,"24,411"
 357 ,"24,821",983,752,0,56,"11,469",0,0,0,"38,081"
 358 ,"1,259",643,0,0,156,275,0,54,0,"2,387"
 359 ,"11,252",161,"1,377",0,736,"5,030",0,0,0,"18,555"
 360 ,"2,284",0,532,"1,315","5,195",762,342,0,0,"10,430"
 361 ,"5,005",0,188,0,"1,016","4,991",0,0,0,"11,199"
 362 ,"3,316",0,118,0,782,"1,642",0,0,0,"5,859"
 363 ,"4,916",154,803,206,"2,568",706,0,170,232,"9,756"
 364 ,"13,916",0,641,917,"1,980","6,923",0,0,0,"24,378"
 365 ,"2,551",273,0,29,511,965,76,35,53,"4,492"
 366 ,"3,084",48,203,85,520,541,128,8,0,"4,616"
 367 ,"13,039",0,251,501,"1,209","2,519",0,0,0,"17,519"
 368 ,"11,204",154,368,275,"1,200","1,876",442,124,0,"15,644"
 369 ,"12,643",530,313,0,"1,459","3,597",223,0,0,"18,766"
 370 ,"17,074",0,995,423,"7,469","5,501",253,408,0,"32,122"
 371 ,"31,992","1,209",551,0,"3,281","9,041",0,714,0,"46,787"
 372 ,"20,998",306,0,776,"1,409","6,772",574,326,276,"31,437"
 373 ,"17,942",165,"1,504",0,"2,671","6,656",0,177,0,"29,115"
 374 ,"11,325",642,"1,030",0,"2,146","8,038",0,284,0,"23,465"
 375 ,,,,,,,,,,
 376 ,"19,796","1,897","1,024",0,"6,005","9,534",346,0,0,"38,603"
 377 ,"13,732",0,"1,000",0,"2,670","4,550",226,174,0,"22,352"
 378 ,"44,457",412,467,"2,795","4,788","24,282",0,"2,382","1,080","80,663"
 379 ,"24,461","2,426",0,0,"3,730","12,242",0,0,0,"42,859"
 380 ,"19,342",721,0,223,"1,261","5,887",485,301,205,"28,426"
 381 ,"35,364",0,229,0,"2,751","8,517",0,984,467,"48,313"
 382 ,,,,,,,,,,
 383 ,"24,216",977,"1,348",0,"5,276","13,094",0,469,"2,061","47,442"
 384 ,"25,083","2,713",0,134,"2,406","13,509",0,0,0,"43,845"
 385 ,"11,475",322,701,0,189,"3,892",0,0,0,"16,578"
 386 ,,,,,,,,,,
 387 ,"1,173",0,0,0,123,"1,082",0,0,0,"2,378"
 388 ,"21,934","1,657","1,295",440,"3,959","9,188",0,0,0,"38,474"
 389 ,"1,380",0,328,0,"1,218",661,333,570,0,"4,490"
 390 ,"9,502",821,493,139,"1,047","6,536",0,0,0,"18,537"
 391 ,"1,612",128,0,0,410,"1,742",0,215,0,"4,106"
 392 ,,,,,,,,,,
 393 ,,,,,,,,,,
 394 ,"17,808","3,199","1,200","1,669","2,414","11,914",0,"1,462","2,019","41,685"
 395 ,,,,,,,,,,
 396 ,"26,905","5,365",417,0,"4,562","10,944",0,0,0,"48,193"
 397 ,"5,671",570,736,0,469,"3,411",0,0,0,"10,857"
 398 ,"21,782",817,"2,575",0,"7,282","10,161",362,0,0,"42,979"
 399 ,"26,051","3,419","1,657","1,098","3,972","12,599",0,0,0,"48,796"
 400 ,"17,851","2,301",445,108,"3,299","6,634",0,702,0,"31,340"
 401 ,"29,272","1,909","2,447",556,"2,598","13,308",303,410,429,"51,232"
 402 ,"20,127","3,393",710,0,"3,385","8,251",719,426,194,"37,204"
 403 ,"41,939","1,696","2,804",0,"3,516","5,499",0,357,0,"55,810"
 404 ,"38,572","4,855","6,266","3,291","6,787","15,873","1,126","1,415",0,"78,185"
 405 ,"7,563",336,181,0,789,"2,429",176,0,0,"11,474"
 406 ,"4,365",350,345,0,657,"2,446",0,0,0,"8,163"
 407 ,"16,625",485,"3,316",0,"5,940","4,503",267,"1,908",0,"33,044"
 408 ,"8,530",644,867,0,"2,393","4,215",332,619,0,"17,600"
 409 ,"5,050","1,754","1,165",0,"4,713","3,439",672,392,0,"17,185"
 410 ,"32,786","4,159",754,778,"1,892","14,256",0,412,0,"55,039"
 411 ,"11,467","1,537",381,287,"1,634","7,981",343,"1,101",0,"24,729"
 412 ,"3,039",131,139,299,"1,121","3,549",516,118,0,"8,911"
 413 ,"3,003",633,172,0,572,"1,425",0,71,71,"5,946"
 414 ,"3,441",0,885,130,"1,143","3,032",0,130,0,"8,760"
 415 ,"10,789",212,868,158,"2,462","3,679",114,0,0,"18,282"
 416 ,"5,088",0,221,0,"1,427","2,830",0,0,0,"9,567"
 417 ,,,,,,,,,,
 418 ,"4,626",303,272,0,798,"3,969",215,0,0,"10,184"
 419 ,,,,,,,,,,
 420 ,"1,182",136,858,88,"1,261","1,999",0,0,263,"5,786"
 421 ,,,,,,,,,,
 422 ,"6,065",888,968,258,"1,530","3,326",0,583,0,"13,618"
 423 ,,,,,,,,,,
 424 ,"10,041",0,"1,379",0,"5,845","3,112","1,320",0,0,"21,697"
 425 ,"13,993","1,814",450,696,"5,045","4,708",0,0,0,"26,706"
 426 ,"6,433",451,"1,077",270,"4,379","1,836",0,0,0,"14,446"
 427 ,"1,986",216,80,32,604,761,0,0,0,"3,679"
 428 ,"4,188",72,"1,099",79,"1,772","1,404",230,0,0,"8,842"
 429 ,"22,082","1,060","1,226","3,072","6,028","2,982","1,089","2,370",287,"40,195"
 430 ,"13,386",122,251,0,"2,083","2,373",0,0,0,"18,214"
 431 ,"7,350",0,128,381,"2,565","1,781",125,280,158,"12,769"
 432 ,"7,472",657,365,0,747,"2,507",0,0,0,"11,747"
 433 ,"10,405",75,362,371,"3,329","1,467",215,698,0,"16,921"
 434 ,"13,462","1,297",923,923,"4,009","5,800",0,496,0,"26,908"
 435 ,"17,450",721,"1,901",0,"1,747","5,172",0,158,0,"27,148"
 436 ,"14,318","3,436",430,440,"3,382","8,569",0,0,452,"31,026"
 437 ,"14,308",218,0,0,"3,903","3,508",0,0,0,"21,936"
 438 ,"26,600","1,685","5,766","3,300","8,519","6,742",724,0,0,"53,336"
 439 ,"34,348","7,908","2,967","1,624","4,763","10,911",804,0,0,"63,325"
 440 ,"38,556","5,930",209,0,"2,967","12,208",923,0,0,"60,793"
 441 ,593,29,120,36,71,258,20,0,0,"1,125"
 442 ,"16,051",959,"1,487",351,0,"2,605",0,0,0,"21,452"
 443 ,"31,256","1,028","2,492",732,"4,371","10,689",0,930,195,"51,694"
 444 ,"43,943","10,469",810,0,"2,087","10,478",0,367,278,"68,432"
 445 ,"28,955",0,"3,843",711,"2,438","4,695",0,0,501,"41,143"
 446 ,"7,902",791,0,0,"2,150","1,217",0,0,0,"12,060"
 447 ,"18,946","1,127",533,0,"3,017","13,010",0,0,0,"36,633"
 448 ,"7,604",785,225,245,"1,160","1,556",0,0,0,"11,575"
 449 ,"4,768",522,77,0,60,"1,084",0,0,0,"6,512"
 450 ,"5,151",344,386,0,120,"1,270",0,0,0,"7,272"
 451 ,"9,500","1,441",524,0,"2,166","1,902",947,167,0,"16,647"
 452 ,"25,237","1,451","1,246",0,"5,483","14,774",686,394,0,"49,270"
 453 ,"12,720","1,965","1,114",308,"5,239","6,401",411,763,0,"28,922"
 454 ,"10,247","2,276",909,0,"5,895","4,058",0,902,0,"24,288"
 455 ,"14,306","3,775",0,"1,265","7,195","4,173",361,584,158,"31,816"
 456 ,"28,127","1,132","2,041",617,"6,345","5,837","1,314",0,0,"45,413"
 457 ,"41,193","3,171","3,726",411,"13,522","18,161",361,411,0,"80,956"
 458 ,"17,163",0,"2,875",0,"8,195","13,656",974,0,0,"42,862"
 459 ,"14,169","2,564",929,0,879,"2,999",0,0,0,"21,540"
 460 ,"5,456",679,563,0,504,"1,825",0,190,0,"9,217"
 461 ,,,,,,,,,,
 462 ,"48,030","1,713","1,355",0,"3,310","15,101",937,0,0,"70,447"
 463 ,"16,620",184,"2,978",435,"3,518","8,576","2,626",587,0,"35,523"
 464 ,"27,247","2,492",0,0,"6,762","9,681",994,0,0,"47,176"
 465 ,"36,852","2,279","1,758",0,"1,798","6,595",0,0,0,"49,282"
 466 ,"18,374","1,713",0,577,"1,070","4,147",0,0,0,"25,880"
 467 ,"21,624","4,929","1,302",0,"3,033","4,853",0,0,0,"35,741"
 468 ,"26,143",0,"1,641","2,447","4,916","1,749",0,742,0,"37,637"
 469 ,"14,255",384,841,426,"2,173","8,878",0,312,0,"27,270"
 470 ,"19,102",283,0,0,"9,536","12,792",0,0,814,"42,527"
 471 ,"16,792",387,0,0,"2,001","6,521",381,0,934,"27,017"
 472 ,"17,225","3,794",322,0,"1,032","4,175",0,"1,387",252,"28,187"
 473 ,"24,414","7,236","4,513","1,512","5,038","13,957","1,381",0,"1,781","59,832"
 474 ,"15,727","1,850",638,381,"2,335","3,303",264,"2,170",0,"26,668"
 475 ,"5,721",250,427,27,344,"1,668",58,333,0,"8,826"
 476 ,"28,509","1,058","2,454",533,"11,777","23,651",0,352,352,"68,686"
 477 ,956,28,0,66,180,"1,370",0,0,0,"2,599"
 478 ,"2,469",0,122,0,84,948,0,0,0,"3,624"
 479 ,"2,642",624,"1,450",130,872,"1,996",0,123,0,"7,837"
 480 ,"8,322",599,"1,099",0,"5,342","6,219",0,211,0,"21,791"
 481 ,"4,724",429,621,0,"1,041","3,266",0,215,0,"10,295"
 482 ,968,52,97,0,290,875,0,0,0,"2,283"
 483 ,"4,794",498,787,104,748,"4,547",93,0,0,"11,571"
 484 ,,,,,,,,,,
 485 ,,,,,,,,,,
 486 ,"31,661",0,"4,608","4,011","5,841","13,706",267,0,0,"60,094"
 487 ,"15,055","1,429","3,536","1,685","4,278","5,930",0,"1,235","1,602","34,749"
 488 ,,,,,,,,,,
 489 ,,,,,,,,,,
 490 ,"13,461","1,094","1,835",725,"2,172","4,498",0,0,0,"23,785"
 491 ,"22,627","2,660","1,206",0,728,"8,621",0,0,0,"35,841"
 492 ,"7,424",377,997,335,"1,295","3,157",0,0,0,"13,585"
 493 ,905,139,73,196,566,328,0,0,0,"2,208"
 494 ,"37,657","3,490",797,311,"3,764","18,006",0,0,0,"64,025"
 495 ,"30,753","1,435","1,522",378,"3,708","9,954",0,0,0,"47,750"
 496 ,"13,497","2,433",0,436,"2,067","13,957",437,0,0,"32,826"
 497 ,"11,283",873,0,242,"1,883","2,923",131,0,0,"17,334"
 498 ,"9,167",0,509,"2,663","3,855","8,936",293,0,0,"25,423"
 499 ,"1,606",105,153,0,432,308,32,228,0,"2,864"
 500 ,"5,881",281,207,0,"3,128",822,115,281,0,"10,713"
 501 ,"14,711",0,357,643,"3,515","1,836",576,0,0,"21,638"
 502 ,"16,448",315,"5,123",168,"3,533","4,818",681,"3,341",0,"34,426"
 503 ,"12,369","1,602",647,0,"2,915","3,718",151,240,317,"21,959"
 504 ,"27,686",0,0,269,963,"7,716",0,0,0,"36,634"
 505 ,"36,315","6,101","3,191",0,"11,326","9,366",401,599,599,"67,899"
 506 ,"23,751","2,632",608,0,"9,336","6,358",0,0,355,"43,041"
 507 ,"4,952",432,20,99,"1,223",597,0,0,0,"7,324"
 508 ,"5,613",520,359,0,"1,180","1,238",0,158,0,"9,068"
 509 ,"35,457","1,477",732,331,"5,883","14,205",0,273,0,"58,358"
 510 ,"14,072",367,598,388,"2,661","2,922",0,0,0,"21,009"
 511 ,"15,828","1,648",723,568,"1,376","4,747",0,615,240,"25,745"
 512 ,"12,328",423,0,0,"1,454","3,109",0,151,232,"17,698"
 513 ,"1,649",408,270,0,641,"1,042",321,112,112,"4,554"
 514 ,"25,419",501,677,0,"7,064","14,022",0,677,0,"48,360"
 515 ,"2,616",254,181,43,"2,072",446,143,49,41,"5,845"
 516 ,"4,498","1,472",419,"4,652","1,701","5,167",287,572,0,"18,768"
 517 ,"5,008",509,855,"2,094","2,131","1,435","1,093",406,0,"13,532"
 518 ,"42,848","6,807","3,935","1,576","2,222","13,740","1,146","3,921",986,"77,180"
 519 ,"1,965",101,0,0,133,"1,019",0,0,0,"3,217"
 520 ,,,,,,,,,,
 521 ,"10,702","2,039","1,358",342,"1,759","7,473",0,519,0,"24,192"
 522 ,"17,473",855,"2,992","2,052",525,"5,754",0,0,0,"29,652"
 523 ,"1,066",49,101,146,661,571,42,77,0,"2,712"
 524 ,"26,555","3,632","2,668",0,"7,170","9,598",0,0,0,"49,624"
 525 ,"35,152","3,800","2,292",961,"7,625","6,502",0,0,0,"56,332"
 526 ,"37,472","2,160","6,034","5,279","12,212","9,230","1,845","5,042",0,"79,273"
 527 ,"3,622",182,"1,295",148,377,"1,591",0,709,105,"8,028"
,,,,,,,,,,
 TOTAL RMSP ,"5,590,064","526,855","371,422","238,417","1,235,722","2,142,011","104,698","138,276","49,295","10,396,760"
,,,,,,,,,,
Fonte:  Metrô/SP - Pesquisa Origem e Destino 2023,,,,,,,,,, -   
