origem,destino,tempo_medio_min,n_amostras
1,2,8.666666666666666,15
1,3,7.916666666666667,12
1,5,12.214285714285714,14
1,6,15.125,8
1,16,19.4,5
1,24,20.6,5
1,26,28.0,5
1,27,32.0,5
1,31,21.857142857142858,7
1,34,24.0,5
1,35,25.0,5
1,36,25.375,8
1,41,26.0,5
1,79,37.0,5
1,152,34.0,5
1,257,63.0,5
2,1,9.266666666666667,15
2,3,22.0,12
2,6,20.454545454545453,11
2,7,15.0,10
2,12,27.0,5
2,17,13.11111111111111,9
2,18,26.0,5
2,24,21.5,8
2,129,24.0,5
3,1,7.6923076923076925,13
3,2,20.0,12
3,5,25.0,6
3,24,14.0,8
3,27,17.333333333333332,9
3,32,27.0,5
4,1,16.0,5
4,5,10.714285714285714,7
4,25,14.166666666666666,6
4,26,13.333333333333334,12
4,31,25.0,5
5,1,13.357142857142858,14
5,3,20.833333333333332,6
5,4,10.714285714285714,7
5,6,12.846153846153847,13
5,9,22.5,6
5,31,16.5,10
5,35,19.285714285714285,7
5,36,30.0,6
5,41,28.0,5
5,49,27.0,5
5,54,30.0,5
5,62,24.166666666666668,6
5,80,27.5,6
5,93,23.0,14
5,194,74.0,5
5,301,38.0,5
6,1,15.0,8
6,2,20.5,10
6,5,13.307692307692308,13
6,35,18.636363636363637,11
7,1,17.0,5
7,2,15.0,10
7,8,19.53846153846154,13
7,9,12.458333333333334,24
7,12,26.428571428571427,7
7,35,16.11111111111111,9
8,7,15.375,8
8,37,17.77777777777778,18
8,136,23.333333333333332,6
9,5,19.0,5
9,7,12.173913043478262,23
9,10,12.333333333333334,6
9,12,14.0,5
9,131,15.0,5
10,9,11.333333333333334,6
10,11,9.0,15
10,12,13.028571428571428,35
10,16,15.0,6
10,130,19.2,5
10,131,14.166666666666666,6
11,10,7.857142857142857,14
11,12,12.333333333333334,30
11,14,16.0,5
11,38,9.523809523809524,21
11,39,17.142857142857142,7
11,42,17.428571428571427,7
11,164,8.571428571428571,7
11,177,40.0,5
12,2,27.0,5
12,7,21.875,8
12,9,17.0,5
12,10,12.5625,32
12,11,11.5,30
12,13,9.823529411764707,17
12,14,16.681818181818183,22
12,17,22.666666666666668,6
12,38,17.12,25
12,42,17.416666666666668,12
12,130,38.57142857142857,7
12,165,17.0,5
13,12,11.352941176470589,17
13,14,10.5,20
13,15,16.636363636363637,11
14,12,15.761904761904763,21
14,13,10.4,20
14,15,11.538461538461538,13
14,16,15.833333333333334,6
14,17,16.47826086956522,23
14,38,20.875,8
14,41,17.90909090909091,11
14,42,14.8,20
15,13,15.909090909090908,11
15,14,12.533333333333333,15
15,16,23.0,5
15,43,16.25,8
16,1,15.4,5
16,10,17.5,6
16,14,18.0,6
16,15,21.0,5
16,17,12.75,36
16,18,21.0,8
16,41,19.4,5
17,2,12.222222222222221,9
17,12,16.666666666666668,6
17,14,14.772727272727273,22
17,15,17.0,5
17,16,12.277777777777779,36
17,39,29.166666666666668,6
17,41,20.0,5
18,2,25.4,5
18,12,19.0,5
18,16,21.166666666666668,6
18,19,13.428571428571429,14
18,43,20.0,6
18,45,17.083333333333332,12
18,241,30.0,5
19,18,13.0,14
19,20,15.75,8
19,50,13.090909090909092,11
19,51,14.285714285714286,7
19,237,27.5,6
20,19,11.375,8
20,22,18.0,5
20,24,13.75,8
21,23,18.333333333333332,6
21,24,16.4,10
21,49,17.0,5
21,240,19.0,5
22,20,14.0,5
22,21,9.4,5
22,23,10.727272727272727,11
22,24,12.857142857142858,7
22,27,24.0,5
22,49,5.0,7
22,53,26.0,5
23,21,20.333333333333332,6
23,22,11.0,12
23,24,11.25,8
24,1,18.6,5
24,2,19.375,8
24,3,15.0,7
24,20,13.75,8
24,21,14.4,10
24,22,12.25,8
24,23,11.428571428571429,7
24,27,25.0,6
24,49,24.0,5
24,63,18.333333333333332,6
25,4,14.0,5
25,27,13.0,8
25,29,11.666666666666666,6
25,31,9.857142857142858,7
26,1,28.0,5
26,4,13.928571428571429,14
26,27,14.642857142857142,14
26,29,12.142857142857142,7
27,1,33.333333333333336,6
27,3,17.77777777777778,9
27,22,23.0,5
27,24,21.333333333333332,6
27,25,13.625,8
27,26,13.846153846153847,13
27,28,12.481481481481481,27
27,29,13.285714285714286,7
27,31,19.285714285714285,7
27,32,26.11111111111111,9
27,41,42.857142857142854,7
27,53,28.0,5
27,55,23.0,5
27,57,13.076923076923077,13
27,58,32.142857142857146,7
27,62,20.0,5
27,73,50.0,5
27,74,12.5,12
27,75,15.285714285714286,7
27,76,16.666666666666668,6
27,78,20.555555555555557,9
27,79,16.25,12
27,80,30.142857142857142,7
27,83,34.166666666666664,6
27,275,50.0,5
27,323,42.5,6
28,27,13.26086956521739,23
28,29,9.421052631578947,19
28,30,35.0,5
28,31,24.5,10
28,32,16.0,10
28,34,25.0,6
28,57,17.5,14
28,74,9.222222222222221,18
28,75,16.928571428571427,14
28,78,11.4,5
28,79,16.1,10
28,83,31.375,8
28,278,92.0,5
29,25,11.666666666666666,6
29,26,12.5,8
29,27,13.285714285714286,7
29,28,11.428571428571429,21
29,30,18.0,5
29,31,20.833333333333332,12
29,32,12.4,15
29,33,28.8,5
29,36,23.0,5
29,40,39.0,5
29,54,20.0,5
29,56,22.5,6
29,57,15.555555555555555,9
29,62,18.88888888888889,9
29,68,26.875,8
29,70,54.0,5
29,74,9.5,10
29,78,11.466666666666667,15
29,79,13.823529411764707,17
29,80,24.444444444444443,9
29,81,25.22222222222222,9
29,82,35.0,5
29,84,26.0,5
29,88,35.714285714285715,7
29,89,26.0,5
29,93,22.714285714285715,7
30,28,34.0,5
30,29,17.142857142857142,7
30,31,12.620689655172415,29
30,32,14.8,10
30,33,15.0,16
30,34,11.254901960784315,51
30,35,12.727272727272727,11
30,36,16.68,25
30,54,31.666666666666668,6
30,80,22.0,5
30,83,19.0,5
30,84,20.625,8
30,85,15.0,8
30,87,26.25,8
30,340,45.0,6
31,1,25.0,6
31,4,19.285714285714285,7
31,5,19.0,10
31,25,10.0,7
31,27,28.88888888888889,9
31,28,26.11111111111111,9
31,29,16.272727272727273,11
31,30,11.75,32
31,32,18.5,20
31,33,11.666666666666666,6
31,34,19.09090909090909,11
31,35,15.5,8
31,36,22.77777777777778,9
31,51,37.0,5
31,58,46.714285714285715,7
31,73,46.0,5
31,74,22.857142857142858,7
31,75,35.0,5
31,78,19.272727272727273,11
31,79,19.23076923076923,13
31,80,25.0,8
31,81,28.0,5
31,82,31.666666666666668,6
31,83,22.857142857142858,7
31,87,29.375,8
31,88,26.333333333333332,6
31,90,36.42857142857143,7
31,93,16.666666666666668,6
31,97,37.22222222222222,9
31,340,51.6,5
32,27,24.375,8
32,28,15.5,10
32,29,11.384615384615385,13
32,30,14.636363636363637,11
32,31,18.863636363636363,22
32,34,17.142857142857142,7
32,57,19.0,5
32,62,27.0,10
32,68,30.0,5
32,73,49.0,5
32,74,19.076923076923077,13
32,75,23.166666666666668,6
32,76,17.5,6
32,77,21.5,10
32,78,13.0,15
32,79,13.26923076923077,26
32,81,21.666666666666668,15
32,83,26.0,5
32,87,24.375,8
32,340,52.0,5
33,29,27.4,5
33,30,15.789473684210526,19
33,31,10.333333333333334,6
33,34,13.2,5
33,79,15.714285714285714,7
33,88,12.0,5
33,93,15.166666666666666,6
34,1,23.333333333333332,6
34,30,11.466666666666667,45
34,31,15.833333333333334,12
34,32,18.125,8
34,33,9.8,5
34,35,17.2,10
34,36,11.625,24
34,77,14.166666666666666,6
34,79,30.0,11
34,84,15.0,5
34,85,12.375,8
35,5,18.333333333333332,6
35,6,17.692307692307693,13
35,7,16.666666666666668,9
35,30,14.384615384615385,13
35,31,17.875,8
35,34,19.444444444444443,9
35,36,11.055555555555555,18
35,37,18.0,6
35,84,27.0,5
36,1,22.857142857142858,7
36,5,24.0,5
36,29,25.0,5
36,30,18.88,25
36,31,22.0,9
36,34,10.875,24
36,35,11.31578947368421,19
36,37,16.875,8
36,54,33.0,5
36,79,24.0,5
36,91,19.0,5
36,92,16.666666666666668,15
36,93,11.4,15
37,7,15.555555555555555,9
37,8,17.5,14
37,35,18.6,5
37,36,17.857142857142858,7
37,91,24.0,5
37,92,10.0,7
37,93,11.428571428571429,7
37,137,22.0,5
38,11,10.2,20
38,12,14.681818181818182,22
38,14,16.25,8
38,39,13.0,7
38,42,15.181818181818182,11
39,11,25.833333333333332,6
39,17,28.6,5
39,38,14.428571428571429,7
39,41,11.655172413793103,29
39,42,17.647058823529413,17
39,166,31.2,5
39,167,20.8,5
39,168,23.6,10
40,29,35.0,5
40,41,17.333333333333332,15
40,43,12.4,45
40,45,20.0,12
40,48,15.833333333333334,30
40,254,15.833333333333334,6
41,1,26.0,5
41,14,19.363636363636363,11
41,16,17.833333333333332,6
41,17,21.666666666666668,6
41,27,40.625,8
41,39,11.25,28
41,40,17.666666666666668,15
41,42,10.23076923076923,13
41,43,18.928571428571427,14
41,45,30.0,6
41,166,21.0,5
41,167,20.75,8
41,168,15.0,9
41,169,32.0,5
42,11,17.142857142857142,7
42,12,17.0,12
42,14,14.3,20
42,38,18.181818181818183,11
42,39,19.133333333333333,15
42,41,10.142857142857142,14
43,15,15.222222222222221,9
43,18,20.0,6
43,31,49.0,5
43,40,11.886363636363637,44
43,41,18.846153846153847,13
43,44,9.666666666666666,15
43,45,15.206896551724139,58
43,46,24.0,5
43,47,8.909090909090908,11
43,48,13.333333333333334,9
43,73,68.0,5
43,167,21.666666666666668,6
43,168,26.571428571428573,7
43,169,18.0,5
43,228,73.0,5
43,254,24.666666666666668,6
44,43,9.333333333333334,15
44,45,14.5,10
44,46,14.0,6
44,47,8.8,10
44,253,29.6,5
44,254,17.5,6
45,18,20.363636363636363,11
45,40,23.0,13
45,41,34.285714285714285,7
45,43,15.39655172413793,58
45,44,12.5,10
45,47,11.857142857142858,7
45,253,21.294117647058822,17
45,254,17.22222222222222,9
46,43,24.0,5
46,44,10.666666666666666,6
46,47,12.857142857142858,7
46,48,15.6,5
46,254,21.875,8
46,256,31.0,5
47,43,9.090909090909092,11
47,44,8.8,10
47,45,11.571428571428571,7
47,46,14.571428571428571,7
47,254,14.666666666666666,6
48,40,15.5,30
48,43,12.142857142857142,7
48,46,17.0,5
48,166,12.857142857142858,7
48,167,23.333333333333332,6
48,168,18.428571428571427,14
48,169,39.166666666666664,6
48,210,16.666666666666668,6
48,239,30.0,5
49,5,27.0,5
49,21,17.0,5
49,22,5.0,7
49,24,22.0,5
49,52,10.727272727272727,11
49,55,16.785714285714285,14
49,56,16.75,16
49,58,21.25,8
49,74,19.0,5
49,77,30.0,8
50,19,14.2,10
50,51,8.772727272727273,22
50,53,18.0,5
50,73,43.0,5
51,19,14.285714285714286,7
51,50,8.863636363636363,22
51,53,12.727272727272727,11
51,54,14.5,6
51,55,11.428571428571429,7
51,58,15.0,5
51,61,21.2,5
51,86,31.0,5
51,240,15.0,7
52,49,9.666666666666666,9
52,53,15.714285714285714,7
52,54,19.166666666666668,6
52,55,13.333333333333334,6
53,22,28.0,5
53,27,30.0,5
53,51,15.454545454545455,11
53,52,15.0,6
53,54,12.5,8
53,55,18.77777777777778,9
53,56,21.25,8
53,58,19.583333333333332,12
53,59,24.166666666666668,6
54,5,28.0,5
54,27,26.0,5
54,29,21.0,5
54,30,35.0,5
54,36,37.0,5
54,51,14.666666666666666,6
54,52,16.5,6
54,53,15.0,10
54,55,13.444444444444445,9
54,56,12.307692307692308,13
54,57,20.555555555555557,9
54,58,14.0,9
54,59,31.625,8
54,61,17.454545454545453,11
54,62,23.4375,16
54,63,12.0,5
54,87,43.0,5
54,236,27.0,5
54,269,27.5,6
55,49,17.5,14
55,51,13.333333333333334,6
55,52,11.666666666666666,6
55,53,17.5,12
55,54,13.88888888888889,9
55,56,15.608695652173912,23
55,58,23.0,5
55,61,20.833333333333332,6
55,79,30.833333333333332,6
56,29,23.333333333333332,6
56,49,17.6875,16
56,53,17.375,8
56,54,12.307692307692308,13
56,55,15.045454545454545,22
56,57,16.818181818181817,11
56,58,14.375,8
56,61,18.666666666666668,6
56,62,14.8,10
57,27,11.25,16
57,28,17.272727272727273,11
57,29,15.0,9
57,32,20.0,6
57,54,21.11111111111111,9
57,56,16.0,10
57,62,7.25,8
57,67,15.0,5
57,68,27.0,5
57,74,11.666666666666666,12
57,75,13.857142857142858,7
57,76,27.5,10
57,78,15.11111111111111,9
57,79,21.666666666666668,12
57,322,42.0,5
58,27,29.166666666666668,6
58,31,45.333333333333336,6
58,49,22.77777777777778,9
58,51,15.0,5
58,53,16.923076923076923,13
58,54,14.636363636363637,11
58,55,21.0,5
58,56,12.857142857142858,7
58,59,17.2,5
58,61,10.0,10
58,246,25.0,5
58,250,10.5,8
58,251,12.6,5
58,278,91.66666666666667,6
59,52,26.0,5
59,53,24.166666666666668,6
59,54,30.875,8
59,58,14.4,5
59,60,13.333333333333334,6
59,61,25.0,7
59,250,10.5,10
59,275,21.11111111111111,9
60,59,12.857142857142858,7
60,64,14.0,10
60,270,14.0,5
60,275,15.0,6
61,51,21.0,5
61,54,20.181818181818183,11
61,55,20.0,7
61,56,18.666666666666668,6
61,58,10.777777777777779,9
61,59,21.25,8
61,250,12.5,8
62,5,25.166666666666668,6
62,27,19.0,5
62,29,18.333333333333332,9
62,32,31.625,8
62,54,22.8125,16
62,56,14.222222222222221,9
62,57,8.3,10
62,63,13.166666666666666,12
62,67,10.833333333333334,6
62,74,15.0,7
62,75,16.416666666666668,12
62,81,23.0,5
62,268,24.285714285714285,7
63,24,17.5,6
63,54,12.0,5
63,62,13.583333333333334,12
63,64,18.545454545454547,11
63,65,12.666666666666666,6
63,66,21.5,10
63,68,16.875,8
63,77,36.666666666666664,6
64,60,15.5,10
64,63,13.75,12
64,65,10.842105263157896,19
64,66,12.5,38
64,67,21.25,8
64,68,25.0,8
64,69,22.5,8
64,71,25.833333333333332,6
64,73,27.142857142857142,7
64,81,28.0,5
64,102,38.2,5
64,268,25.714285714285715,7
64,269,14.571428571428571,7
64,270,14.0,11
64,302,29.166666666666668,6
64,304,43.0,5
64,305,56.0,5
64,322,42.0,5
65,63,12.666666666666666,6
65,64,10.0,18
65,66,10.142857142857142,21
65,67,13.4,20
65,68,17.5,8
65,69,20.0,9
65,70,10.0,9
65,73,22.09090909090909,11
65,74,18.0,6
65,75,18.5,6
65,76,21.875,8
65,77,39.285714285714285,7
65,268,20.833333333333332,6
65,269,26.428571428571427,7
65,323,34.0,5
66,63,20.0,9
66,64,12.868421052631579,38
66,65,9.95,20
66,68,20.0,8
66,69,23.333333333333332,9
66,70,10.0,9
66,268,29.166666666666668,12
66,269,24.666666666666668,6
66,270,15.384615384615385,13
66,502,10.0,11
67,62,10.0,6
67,64,16.333333333333332,6
67,65,12.2,20
67,66,20.0,5
67,68,10.714285714285714,14
67,69,8.8,10
67,75,12.0,5
68,29,33.75,8
68,31,51.666666666666664,6
68,32,30.0,5
68,57,31.0,5
68,63,16.875,8
68,64,26.25,8
68,65,17.857142857142858,7
68,66,23.75,8
68,67,12.0,10
68,69,12.4,25
68,70,10.083333333333334,12
68,71,22.0,5
68,73,18.482758620689655,29
68,74,19.857142857142858,7
68,75,24.8,10
68,76,19.52,25
68,78,13.0,5
68,79,40.0,7
68,80,20.833333333333332,6
68,81,12.823529411764707,17
68,82,20.846153846153847,13
68,83,30.625,8
68,97,27.0,5
68,268,31.0,5
68,269,27.0,5
68,304,58.4,5
68,318,27.727272727272727,11
68,319,41.666666666666664,6
68,320,30.0,6
68,321,58.42857142857143,7
68,322,51.0,5
68,323,36.0,5
69,62,17.0,5
69,64,27.75,8
69,65,17.272727272727273,11
69,66,29.0,10
69,67,8.454545454545455,11
69,68,12.392857142857142,28
69,70,12.4,10
69,73,13.652173913043478,23
69,80,24.285714285714285,7
69,81,13.0,15
69,82,21.444444444444443,9
69,88,46.0,5
69,268,29.0,5
69,318,20.0,6
70,28,62.0,5
70,65,10.0,8
70,66,10.272727272727273,11
70,68,10.0,12
70,69,12.2,10
70,73,10.375,8
70,75,19.2,5
70,76,11.357142857142858,14
70,84,50.0,5
70,270,20.0,5
70,278,61.0,5
70,301,15.833333333333334,6
70,320,29.166666666666668,6
70,321,51.0,5
71,64,25.0,6
71,72,12.142857142857142,7
71,73,17.727272727272727,11
71,268,20.666666666666668,6
71,302,23.0,5
72,71,10.833333333333334,6
72,73,23.181818181818183,11
72,268,17.5,20
72,272,32.0,6
72,301,14.882352941176471,17
72,302,12.0,5
72,328,27.0,5
73,31,44.166666666666664,6
73,32,48.0,5
73,43,63.0,5
73,50,43.0,5
73,64,28.625,8
73,65,27.0,10
73,68,16.5,28
73,69,14.0,24
73,70,11.222222222222221,9
73,71,13.333333333333334,9
73,72,21.363636363636363,11
73,75,30.0,7
73,76,31.0,10
73,79,29.8,5
73,80,29.0,5
73,82,25.714285714285715,7
73,83,29.166666666666668,6
73,88,63.0,5
73,268,34.5,10
73,272,30.0,5
73,278,69.16666666666667,6
73,301,22.875,8
73,302,31.25,8
73,306,75.0,5
73,318,13.333333333333334,6
73,319,33.57142857142857,7
73,322,31.53846153846154,13
73,323,26.571428571428573,14
73,328,42.0,5
73,337,49.166666666666664,6
73,509,85.0,5
74,27,12.538461538461538,13
74,28,8.88888888888889,18
74,29,9.9,10
74,31,21.666666666666668,6
74,32,18.76923076923077,13
74,43,40.0,5
74,57,9.0,11
74,62,16.428571428571427,7
74,65,20.5,6
74,68,18.0,7
74,75,8.666666666666666,9
74,76,16.2,5
74,78,10.416666666666666,12
74,79,11.375,40
74,97,37.0,5
75,27,16.428571428571427,7
75,28,15.625,16
75,31,33.0,5
75,32,23.571428571428573,7
75,57,16.166666666666668,6
75,62,15.636363636363637,11
75,65,17.833333333333332,6
75,67,12.0,5
75,68,22.727272727272727,11
75,69,20.0,5
75,70,19.2,5
75,73,30.0,7
75,74,8.11111111111111,9
75,76,13.380952380952381,21
75,78,10.304347826086957,23
75,79,18.46153846153846,13
75,81,24.5,6
75,82,38.333333333333336,6
75,84,32.0,5
76,27,19.166666666666668,6
76,32,18.333333333333332,6
76,57,21.25,8
76,65,23.125,8
76,67,14.857142857142858,7
76,68,21.0,20
76,70,10.875,16
76,73,30.5,10
76,74,16.2,5
76,75,13.090909090909092,22
76,77,18.333333333333332,6
76,78,9.25,8
76,79,14.0,13
76,80,17.5,8
76,81,15.6,15
76,82,17.5,6
76,88,38.0,5
76,320,51.0,5
77,32,23.636363636363637,11
77,34,17.5,6
77,49,30.625,8
77,63,38.333333333333336,6
77,65,37.5,6
77,74,15.4,5
77,76,17.5,6
77,78,13.238095238095237,21
77,79,24.0,5
77,80,14.176470588235293,17
77,81,16.666666666666668,6
77,83,16.333333333333332,9
77,85,22.0,5
77,87,15.0,14
77,88,26.5,10
77,95,14.285714285714286,7
77,97,21.666666666666668,12
77,320,50.4,5
78,27,19.444444444444443,9
78,28,12.0,5
78,29,11.6,15
78,31,18.7,10
78,32,12.5,16
78,57,15.333333333333334,9
78,68,13.0,5
78,74,11.166666666666666,12
78,75,10.521739130434783,23
78,76,7.714285714285714,7
78,77,13.238095238095237,21
78,79,10.425,40
78,80,19.333333333333332,6
78,81,10.727272727272727,11
78,82,26.0,5
78,87,26.666666666666668,6
79,1,36.0,5
79,26,20.6,5
79,27,21.25,12
79,28,17.285714285714285,7
79,29,14.666666666666666,18
79,31,20.0,15
79,32,12.851851851851851,27
79,33,18.0,6
79,34,22.727272727272727,11
79,36,22.0,5
79,55,28.571428571428573,7
79,57,18.0,10
79,68,36.25,8
79,74,10.692307692307692,39
79,75,16.153846153846153,13
79,76,15.8125,16
79,77,22.5,6
79,78,10.052631578947368,38
79,82,38.57142857142857,7
79,83,19.166666666666668,6
79,88,38.333333333333336,6
79,96,31.666666666666668,6
79,303,60.0,5
79,318,37.857142857142854,7
79,340,44.0,5
80,5,27.5,6
80,27,29.0,9
80,29,22.5,8
80,30,20.0,7
80,31,24.77777777777778,9
80,68,18.0,5
80,69,25.714285714285715,7
80,76,16.875,8
80,77,12.875,16
80,78,14.6,5
80,81,16.333333333333332,12
80,82,15.342105263157896,38
80,83,15.416666666666666,24
80,84,24.166666666666668,12
80,87,22.5,6
80,88,28.555555555555557,9
80,96,14.166666666666666,6
80,105,35.0,5
80,301,39.0,5
80,333,67.0,5
80,339,51.666666666666664,6
80,340,27.22222222222222,9
80,341,29.0,5
81,29,27.0,10
81,31,28.0,5
81,32,27.0,15
81,68,13.5,16
81,69,13.666666666666666,15
81,73,18.4,5
81,75,25.285714285714285,7
81,76,17.928571428571427,14
81,77,14.833333333333334,6
81,78,11.083333333333334,12
81,80,16.333333333333332,12
81,82,13.96,25
81,83,17.0,5
81,95,16.666666666666668,6
81,96,25.4375,16
81,317,18.0,5
81,318,20.41176470588235,17
81,319,34.0,5
81,320,32.10344827586207,29
81,323,20.0,5
81,328,40.625,8
81,330,26.571428571428573,7
81,340,18.0,5
82,31,27.5,6
82,68,16.53846153846154,13
82,69,21.8,10
82,73,26.77777777777778,9
82,75,36.666666666666664,6
82,76,19.166666666666668,6
82,78,23.0,5
82,79,36.42857142857143,7
82,80,15.35135135135135,37
82,81,13.291666666666666,24
82,83,19.045454545454547,22
82,85,38.0,5
82,87,28.0,10
82,88,42.5,6
82,94,34.166666666666664,6
82,95,16.363636363636363,11
82,96,18.8,15
82,97,18.076923076923077,13
82,103,29.0,5
82,105,39.375,8
82,290,53.0,5
82,321,47.5,6
82,322,50.8,5
82,323,35.5,6
82,326,75.0,5
82,328,46.5,6
82,341,19.3,10
82,342,33.0,5
83,27,25.833333333333332,6
83,28,25.555555555555557,9
83,30,21.0,5
83,31,23.571428571428573,7
83,32,20.833333333333332,6
83,68,33.125,8
83,73,27.5,6
83,77,18.11111111111111,9
83,79,20.0,7
83,80,17.4,25
83,81,17.0,5
83,82,20.318181818181817,22
83,84,18.333333333333332,6
83,87,12.409090909090908,22
83,88,21.0,11
83,89,14.285714285714286,7
83,90,30.0,5
83,95,13.117647058823529,17
83,96,17.875,8
83,97,24.0,6
83,103,19.166666666666668,6
83,104,38.5,6
83,340,34.375,8
84,30,20.0,7
84,31,25.0,5
84,35,19.0,5
84,70,54.0,5
84,75,32.0,5
84,80,23.166666666666668,12
84,83,18.333333333333332,6
84,85,11.724137931034482,29
84,86,11.23076923076923,13
84,87,14.444444444444445,9
84,88,14.904761904761905,21
84,89,21.0,5
84,93,10.458333333333334,24
84,94,14.333333333333334,6
84,97,30.555555555555557,9
85,30,12.5,6
85,34,16.666666666666668,6
85,36,17.0,5
85,82,46.0,5
85,84,11.5,30
85,87,7.857142857142857,7
85,88,14.583333333333334,24
85,93,8.933333333333334,30
85,94,19.125,8
86,51,31.0,5
86,77,16.4,5
86,84,9.153846153846153,13
86,87,10.454545454545455,11
86,88,16.083333333333332,12
87,3,46.0,5
87,31,35.55555555555556,9
87,32,24.285714285714285,7
87,77,15.714285714285714,14
87,78,25.0,6
87,80,25.0,8
87,82,22.916666666666668,12
87,83,11.090909090909092,22
87,84,15.0,8
87,85,8.333333333333334,6
87,86,9.545454545454545,11
87,88,10.761904761904763,42
87,92,25.0,5
87,93,24.0,8
87,95,13.3,10
87,100,21.363636363636363,11
88,29,32.142857142857146,7
88,31,27.0,5
88,68,50.0,5
88,69,47.0,5
88,77,30.625,8
88,79,36.666666666666664,6
88,80,24.2,10
88,82,35.833333333333336,6
88,83,17.77777777777778,9
88,84,14.826086956521738,23
88,85,12.727272727272727,22
88,86,17.4,15
88,87,12.21951219512195,41
88,89,12.166666666666666,6
88,90,14.590909090909092,22
88,93,14.75,12
88,94,12.384615384615385,13
88,96,30.833333333333332,6
88,100,26.0,20
88,101,17.0,5
88,301,68.57142857142857,7
89,29,30.0,5
89,83,13.333333333333334,9
89,93,16.428571428571427,7
89,94,24.0,5
89,95,14.384615384615385,13
89,100,14.375,8
90,31,35.714285714285715,7
90,83,23.6,5
90,88,14.958333333333334,24
90,93,28.333333333333332,6
90,94,11.0,5
90,97,23.333333333333332,6
90,100,19.615384615384617,13
90,101,18.75,8
90,104,21.25,8
91,36,21.0,5
91,37,16.0,5
91,90,19.833333333333332,6
91,92,18.333333333333332,6
91,99,28.333333333333332,6
91,100,35.5,8
91,109,29.0,5
91,127,26.25,12
92,36,16.666666666666668,15
92,37,10.0,7
92,87,28.0,5
92,91,20.714285714285715,7
92,140,20.0,6
93,5,22.928571428571427,14
93,29,21.0,7
93,31,20.0,6
93,33,15.6,5
93,36,11.0,13
93,37,12.8,5
93,84,9.814814814814815,27
93,85,8.333333333333334,30
93,87,27.125,8
93,88,15.0,11
93,89,16.166666666666668,6
93,90,28.333333333333332,6
93,94,14.285714285714286,14
93,103,31.0,5
93,116,74.44444444444444,9
94,33,12.4,5
94,84,14.75,8
94,85,26.428571428571427,7
94,87,24.0,5
94,88,14.071428571428571,14
94,89,18.0,5
94,90,11.0,5
94,93,14.166666666666666,12
94,100,15.0,7
94,101,13.125,8
94,105,26.666666666666668,6
95,77,15.0,7
95,80,14.571428571428571,7
95,81,15.0,5
95,82,13.083333333333334,12
95,83,10.266666666666667,15
95,87,13.0,11
95,89,15.153846153846153,13
95,96,6.285714285714286,7
95,97,14.75,20
95,101,25.0,7
95,104,13.333333333333334,6
95,107,28.571428571428573,7
96,69,29.166666666666668,6
96,79,71.66666666666667,6
96,80,18.125,8
96,81,25.1875,16
96,82,18.46153846153846,13
96,83,17.333333333333332,12
96,88,28.333333333333332,6
96,95,5.0,6
96,97,11.24390243902439,41
96,101,14.0,5
96,102,16.4,5
96,105,21.428571428571427,7
96,268,43.0,5
97,31,37.0,10
97,68,23.0,5
97,74,40.0,5
97,77,20.384615384615383,13
97,82,17.692307692307693,13
97,83,25.0,5
97,84,36.285714285714285,7
97,90,22.5,6
97,95,13.095238095238095,21
97,96,11.357142857142858,42
97,100,13.647058823529411,17
97,102,8.866666666666667,15
97,104,15.5,10
97,105,12.88888888888889,9
97,107,15.8,10
97,320,47.0,5
97,340,17.666666666666668,12
98,100,25.238095238095237,21
98,102,22.142857142857142,7
98,113,28.6,5
99,91,30.833333333333332,6
99,100,14.74074074074074,27
100,87,26.818181818181817,11
100,88,31.75,20
100,89,14.375,8
100,90,16.11111111111111,18
100,91,40.55555555555556,9
100,95,16.833333333333332,6
100,97,13.352941176470589,17
100,98,24.761904761904763,21
100,99,16.807692307692307,26
100,102,19.916666666666668,12
100,103,13.56,25
100,104,13.647058823529411,17
100,105,29.0,10
100,106,38.333333333333336,6
100,107,23.75,8
100,109,41.92307692307692,13
100,110,32.25,8
100,111,26.11111111111111,9
100,116,47.5,10
100,117,56.6,5
100,118,68.81818181818181,11
100,122,66.0,5
100,511,60.0,6
101,88,27.0,5
101,90,27.857142857142858,7
101,94,17.0,8
101,95,21.75,8
101,96,13.0,5
101,102,14.375,8
101,104,21.0,11
102,64,34.2,5
102,96,17.0,5
102,97,9.857142857142858,14
102,98,15.714285714285714,7
102,100,20.333333333333332,12
102,101,11.875,8
102,103,5.142857142857143,7
102,104,10.083333333333334,12
102,105,16.428571428571427,7
102,107,13.75,8
103,82,27.8,5
103,83,19.333333333333332,6
103,100,13.26923076923077,26
103,102,4.333333333333333,6
103,104,15.88888888888889,9
103,340,28.0,5
104,83,35.833333333333336,6
104,90,22.142857142857142,7
104,95,17.5,6
104,97,13.88888888888889,9
104,100,14.0,18
104,101,21.333333333333332,12
104,102,10.0,11
104,103,17.0,9
104,105,11.071428571428571,28
104,106,24.09090909090909,11
104,107,9.517241379310345,29
104,108,21.0,11
105,80,28.0,5
105,82,37.5,8
105,96,20.0,6
105,97,15.88888888888889,9
105,100,25.5,10
105,102,15.0,6
105,104,10.714285714285714,28
105,106,21.964285714285715,28
105,107,8.553191489361701,47
105,108,23.46153846153846,13
105,111,18.0,5
105,511,30.0,5
105,518,120.0,5
106,100,39.8,5
106,104,22.5,10
106,105,22.444444444444443,27
106,108,18.2,30
106,509,55.0,7
107,82,23.0,5
107,95,28.75,8
107,97,15.4,10
107,100,28.88888888888889,9
107,102,13.75,8
107,104,9.10344827586207,29
107,105,8.46808510638298,47
107,106,12.5,6
107,108,16.09090909090909,11
107,508,27.5,6
107,511,18.0,5
108,104,15.727272727272727,11
108,105,21.666666666666668,12
108,106,20.32,25
108,107,13.3125,16
108,113,30.4,10
108,511,26.11111111111111,9
109,82,39.0,5
109,91,43.333333333333336,6
109,100,38.07692307692308,13
109,110,26.944444444444443,18
109,111,29.41176470588235,17
109,112,22.666666666666668,15
109,115,20.7,10
109,116,43.0,15
109,125,28.0,10
109,127,25.625,8
110,100,28.88888888888889,9
110,109,25.27777777777778,18
110,127,12.714285714285714,7
111,100,24.5,10
111,109,30.058823529411764,17
111,112,17.77777777777778,9
111,113,14.0,10
111,126,68.0,5
112,109,21.142857142857142,14
112,111,14.444444444444445,9
112,113,21.428571428571427,7
112,116,40.0,6
113,98,35.0,5
113,108,33.36363636363637,11
113,111,10.5,10
113,112,21.428571428571427,7
113,117,30.833333333333332,6
113,511,15.294117647058824,17
115,109,30.333333333333332,6
115,112,36.2,5
115,116,22.181818181818183,22
115,118,37.27272727272727,11
116,93,67.77777777777777,9
116,100,58.125,8
116,109,48.333333333333336,15
116,112,26.0,5
116,115,22.782608695652176,23
116,118,28.333333333333332,6
116,119,53.57142857142857,7
116,121,41.666666666666664,6
116,122,41.416666666666664,12
116,126,68.33333333333333,6
117,113,38.125,8
117,118,18.88888888888889,9
117,119,43.0,5
118,100,57.0,11
118,115,37.45454545454545,11
118,116,25.0,6
118,117,19.444444444444443,9
119,116,49.285714285714285,7
119,117,49.0,5
119,345,27.9,10
121,116,48.333333333333336,6
121,123,16.0,6
121,124,21.11111111111111,9
121,127,38.333333333333336,6
121,144,51.0,10
122,100,60.0,5
122,116,30.384615384615383,13
122,125,23.25,12
122,127,52.714285714285715,7
123,121,17.142857142857142,7
123,124,16.263157894736842,19
123,126,20.8,5
124,121,23.75,8
124,122,24.166666666666668,6
124,123,15.11111111111111,18
124,126,16.96,25
124,127,23.75,12
124,138,22.0,5
124,142,16.8,10
125,109,26.666666666666668,9
125,122,21.5,12
125,126,17.0,7
125,127,24.11764705882353,17
125,231,17.5,6
126,111,42.0,5
126,116,61.666666666666664,6
126,123,16.8,5
126,124,16.85185185185185,27
126,125,16.285714285714285,7
126,127,16.0,20
126,139,12.5,6
126,140,15.0,6
127,91,29.583333333333332,12
127,109,25.625,8
127,110,13.75,8
127,121,46.666666666666664,6
127,122,60.0,7
127,124,18.636363636363637,11
127,125,28.125,16
127,126,19.333333333333332,21
127,138,29.923076923076923,13
127,139,16.0,5
128,129,12.846153846153847,13
128,131,12.428571428571429,7
128,133,12.727272727272727,11
128,163,14.428571428571429,7
128,360,47.0,5
129,2,25.0,5
129,10,32.0,5
129,128,12.375,16
129,130,11.666666666666666,6
129,133,17.46153846153846,13
129,134,18.75,8
129,135,14.8,5
129,144,23.142857142857142,7
129,147,15.0,6
129,153,22.0,5
129,154,25.0,6
129,163,13.375,8
130,10,19.2,5
130,12,40.0,7
130,129,12.5,6
130,131,15.5,10
130,132,24.5,8
130,135,24.0,6
130,163,12.5,8
130,165,18.125,8
131,9,17.0,5
131,10,14.166666666666666,6
131,128,11.714285714285714,7
131,130,15.5,10
131,133,16.727272727272727,11
131,136,14.4,5
132,130,25.0,8
133,128,13.545454545454545,11
133,129,16.53846153846154,13
133,131,15.818181818181818,11
133,134,22.77777777777778,9
133,135,20.214285714285715,14
133,137,20.90909090909091,11
133,144,20.833333333333332,12
133,152,26.571428571428573,7
133,165,38.0,5
134,129,19.125,8
134,133,25.0,9
134,135,20.625,8
134,136,23.75,12
134,137,13.333333333333334,12
134,141,26.0,5
134,144,22.0,19
134,152,25.75,8
135,130,24.166666666666668,6
135,133,18.176470588235293,17
135,134,15.0,10
135,144,36.81818181818182,11
135,147,28.0,5
135,152,13.416666666666666,12
135,154,22.0,5
135,163,16.666666666666668,6
135,165,16.8,5
136,8,17.5,6
136,131,17.2,5
136,134,31.25,12
136,137,14.083333333333334,24
136,138,11.0,5
136,140,21.666666666666668,6
137,37,30.0,5
137,133,21.363636363636363,11
137,134,12.916666666666666,12
137,136,14.458333333333334,24
137,140,17.5,8
137,141,18.571428571428573,7
137,144,19.285714285714285,7
138,124,18.333333333333332,6
138,127,24.53846153846154,13
138,136,12.0,5
138,139,12.8125,16
138,140,16.833333333333332,12
138,144,33.0,5
139,84,30.0,6
139,126,11.666666666666666,6
139,127,11.6,5
139,138,12.1875,16
139,140,12.875,8
139,141,11.88888888888889,9
140,92,31.0,5
140,126,13.333333333333334,6
140,136,19.666666666666668,6
140,137,21.428571428571427,7
140,138,17.454545454545453,11
140,139,13.125,8
141,134,26.666666666666668,6
141,137,14.142857142857142,7
141,139,15.0,10
141,142,18.214285714285715,14
141,144,17.142857142857142,14
141,145,16.3,10
142,124,16.3,10
142,141,16.285714285714285,14
144,121,50.5,10
144,129,27.0,6
144,133,22.727272727272727,11
144,134,18.15,20
144,135,23.846153846153847,13
144,137,17.857142857142858,7
144,141,13.571428571428571,14
144,145,16.6875,16
144,147,26.666666666666668,6
144,148,19.545454545454547,11
144,153,20.833333333333332,6
144,154,23.333333333333332,6
145,141,16.3,10
145,144,16.4375,16
147,129,17.142857142857142,7
147,135,25.0,5
147,144,37.5,6
147,148,16.181818181818183,11
147,151,18.333333333333332,6
147,154,23.4,10
148,144,18.636363636363637,11
148,147,15.909090909090908,11
148,152,23.8,5
148,153,14.545454545454545,11
150,151,28.88888888888889,9
150,153,13.0,5
151,147,20.0,6
151,150,38.888888888888886,9
151,154,29.818181818181817,11
151,155,15.2,10
151,156,25.625,8
152,129,14.2,5
152,133,22.714285714285715,7
152,134,22.857142857142858,7
152,135,15.181818181818182,11
152,148,28.0,5
152,153,10.76923076923077,13
152,154,14.411764705882353,17
152,158,13.0,5
152,163,14.166666666666666,6
153,129,22.857142857142858,7
153,144,20.833333333333332,6
153,148,15.0,11
153,150,15.0,5
153,152,9.538461538461538,13
153,154,11.214285714285714,14
154,129,25.0,6
154,135,22.0,5
154,144,23.333333333333332,6
154,147,23.22222222222222,9
154,151,39.5,10
154,152,13.941176470588236,17
154,153,10.615384615384615,13
154,155,33.0,5
154,156,17.615384615384617,26
154,158,8.181818181818182,11
154,159,20.77777777777778,9
154,165,25.0,5
155,151,14.7,10
155,154,33.0,5
155,156,26.6,20
155,370,12.142857142857142,7
156,151,30.0,7
156,154,16.307692307692307,26
156,155,28.6,20
156,157,17.0,5
156,159,11.31578947368421,19
157,156,17.5,6
157,158,15.333333333333334,6
157,159,11.275862068965518,29
158,154,8.909090909090908,11
158,157,13.666666666666666,6
158,159,13.916666666666666,12
158,163,19.0,10
159,154,21.2,10
159,156,14.0,20
159,157,11.821428571428571,28
159,158,16.0,11
159,160,14.285714285714286,7
159,162,24.285714285714285,7
160,159,12.142857142857142,7
160,161,20.0,6
160,162,14.714285714285714,14
160,163,23.75,12
161,160,24.166666666666668,6
161,162,26.53846153846154,13
162,159,34.166666666666664,6
162,160,13.928571428571429,14
162,161,25.384615384615383,13
162,164,18.0,5
163,9,18.6,5
163,128,22.5,6
163,129,11.444444444444445,9
163,130,12.5,8
163,135,17.857142857142858,7
163,152,11.666666666666666,6
163,158,17.5,8
163,160,23.636363636363637,11
163,164,18.11111111111111,9
163,165,20.227272727272727,22
164,11,10.714285714285714,7
164,162,20.0,6
164,163,12.571428571428571,7
164,165,16.0,5
165,12,19.0,5
165,129,26.0,5
165,130,19.22222222222222,9
165,135,13.8,5
165,154,23.8,5
165,163,21.666666666666668,21
165,164,15.0,5
166,39,28.0,5
166,41,21.2,5
166,48,15.0,6
166,167,17.5,10
166,168,17.6,10
166,169,18.214285714285715,14
166,208,14.545454545454545,22
166,210,16.5,18
167,39,22.77777777777778,9
167,41,20.0,5
167,43,20.0,6
167,48,22.5,6
167,166,16.2,10
167,168,13.818181818181818,11
167,169,22.5,10
167,170,26.833333333333332,6
167,171,28.0,5
167,208,30.833333333333332,6
167,210,28.833333333333332,6
167,213,31.666666666666668,6
167,214,28.875,8
168,39,21.5,10
168,41,15.0,9
168,43,33.5,6
168,48,21.0,15
168,166,19.8,10
168,167,14.7,10
168,169,10.25,12
168,210,26.11111111111111,9
169,41,33.0,5
169,48,37.5,6
169,166,21.428571428571427,14
169,167,20.0,5
169,168,12.571428571428571,14
169,170,18.066666666666666,15
169,171,28.0,5
169,190,64.0,5
169,198,68.0,5
169,209,37.5,6
169,210,21.6,5
169,403,65.83333333333333,6
170,167,25.0,5
170,169,20.0,18
170,171,18.571428571428573,7
170,174,44.583333333333336,12
170,175,23.0,5
170,176,21.444444444444443,9
170,177,21.38888888888889,18
170,180,57.5,8
170,183,30.416666666666668,12
170,214,22.8,5
170,219,49.166666666666664,6
171,167,27.0,5
171,169,24.166666666666668,6
171,170,18.125,8
171,172,12.052631578947368,19
171,175,36.0,5
171,176,13.181818181818182,11
172,171,13.6,20
172,173,10.833333333333334,12
172,182,20.0,6
172,183,22.0,5
173,172,13.090909090909092,11
173,183,18.88888888888889,9
174,170,39.166666666666664,12
174,175,20.0,5
174,176,29.444444444444443,9
175,171,29.0,5
175,174,21.0,5
175,176,22.0,5
176,170,23.75,8
176,171,15.090909090909092,11
176,174,27.22222222222222,9
176,175,22.0,5
176,177,16.178571428571427,28
177,11,40.0,5
177,170,21.470588235294116,17
177,176,16.379310344827587,29
178,180,11.363636363636363,11
180,170,47.125,8
180,178,10.0,10
180,181,21.85185185185185,27
180,182,20.0,5
180,194,32.0,5
181,180,21.555555555555557,27
181,182,18.363636363636363,11
181,184,16.11111111111111,9
181,187,11.357142857142858,14
182,172,20.0,5
182,173,11.0,5
182,180,17.0,5
182,181,15.181818181818182,11
182,183,12.923076923076923,13
182,184,17.0,5
182,188,14.0,5
182,197,19.166666666666668,6
183,170,28.333333333333332,12
183,172,25.6,5
183,173,15.5,10
183,182,13.071428571428571,14
183,184,15.6,5
183,217,8.777777777777779,9
184,181,16.11111111111111,9
184,182,17.0,5
184,183,8.6,5
184,185,11.428571428571429,7
184,193,10.3,10
185,184,11.428571428571429,7
185,186,10.848484848484848,33
185,188,20.0,5
186,185,11.0625,32
186,187,12.5,6
186,188,20.666666666666668,6
186,198,21.666666666666668,6
187,181,12.692307692307692,13
187,186,10.833333333333334,6
187,197,22.22222222222222,9
187,198,17.857142857142858,7
187,199,27.0,5
188,182,17.0,5
188,185,20.0,5
188,186,16.285714285714285,7
188,195,12.727272727272727,11
188,196,17.0,11
188,197,14.2,15
188,198,17.857142857142858,14
188,206,46.0,5
189,190,15.625,8
189,226,22.272727272727273,11
190,169,57.0,5
190,189,13.625,8
190,196,13.571428571428571,7
190,222,15.88888888888889,9
190,223,15.0,16
190,226,22.5,10
191,203,19.0,10
191,226,32.0,5
192,193,13.428571428571429,7
192,194,19.727272727272727,11
193,184,10.3,10
193,192,13.142857142857142,7
193,194,20.0,5
193,195,11.666666666666666,6
193,217,17.5,6
194,180,32.0,5
194,192,20.166666666666668,12
194,193,20.0,5
194,195,14.0,5
195,188,19.0,10
195,193,11.666666666666666,6
195,194,14.0,5
195,196,14.466666666666667,15
196,188,13.0,9
196,190,13.571428571428571,7
196,195,14.1875,16
196,197,21.1,10
196,198,16.416666666666668,12
196,202,18.571428571428573,7
196,203,20.0,6
197,182,30.0,6
197,187,22.77777777777778,9
197,188,12.117647058823529,17
197,196,30.666666666666668,9
197,198,15.172413793103448,29
197,199,25.0,6
198,186,27.142857142857142,7
198,187,17.857142857142858,7
198,188,18.153846153846153,13
198,195,13.0,5
198,196,16.933333333333334,15
198,197,15.172413793103448,29
198,199,22.857142857142858,7
198,200,44.166666666666664,6
198,201,21.0,5
198,202,24.0,10
198,206,41.6,5
199,187,27.0,5
199,197,25.0,6
199,198,20.0,8
199,200,25.555555555555557,9
199,201,19.0,5
200,198,34.166666666666664,6
200,199,25.0,10
200,201,50.0,5
200,206,23.05263157894737,19
200,207,23.620689655172413,29
201,198,18.8,5
201,199,18.0,5
201,200,38.4,5
201,202,16.818181818181817,11
201,205,26.142857142857142,7
201,206,13.61111111111111,18
202,196,29.0,5
202,198,29.166666666666668,12
202,201,15.0,12
202,203,25.6875,16
202,206,17.5,6
203,191,19.5,10
203,196,20.833333333333332,6
203,202,19.125,16
203,204,12.0,7
203,227,15.714285714285714,7
204,203,12.333333333333334,6
204,206,29.6,5
204,227,25.272727272727273,11
204,396,15.2,5
205,201,28.285714285714285,7
205,206,19.636363636363637,11
205,207,9.933333333333334,15
205,396,13.272727272727273,11
205,399,11.428571428571429,7
206,188,46.0,5
206,198,39.0,5
206,200,23.263157894736842,19
206,201,15.11111111111111,18
206,202,20.714285714285715,7
206,204,24.666666666666668,6
206,205,18.23076923076923,13
206,207,17.666666666666668,15
207,200,21.3,30
207,205,9.571428571428571,14
207,206,23.666666666666668,15
207,399,19.9,20
207,400,23.0,5
208,166,14.0,20
208,167,19.285714285714285,7
208,170,21.0,5
208,209,22.181818181818183,11
209,208,20.90909090909091,11
209,210,18.125,8
209,211,28.125,8
209,213,26.0,5
209,219,35.833333333333336,6
210,166,17.055555555555557,18
210,167,26.571428571428573,7
210,168,25.0,9
210,209,20.0,9
210,211,26.0,10
210,212,33.0,5
210,213,37.22222222222222,9
210,219,32.0,5
211,209,24.285714285714285,7
211,210,24.545454545454547,11
211,212,10.714285714285714,7
211,257,21.875,8
212,210,31.666666666666668,6
212,211,11.333333333333334,6
212,213,21.0,20
213,167,31.428571428571427,7
213,209,25.0,5
213,210,36.875,8
213,212,20.428571428571427,21
213,221,15.88888888888889,9
214,167,30.833333333333332,6
214,170,24.8,5
214,215,17.0,10
214,216,22.857142857142858,7
214,219,19.333333333333332,9
215,214,17.0,10
215,216,21.11111111111111,9
215,218,17.4,5
215,219,19.72222222222222,18
216,214,25.714285714285715,7
216,215,19.88888888888889,9
216,218,21.785714285714285,14
217,183,9.333333333333334,9
217,193,19.166666666666668,6
218,215,16.0,5
218,216,21.428571428571427,14
218,220,19.444444444444443,9
218,222,47.0,5
219,170,43.333333333333336,6
219,209,35.0,6
219,210,32.0,5
219,214,15.555555555555555,9
219,215,20.294117647058822,17
219,221,13.428571428571429,14
220,169,53.0,5
220,218,20.0,9
220,222,9.428571428571429,21
221,213,13.88888888888889,9
221,219,13.428571428571429,14
221,222,20.1,10
222,190,15.2,5
222,218,50.0,5
222,219,27.8,5
222,220,9.952380952380953,21
222,221,19.5,8
222,223,20.733333333333334,15
222,224,15.0,6
222,226,26.666666666666668,6
223,190,13.4375,16
223,222,20.357142857142858,14
223,225,29.142857142857142,7
223,229,42.0,5
223,232,41.0,5
224,222,16.666666666666668,6
225,223,31.428571428571427,7
225,226,16.2,5
225,227,15.0,6
225,229,21.217391304347824,23
225,232,12.222222222222221,9
225,267,30.0,5
226,189,25.90909090909091,11
226,190,21.11111111111111,9
226,191,33.333333333333336,6
226,222,25.666666666666668,6
226,225,16.0,5
226,227,23.46153846153846,13
227,203,15.714285714285714,7
227,204,25.0,13
227,225,10.833333333333334,6
227,226,25.666666666666668,15
227,228,23.333333333333332,12
227,229,28.214285714285715,14
227,398,37.142857142857146,7
228,43,80.0,5
228,227,20.833333333333332,12
228,229,18.75,8
229,223,48.0,5
229,225,20.208333333333332,24
229,227,28.666666666666668,15
229,228,25.0,8
229,230,16.973684210526315,38
229,233,30.833333333333332,6
230,227,44.0,5
230,229,16.36111111111111,36
231,125,13.333333333333334,6
231,232,34.54545454545455,11
231,265,63.0,5
232,223,55.0,5
232,225,12.5,8
232,231,31.818181818181817,11
233,229,29.166666666666668,6
233,235,30.714285714285715,7
233,254,91.0,5
233,264,28.333333333333332,6
233,267,27.142857142857142,7
234,235,11.470588235294118,17
234,265,38.0,5
235,233,30.714285714285715,7
235,234,15.470588235294118,17
235,264,23.333333333333332,6
235,267,15.0,9
236,54,27.0,5
236,237,15.625,16
236,238,16.666666666666668,9
236,239,16.666666666666668,21
236,240,12.3,10
236,241,16.625,8
236,250,24.166666666666668,6
236,252,23.0,5
236,254,24.0,5
237,236,15.8125,16
237,239,15.625,16
237,240,15.0,5
237,241,11.923076923076923,13
237,242,14.8125,16
237,244,22.0,5
237,245,22.285714285714285,7
238,236,16.25,8
238,239,10.555555555555555,18
238,240,13.333333333333334,6
238,243,12.6,5
238,252,10.0,6
239,48,30.0,5
239,236,10.25,20
239,237,16.916666666666668,12
239,238,11.352941176470589,17
239,240,15.555555555555555,9
239,250,31.4,5
240,51,15.714285714285714,7
240,236,15.727272727272727,11
240,237,17.857142857142858,7
240,238,20.0,6
240,239,10.0,7
240,241,12.521739130434783,23
241,18,26.0,5
241,236,15.727272727272727,11
241,237,15.0,10
241,240,11.791666666666666,24
241,242,14.0,5
241,243,33.333333333333336,6
241,253,35.285714285714285,7
242,237,13.375,16
242,241,15.0,5
242,243,21.53846153846154,13
242,244,18.136363636363637,22
243,238,14.6,5
243,241,37.666666666666664,6
243,242,20.384615384615383,13
243,244,17.133333333333333,30
243,245,17.23076923076923,13
243,247,31.0,5
243,252,14.090909090909092,11
244,237,17.0,5
244,242,17.857142857142858,21
244,243,17.387096774193548,31
245,237,25.714285714285715,7
245,243,22.307692307692307,13
246,58,26.0,5
246,247,14.571428571428571,14
247,243,26.0,5
247,246,13.857142857142858,14
247,249,26.11111111111111,9
247,252,15.833333333333334,6
249,247,25.555555555555557,9
249,250,14.642857142857142,14
249,251,18.8,5
249,252,23.88888888888889,9
250,58,10.5,8
250,59,14.571428571428571,14
250,61,11.875,8
250,236,17.5,6
250,239,41.0,5
250,243,37.0,5
250,249,15.714285714285714,14
250,251,15.0,6
250,252,16.764705882352942,17
250,301,56.0,5
251,58,14.4,5
251,249,15.0,5
251,250,17.0,7
252,236,22.333333333333332,6
252,238,9.166666666666666,6
252,243,17.0,10
252,247,14.285714285714286,7
252,249,20.555555555555557,9
252,250,18.42105263157895,19
253,44,29.6,5
253,45,23.466666666666665,15
253,241,37.142857142857146,7
253,254,17.98611111111111,72
253,255,15.333333333333334,9
254,40,17.5,6
254,43,34.0,5
254,44,18.333333333333332,6
254,45,17.727272727272727,11
254,46,20.625,8
254,47,13.333333333333334,6
254,213,40.0,5
254,233,87.0,5
254,236,25.0,5
254,253,20.02857142857143,70
254,255,22.3,10
254,256,18.785714285714285,14
254,257,23.0,5
254,261,32.857142857142854,7
255,253,16.727272727272727,11
255,254,18.75,8
255,256,22.0,5
256,40,25.0,5
256,254,19.25,16
256,255,18.0,5
256,258,20.0,7
257,1,53.0,5
257,211,23.75,8
257,256,25.2,5
257,261,17.0,5
258,256,40.714285714285715,7
258,261,16.666666666666668,6
259,260,20.0,9
259,263,20.0,5
259,435,22.0,12
260,259,21.666666666666668,9
260,261,26.666666666666668,6
261,254,32.857142857142854,7
261,257,16.0,5
261,258,18.333333333333332,6
261,260,29.166666666666668,6
261,262,14.0,11
262,261,14.363636363636363,11
262,264,36.5,6
262,265,14.333333333333334,9
263,259,18.0,5
263,264,16.25,8
263,436,34.166666666666664,6
264,233,33.333333333333336,6
264,235,26.8,5
264,262,33.333333333333336,6
264,263,15.0,7
264,265,16.555555555555557,18
264,266,17.5,14
264,267,11.833333333333334,6
265,231,62.0,5
265,234,45.6,5
265,262,16.0,9
265,264,17.941176470588236,17
265,266,13.142857142857142,21
266,221,16.6,5
266,264,16.76923076923077,13
266,265,13.478260869565217,23
267,225,25.0,5
267,233,34.285714285714285,7
267,235,16.25,8
267,264,10.142857142857142,7
268,62,26.428571428571427,7
268,64,24.285714285714285,7
268,65,20.714285714285715,7
268,66,30.454545454545453,11
268,68,34.166666666666664,6
268,69,27.0,5
268,71,20.142857142857142,7
268,72,16.458333333333332,24
268,73,40.0,10
268,96,40.0,5
268,269,9.0,22
268,270,17.333333333333332,15
268,272,13.571428571428571,7
268,273,16.181818181818183,11
268,278,55.8,5
268,280,21.5,6
268,281,22.0,5
268,301,18.347826086956523,23
268,302,13.333333333333334,9
268,320,34.285714285714285,7
269,54,25.833333333333332,6
269,64,15.333333333333334,6
269,65,26.428571428571427,7
269,66,24.833333333333332,6
269,68,28.333333333333332,6
269,71,10.0,5
269,268,9.2,20
269,270,11.73913043478261,23
269,272,7.857142857142857,7
270,31,53.0,5
270,60,16.0,5
270,64,14.846153846153847,13
270,66,15.384615384615385,13
270,70,20.0,5
270,268,16.333333333333332,15
270,269,12.142857142857142,21
270,303,16.875,8
272,72,32.0,6
272,73,27.0,5
272,268,13.571428571428571,7
272,269,10.714285714285714,7
272,273,14.32,25
272,274,19.6,10
272,275,28.75,8
272,280,29.0,5
272,282,35.0,5
272,301,24.166666666666668,6
273,268,19.0,10
273,272,13.64,25
273,274,18.071428571428573,14
273,276,14.0,14
273,277,13.333333333333334,6
274,272,18.3,10
274,273,18.071428571428573,14
274,275,13.952380952380953,21
274,276,17.285714285714285,14
274,277,24.0,5
274,278,43.333333333333336,9
275,5,43.2,5
275,27,31.0,5
275,59,20.0,7
275,60,15.333333333333334,6
275,272,28.75,8
275,274,13.857142857142858,21
275,276,29.142857142857142,7
276,273,11.333333333333334,15
276,274,13.76923076923077,13
276,275,25.0,7
276,277,27.0,10
276,278,18.75,24
276,301,20.0,7
276,463,45.0,5
277,273,13.333333333333334,6
277,274,17.0,5
277,276,25.5,10
277,278,24.296296296296298,27
277,282,17.142857142857142,7
278,58,53.333333333333336,6
278,70,59.0,10
278,73,79.16666666666667,6
278,274,36.666666666666664,9
278,276,16.625,24
278,277,39.61538461538461,26
278,279,19.916666666666668,36
278,281,58.333333333333336,6
278,282,29.666666666666668,6
278,284,34.857142857142854,14
278,285,18.75,8
278,463,23.071428571428573,14
279,278,22.580645161290324,31
279,281,31.0,5
279,282,18.333333333333332,6
279,284,10.909090909090908,11
279,303,39.375,8
280,268,22.142857142857142,7
280,272,30.0,5
280,281,11.6,10
280,282,24.2,10
280,283,32.22222222222222,9
280,284,32.5,6
280,287,29.444444444444443,9
280,290,59.285714285714285,7
280,301,26.666666666666668,9
280,302,24.166666666666668,6
280,304,22.5,6
281,268,20.0,5
281,278,44.5,10
281,280,11.5,10
281,282,22.142857142857142,7
281,283,12.555555555555555,9
281,302,17.142857142857142,7
281,303,15.0,8
282,272,22.0,5
282,277,21.25,8
282,278,30.0,6
282,279,17.0,5
282,280,26.545454545454547,11
282,281,22.285714285714285,7
282,283,27.75,12
282,303,30.0,5
283,280,27.22222222222222,9
283,281,12.0,9
283,282,28.333333333333332,12
283,301,35.0,7
284,278,40.92307692307692,13
284,279,11.818181818181818,11
284,280,40.0,5
284,285,28.333333333333332,6
285,278,21.25,8
285,284,25.833333333333332,6
285,463,28.076923076923077,13
285,466,22.333333333333332,6
285,467,21.0,5
286,287,15.176470588235293,17
286,301,38.0,5
286,304,23.0,5
286,307,30.833333333333332,6
286,312,31.5,6
287,280,24.375,8
287,286,20.1875,16
287,288,18.68421052631579,19
287,289,21.083333333333332,12
287,290,31.8,5
288,287,15.833333333333334,18
288,289,18.96,25
288,291,15.0,35
288,298,47.5,6
288,301,34.142857142857146,7
289,286,50.0,5
289,287,16.818181818181817,11
289,288,23.52,25
289,290,23.0,26
289,291,19.176470588235293,17
289,292,59.166666666666664,6
289,293,25.77777777777778,9
289,298,53.333333333333336,6
290,82,57.0,5
290,280,58.57142857142857,7
290,287,30.0,5
290,289,21.962962962962962,27
290,293,17.0,5
290,303,51.666666666666664,6
291,288,14.705882352941176,34
291,289,19.714285714285715,14
291,292,23.333333333333332,6
291,293,21.923076923076923,13
291,294,49.0,5
291,295,51.666666666666664,6
291,296,33.4,5
291,298,47.666666666666664,12
292,289,60.0,6
292,291,25.0,6
292,295,19.0,5
293,289,22.444444444444443,9
293,291,25.0,13
293,294,42.142857142857146,7
294,291,43.0,5
294,293,31.285714285714285,7
294,295,15.0,9
295,291,60.0,6
295,292,19.0,5
295,294,16.555555555555557,9
295,296,15.090909090909092,11
296,291,26.0,5
296,295,15.454545454545455,11
297,298,32.714285714285715,14
298,288,43.0,5
298,289,46.875,8
298,291,52.55555555555556,9
298,297,32.142857142857146,14
298,299,36.64705882352941,17
298,301,112.0,5
298,481,54.0,10
299,298,35.8235294117647,17
299,481,28.0,5
301,28,46.0,5
301,66,40.0,5
301,70,16.666666666666668,6
301,72,15.8,15
301,73,21.428571428571427,7
301,80,39.0,5
301,88,64.16666666666667,6
301,268,22.307692307692307,26
301,272,25.714285714285715,7
301,276,27.5,6
301,280,27.22222222222222,9
301,283,34.166666666666664,6
301,288,48.625,8
301,298,115.0,5
301,302,17.636363636363637,22
301,303,17.666666666666668,15
301,304,25.647058823529413,17
301,305,57.27272727272727,11
301,306,47.857142857142854,7
301,316,80.55555555555556,9
301,320,40.0,5
301,321,32.75,16
301,322,29.166666666666668,12
301,323,22.333333333333332,6
301,326,38.8,5
301,328,31.11111111111111,9
301,329,36.833333333333336,6
301,476,96.0,5
302,64,26.666666666666668,6
302,71,26.0,5
302,72,14.0,5
302,73,31.25,8
302,268,13.88888888888889,9
302,280,34.166666666666664,6
302,281,17.142857142857142,7
302,301,15.91304347826087,23
302,303,10.75,8
302,304,23.5,10
303,79,56.0,5
303,270,19.166666666666668,6
303,279,37.857142857142854,7
303,281,16.875,8
303,282,29.0,5
303,286,26.0,5
303,290,45.833333333333336,6
303,301,17.1875,16
303,302,10.5,8
303,304,16.757575757575758,33
303,305,26.0,5
303,306,55.0,5
303,309,82.85714285714286,7
303,310,64.16666666666667,6
303,322,32.5,8
303,323,29.5,6
303,476,73.88888888888889,9
304,64,39.0,5
304,280,25.833333333333332,6
304,286,26.0,5
304,301,21.38888888888889,18
304,302,23.88888888888889,9
304,303,16.096774193548388,31
304,306,28.571428571428573,7
304,316,50.0,7
305,64,42.0,5
305,301,47.916666666666664,12
305,303,28.0,5
305,306,19.444444444444443,9
305,307,42.4,5
305,313,16.875,8
305,322,23.75,12
305,324,20.555555555555557,9
306,301,45.55555555555556,9
306,303,41.666666666666664,6
306,304,27.833333333333332,6
306,305,18.0,10
306,307,13.625,8
306,309,49.0,5
306,312,21.923076923076923,13
306,313,17.5625,16
306,314,14.285714285714286,7
306,315,30.0,5
306,316,65.6,5
306,322,30.2,5
307,286,30.0,6
307,305,40.4,5
307,306,15.0,6
307,312,27.272727272727273,11
308,309,27.307692307692307,13
308,312,36.5,12
308,476,30.6,5
309,303,61.666666666666664,6
309,306,38.8,5
309,308,29.615384615384617,13
309,312,34.42857142857143,7
310,73,63.8,5
310,303,57.5,6
310,311,16.666666666666668,15
310,312,26.666666666666668,6
310,315,22.941176470588236,17
311,310,17.142857142857142,14
311,312,13.285714285714286,7
311,314,14.625,8
311,315,17.666666666666668,6
312,286,29.166666666666668,6
312,306,20.916666666666668,12
312,307,24.545454545454547,11
312,308,36.083333333333336,12
312,309,34.166666666666664,6
312,310,25.833333333333332,6
312,311,12.857142857142858,7
312,476,37.0,5
313,305,17.857142857142858,7
313,306,13.117647058823529,17
313,314,19.272727272727273,11
313,315,14.25,8
313,316,29.933333333333334,15
313,324,16.0,9
313,326,36.8,5
314,306,19.285714285714285,7
314,311,15.875,8
314,313,18.916666666666668,12
314,315,15.384615384615385,13
315,306,32.0,5
315,310,19.41176470588235,17
315,311,12.833333333333334,6
315,313,21.444444444444443,9
315,314,16.923076923076923,13
315,316,22.0,20
315,476,21.5,8
316,301,61.111111111111114,9
316,304,56.857142857142854,7
316,305,43.0,5
316,313,27.428571428571427,14
316,315,23.80952380952381,21
316,324,29.375,8
316,325,17.9,20
316,471,24.0,5
316,474,30.0,5
317,81,18.0,5
317,82,26.666666666666668,6
317,318,14.777777777777779,9
317,320,18.304347826086957,23
317,321,22.0,5
317,330,15.3125,16
317,342,11.928571428571429,14
318,68,20.0,10
318,69,21.428571428571427,7
318,73,15.833333333333334,6
318,79,40.714285714285715,7
318,81,20.0,16
318,95,17.0,5
318,317,16.363636363636363,11
318,319,22.5,8
318,320,17.5,12
318,323,25.0,8
318,328,25.583333333333332,12
318,341,18.333333333333332,6
319,68,39.166666666666664,6
319,73,39.285714285714285,7
319,81,24.0,5
319,268,19.166666666666668,6
319,318,20.90909090909091,11
319,320,11.5,14
319,321,24.375,8
319,323,18.375,8
319,330,29.0,5
320,29,57.5,6
320,68,26.666666666666668,6
320,70,36.42857142857143,7
320,77,42.0,5
320,81,33.035714285714285,28
320,97,44.0,5
320,268,32.0,5
320,301,37.0,5
320,317,18.954545454545453,22
320,318,14.444444444444445,9
320,319,15.277777777777779,18
320,321,15.130434782608695,23
320,322,27.22222222222222,9
320,323,18.523809523809526,21
320,328,15.0,26
320,330,16.38888888888889,18
320,342,16.0,5
320,343,22.22222222222222,9
321,68,59.285714285714285,7
321,82,35.0,7
321,301,27.333333333333332,15
321,317,17.0,5
321,319,25.0,7
321,320,16.695652173913043,23
321,322,17.972972972972972,37
321,323,19.46153846153846,13
321,328,20.166666666666668,6
321,330,21.666666666666668,9
322,64,49.0,5
322,73,26.666666666666668,12
322,301,26.923076923076923,13
322,303,35.142857142857146,7
322,305,16.666666666666668,15
322,306,32.0,5
322,320,23.636363636363637,11
322,321,15.13888888888889,36
322,323,12.06060606060606,33
322,329,31.0,5
322,330,28.125,8
323,27,40.0,6
323,65,35.0,5
323,68,34.0,5
323,73,23.615384615384617,13
323,81,20.0,5
323,82,28.0,5
323,301,21.5,6
323,303,25.142857142857142,7
323,318,25.625,8
323,319,29.09090909090909,11
323,320,18.238095238095237,21
323,321,19.153846153846153,13
323,322,12.666666666666666,33
323,324,26.0,5
323,328,14.5,10
323,329,12.636363636363637,11
323,330,30.0,5
324,305,23.5,8
324,313,16.0,9
324,316,26.25,8
324,323,23.0,5
324,325,20.0,5
324,326,20.434782608695652,23
325,316,17.761904761904763,21
325,324,22.0,5
325,326,12.5,6
326,301,55.6,5
326,313,28.8,5
326,324,23.0,25
326,325,14.166666666666666,6
326,327,15.555555555555555,18
326,329,38.0,5
326,330,36.666666666666664,6
327,323,18.0,5
327,326,13.833333333333334,18
327,468,15.0,5
328,72,27.0,5
328,73,36.0,5
328,81,39.375,8
328,82,42.5,6
328,301,35.55555555555556,9
328,318,25.0,12
328,320,15.92,25
328,321,20.166666666666668,6
328,323,13.909090909090908,11
328,329,16.11111111111111,18
328,330,18.055555555555557,18
329,301,45.0,6
329,322,28.333333333333332,6
329,323,12.9,10
329,326,26.833333333333332,6
329,328,14.157894736842104,19
329,330,16.923076923076923,13
329,468,20.0,7
329,473,82.0,5
330,81,24.166666666666668,6
330,317,14.666666666666666,15
330,319,16.0,5
330,320,14.777777777777779,18
330,321,22.916666666666668,12
330,322,24.0,6
330,323,22.0,5
330,326,40.0,6
330,328,17.875,16
330,329,15.923076923076923,13
330,342,11.0,10
331,343,40.714285714285715,7
332,333,14.166666666666666,6
332,337,15.0,5
332,468,19.875,8
333,80,67.0,5
333,332,15.833333333333334,6
333,334,16.875,8
333,468,27.692307692307693,13
334,333,19.375,8
335,336,18.375,8
335,337,18.285714285714285,7
335,338,20.2,5
335,340,30.5,10
336,331,22.5,8
336,335,18.75,8
336,337,16.272727272727273,11
336,340,25.0,5
336,343,10.0,10
337,79,57.0,5
337,335,15.142857142857142,7
337,336,20.583333333333332,12
337,338,13.0,10
337,339,24.833333333333332,6
337,500,23.181818181818183,11
337,501,30.625,8
338,335,22.0,5
338,337,13.333333333333334,6
338,339,19.375,24
338,340,32.77777777777778,9
339,80,54.166666666666664,6
339,338,18.75,24
339,340,25.0,5
339,500,23.555555555555557,9
340,30,44.166666666666664,6
340,32,42.0,5
340,80,27.77777777777778,9
340,81,18.0,5
340,82,18.0,5
340,83,40.375,8
340,97,18.083333333333332,12
340,103,34.0,5
340,335,27.5,10
340,336,28.0,5
340,338,30.0,8
340,341,19.4,25
340,342,26.666666666666668,6
340,343,19.0,5
341,80,29.0,5
341,82,18.88888888888889,9
341,340,18.958333333333332,24
341,342,16.642857142857142,14
342,82,27.0,5
342,317,10.705882352941176,17
342,322,51.0,5
342,330,10.777777777777779,9
342,336,18.166666666666668,6
342,340,30.0,6
342,341,17.916666666666668,12
342,343,14.545454545454545,11
343,320,25.555555555555557,9
343,331,32.142857142857146,7
343,336,11.285714285714286,7
343,340,21.0,5
343,342,19.857142857142858,14
344,345,34.925,40
344,360,21.0,5
345,119,26.09090909090909,11
345,344,33.475,40
345,346,27.79310344827586,29
345,352,30.0,5
345,356,47.0,5
346,345,26.24137931034483,29
346,351,10.857142857142858,7
348,349,35.02040816326531,49
348,352,67.14285714285714,7
348,357,69.61538461538461,13
348,526,37.25,16
349,348,33.46,50
351,346,11.571428571428571,7
351,352,26.59090909090909,22
351,356,36.42857142857143,7
351,357,40.90909090909091,11
352,345,28.0,5
352,348,72.0,5
352,351,27.727272727272727,22
352,357,27.5,8
356,345,48.0,5
356,351,32.857142857142854,7
356,357,28.35483870967742,31
356,358,44.375,8
357,348,81.46153846153847,13
357,351,35.76923076923077,13
357,352,33.125,8
357,356,26.0,33
357,358,20.363636363636363,22
358,356,33.333333333333336,9
358,357,17.727272727272727,22
359,360,30.416666666666668,12
359,361,34.77272727272727,22
359,362,28.904761904761905,21
360,128,45.0,5
360,344,20.8,5
360,359,30.333333333333332,12
361,359,36.13636363636363,22
361,362,21.258064516129032,31
362,359,29.19047619047619,21
362,361,20.93548387096774,31
363,364,9.375,24
363,366,16.428571428571427,7
363,367,16.466666666666665,15
363,368,13.333333333333334,15
363,369,16.0,13
363,370,23.125,8
363,371,20.2,15
363,372,25.714285714285715,7
363,376,59.0,10
363,378,51.25,8
363,379,58.0,10
363,383,45.0,6
363,384,72.0,10
364,363,9.583333333333334,24
364,365,35.0,8
364,366,11.294117647058824,34
364,367,20.714285714285715,7
364,368,20.0,9
364,371,20.625,8
364,372,16.923076923076923,13
364,373,18.333333333333332,12
364,374,20.0,10
364,375,40.0,5
364,376,38.0,5
364,378,60.0,7
364,380,23.333333333333332,6
364,381,33.18181818181818,11
364,385,90.4,5
365,364,38.888888888888886,9
365,366,35.833333333333336,6
365,367,53.333333333333336,6
365,368,35.57142857142857,7
365,371,49.0,5
365,373,24.166666666666668,6
365,376,29.615384615384617,13
365,378,55.38461538461539,13
365,379,18.40909090909091,44
366,363,15.0,7
366,364,9.685714285714285,35
366,365,36.666666666666664,6
366,373,18.125,8
367,363,17.285714285714285,14
367,364,25.625,8
367,365,46.666666666666664,6
367,368,19.0,15
367,369,15.666666666666666,15
367,370,22.857142857142858,7
367,372,34.5,10
367,376,50.714285714285715,7
367,381,40.0,9
368,363,14.666666666666666,15
368,364,21.11111111111111,9
368,365,36.42857142857143,7
368,367,19.666666666666668,15
368,369,13.333333333333334,12
368,371,25.0,9
368,372,27.6,5
368,376,30.0,5
369,363,16.384615384615383,13
369,367,16.0,15
369,368,10.833333333333334,12
369,370,16.5,20
369,371,12.5,6
369,378,42.0,5
370,155,12.142857142857142,7
370,363,20.625,8
370,367,21.666666666666668,6
370,369,17.5,18
370,371,13.2,20
370,376,65.0,7
370,378,43.333333333333336,6
371,363,19.875,16
371,364,21.11111111111111,9
371,365,54.0,5
371,368,25.0,9
371,369,10.714285714285714,7
371,370,13.5,18
371,372,19.555555555555557,9
371,380,14.6,10
372,363,24.285714285714285,7
372,364,17.153846153846153,13
372,367,32.0,10
372,368,38.0,5
372,371,20.333333333333332,9
372,374,16.6,5
372,381,16.90909090909091,11
373,364,19.545454545454547,11
373,365,27.5,6
373,366,19.375,8
373,374,17.0,5
374,364,25.0,10
374,372,17.6,5
374,373,17.0,5
374,375,31.666666666666668,6
374,381,14.724137931034482,29
374,383,30.714285714285715,7
375,364,56.0,5
375,374,32.0,5
375,377,71.0,5
375,384,36.875,8
376,363,58.6,10
376,364,38.0,5
376,365,30.0,13
376,367,47.142857142857146,7
376,368,32.0,5
376,370,59.0,7
376,377,24.11764705882353,17
376,378,31.25,8
376,379,40.45454545454545,11
376,380,40.714285714285715,7
376,383,44.166666666666664,6
377,375,54.0,5
377,376,21.764705882352942,17
377,378,58.888888888888886,9
377,384,15.0,7
377,385,19.75,20
378,363,51.875,8
378,364,74.375,8
378,365,62.642857142857146,14
378,370,40.833333333333336,6
378,376,36.75,8
378,377,55.0,8
378,379,26.0,30
378,401,30.0,5
379,363,50.0,10
379,365,21.08888888888889,45
379,376,34.54545454545455,11
379,378,27.166666666666668,30
379,383,46.875,8
380,364,27.5,6
380,371,20.6,10
380,376,39.285714285714285,7
381,364,38.18181818181818,11
381,367,40.0,9
381,372,14.636363636363637,11
381,374,13.758620689655173,29
383,363,45.0,6
383,374,30.714285714285715,7
383,376,32.5,6
383,379,43.125,8
383,384,16.571428571428573,7
384,363,69.0,10
384,375,32.857142857142854,7
384,377,15.714285714285714,7
384,383,17.0,8
385,364,79.0,5
385,377,16.25,20
387,388,17.25,44
388,387,18.386363636363637,44
388,389,22.444444444444443,27
388,400,62.857142857142854,7
388,401,40.5,10
389,388,20.59259259259259,27
390,388,80.0,5
390,391,25.225,40
390,407,82.0,5
391,390,23.45,40
394,396,24.838709677419356,31
394,397,11.666666666666666,6
394,398,31.1,10
394,403,41.666666666666664,6
396,204,14.333333333333334,6
396,205,9.727272727272727,11
396,394,23.774193548387096,31
396,398,24.0,5
396,403,38.2,5
397,394,15.428571428571429,7
397,398,25.18918918918919,37
397,404,34.0,5
398,227,47.857142857142854,7
398,394,32.9,10
398,396,20.0,6
398,397,25.894736842105264,38
398,399,20.11764705882353,17
398,400,38.333333333333336,9
398,402,40.0,6
398,403,37.27272727272727,11
398,404,31.25,16
398,407,36.0,5
399,205,12.142857142857142,7
399,207,18.80952380952381,21
399,398,18.1,20
399,400,25.682926829268293,41
399,401,44.6875,16
399,402,40.625,8
400,207,28.0,5
400,388,57.5,8
400,398,45.0,5
400,399,25.32608695652174,46
400,401,34.515151515151516,33
400,402,30.849056603773583,53
400,404,45.90909090909091,11
401,378,26.0,5
401,388,35.0,10
401,399,42.05882352941177,17
401,400,31.375,32
401,402,21.833333333333332,36
402,398,38.5,6
402,399,51.25,8
402,400,30.169811320754718,53
402,401,21.97142857142857,35
402,403,30.444444444444443,18
402,404,33.785714285714285,14
402,405,57.5,6
402,412,19.058823529411764,17
403,169,72.0,5
403,394,35.0,6
403,398,38.333333333333336,12
403,402,37.63157894736842,19
403,404,36.888888888888886,63
403,405,73.375,8
403,406,63.0,5
403,412,28.0,5
404,398,36.21052631578947,19
404,400,37.38461538461539,13
404,402,34.857142857142854,14
404,403,38.5,62
404,405,46.0,20
404,406,40.81818181818182,33
404,410,57.5,6
404,411,34.0,10
405,402,59.166666666666664,6
405,403,46.875,8
405,404,46.76470588235294,17
405,406,26.476190476190474,21
406,403,54.0,5
406,404,34.6875,32
406,405,25.55,20
407,390,92.0,5
407,398,35.0,5
407,408,21.77777777777778,18
407,409,23.5531914893617,47
407,410,23.59375,32
407,411,33.69565217391305,23
407,412,78.33333333333333,6
407,413,44.84615384615385,13
407,414,53.16,25
407,415,43.6,25
407,416,48.333333333333336,6
407,418,71.66666666666667,6
407,490,12.333333333333334,6
408,407,25.0,19
408,409,18.357142857142858,14
408,410,36.25,12
408,411,60.0,9
408,412,53.333333333333336,9
408,413,15.416666666666666,12
408,415,35.0,11
408,418,46.666666666666664,6
409,407,22.295454545454547,44
409,408,18.2,15
409,410,44.5,14
409,411,48.77777777777778,9
409,413,44.375,8
409,414,48.333333333333336,6
409,415,29.916666666666668,12
410,404,56.0,5
410,407,24.0625,32
410,408,35.0,11
410,409,43.0625,16
410,411,35.333333333333336,15
410,412,53.57142857142857,7
410,413,38.0,5
410,414,42.0,5
410,415,39.166666666666664,6
410,416,35.55555555555556,9
411,404,35.0,9
411,407,33.04347826086956,23
411,408,45.55555555555556,9
411,409,43.333333333333336,9
411,410,33.733333333333334,15
412,402,20.235294117647058,17
412,403,28.0,5
412,407,74.33333333333333,6
412,408,48.111111111111114,9
412,410,51.42857142857143,7
413,407,46.07692307692308,13
413,408,16.25,12
413,409,48.375,8
413,410,46.0,5
413,422,15.833333333333334,6
414,407,52.4,25
414,409,49.166666666666664,6
414,410,42.0,5
414,415,50.285714285714285,7
415,407,37.22222222222222,27
415,408,37.0,11
415,409,29.545454545454547,11
415,410,48.333333333333336,6
415,414,48.57142857142857,7
416,407,49.166666666666664,6
416,410,28.88888888888889,9
418,407,64.16666666666667,6
418,408,51.666666666666664,6
418,420,32.142857142857146,7
420,418,31.428571428571427,7
422,413,15.833333333333334,6
424,425,16.571428571428573,28
424,426,18.586206896551722,29
424,427,15.612903225806452,31
424,428,21.727272727272727,44
424,429,26.666666666666668,12
424,456,53.57142857142857,7
425,424,15.44,25
425,426,17.586206896551722,29
425,427,25.625,16
425,428,27.333333333333332,15
425,429,19.166666666666668,6
425,433,27.5,8
425,454,28.333333333333332,6
426,424,19.214285714285715,28
426,425,21.379310344827587,29
426,427,19.80952380952381,21
426,428,21.875,16
426,429,30.625,8
426,432,29.5,10
426,454,29.5,10
427,245,15.8,5
427,424,16.29032258064516,31
427,425,23.75,16
427,426,22.842105263157894,19
427,428,23.904761904761905,21
427,456,37.0,5
428,424,19.88095238095238,42
428,425,33.42857142857143,14
428,426,25.0,19
428,427,25.652173913043477,23
428,429,25.8,5
428,435,54.0,5
428,443,68.42857142857143,7
428,444,80.0,5
429,424,30.0,12
429,425,20.0,6
429,426,24.444444444444443,9
429,428,30.0,5
429,430,24.6,25
429,431,17.523809523809526,42
429,432,29.333333333333332,15
429,433,27.52,25
429,434,28.72222222222222,18
429,435,37.86666666666667,15
429,436,33.4375,16
429,437,30.892857142857142,28
429,438,33.03125,32
429,439,30.3125,32
429,440,42.36842105263158,19
429,442,71.66666666666667,6
429,443,49.72222222222222,18
429,444,64.0909090909091,11
429,454,17.0,8
429,455,30.0,7
429,456,39.5,10
429,457,45.8,10
429,462,60.714285714285715,7
430,429,25.4,25
430,439,17.22222222222222,9
431,429,16.547619047619047,42
431,432,24.0,5
431,440,31.666666666666668,6
431,454,15.909090909090908,11
431,455,25.0,8
432,426,25.0,10
432,429,26.25,16
432,431,30.0,5
432,438,26.666666666666668,6
432,454,15.0,9
433,425,28.75,8
433,429,25.444444444444443,27
433,434,25.0,5
433,435,24.0,5
433,439,29.166666666666668,6
434,429,25.5,18
434,433,24.8,5
434,435,21.0,10
434,436,25.5,6
434,437,18.571428571428573,7
434,438,31.0,5
434,440,33.833333333333336,6
435,259,22.272727272727273,11
435,429,32.5625,16
435,433,22.5,6
435,434,21.5,10
435,436,18.428571428571427,7
435,437,17.333333333333332,15
436,263,24.0,5
436,429,29.615384615384617,13
436,433,20.0,5
436,434,24.714285714285715,7
436,435,22.857142857142858,7
436,437,17.857142857142858,7
437,429,26.928571428571427,28
437,434,17.857142857142858,7
437,435,21.428571428571427,14
437,436,19.285714285714285,7
437,442,12.916666666666666,12
438,429,31.03030303030303,33
438,432,28.333333333333332,6
438,434,34.0,5
438,439,28.071428571428573,14
438,440,31.31578947368421,19
438,442,35.0,6
438,443,34.6875,16
438,447,46.42857142857143,7
439,429,27.9375,32
439,430,18.88888888888889,9
439,433,32.5,6
439,438,26.153846153846153,13
439,440,15.818181818181818,11
439,444,61.0,5
439,455,23.571428571428573,7
439,457,38.0,5
440,429,37.36842105263158,19
440,431,29.166666666666668,6
440,434,28.833333333333332,6
440,438,27.25,20
440,439,22.181818181818183,11
440,441,51.42857142857143,7
440,442,38.142857142857146,7
441,440,48.57142857142857,7
441,447,45.0,10
441,451,27.5,10
442,429,62.142857142857146,7
442,437,12.916666666666666,12
442,438,19.545454545454547,11
442,440,39.285714285714285,7
442,443,30.857142857142858,35
442,444,46.285714285714285,35
442,445,52.5,8
442,446,43.333333333333336,6
443,428,67.14285714285714,7
443,429,49.72222222222222,18
443,438,27.0,15
443,442,30.54054054054054,37
443,444,29.596774193548388,62
443,445,28.157894736842106,38
443,446,34.166666666666664,12
443,447,40.294117647058826,17
444,428,78.0,5
444,429,56.36363636363637,11
444,439,47.0,5
444,442,38.05555555555556,36
444,443,25.873015873015873,63
444,445,22.083333333333332,12
444,446,26.25,8
445,442,36.25,8
445,443,27.317073170731707,41
445,444,21.666666666666668,12
445,446,24.666666666666668,15
446,442,38.0,5
446,443,30.416666666666668,12
446,444,24.77777777777778,9
446,445,22.0,15
447,438,30.833333333333332,6
447,441,70.5,10
447,443,50.411764705882355,17
447,448,25.875,40
447,449,31.59090909090909,22
447,450,62.6,15
447,451,50.642857142857146,14
448,447,24.102564102564102,39
448,449,37.5,8
449,447,33.81818181818182,22
449,448,30.555555555555557,9
450,447,48.333333333333336,15
450,451,34.83783783783784,37
451,441,28.5,10
451,447,49.23076923076923,13
451,450,39.729729729729726,37
452,453,26.25,8
452,455,29.444444444444443,18
452,456,25.17241379310345,29
452,457,40.0,15
452,458,15.318181818181818,22
452,459,40.45454545454545,11
452,460,48.0,5
452,462,23.86842105263158,38
453,452,24.0,10
453,454,20.454545454545453,11
453,455,21.11111111111111,9
453,456,20.545454545454547,11
453,457,36.857142857142854,7
453,458,55.0,5
453,463,30.571428571428573,7
453,464,20.0,16
453,465,15.333333333333334,12
454,425,30.833333333333332,6
454,426,33.0,10
454,429,19.0,7
454,431,18.0,10
454,432,18.333333333333332,9
454,452,20.0,6
454,453,21.22222222222222,9
454,455,18.428571428571427,21
454,456,21.45,20
454,457,27.153846153846153,13
454,458,35.0,9
454,462,41.875,8
454,463,29.0,5
454,464,30.8,5
455,429,30.333333333333332,9
455,431,21.875,8
455,439,26.428571428571427,7
455,452,30.0,14
455,453,21.0,10
455,454,20.88235294117647,17
455,456,18.757575757575758,33
455,457,30.1875,16
455,458,26.5,12
455,459,34.0,5
455,462,43.86666666666667,15
456,424,38.8,5
456,426,33.0,5
456,429,38.5,10
456,452,22.954545454545453,22
456,453,23.583333333333332,12
456,454,21.52173913043478,23
456,455,18.9375,32
456,457,21.16842105263158,95
456,458,27.6,25
456,459,32.36842105263158,19
456,460,56.81818181818182,11
456,462,35.90909090909091,22
456,463,44.0,5
456,465,36.25,8
457,424,38.0,5
457,429,37.72727272727273,11
457,439,23.333333333333332,6
457,452,36.1764705882353,17
457,453,36.666666666666664,6
457,454,28.46153846153846,13
457,455,25.833333333333332,18
457,456,19.20212765957447,94
457,458,25.833333333333332,18
457,459,23.033333333333335,30
457,462,27.142857142857142,7
458,452,18.4,20
458,453,52.0,5
458,454,36.81818181818182,11
458,455,32.0,13
458,456,28.652173913043477,23
458,457,27.352941176470587,17
458,459,23.0,8
458,462,28.972972972972972,37
459,452,33.18181818181818,11
459,455,30.0,5
459,456,29.473684210526315,19
459,457,24.433333333333334,30
459,458,20.125,8
459,462,36.42857142857143,7
460,452,37.0,5
460,456,38.333333333333336,12
462,429,63.57142857142857,7
462,452,24.75,40
462,454,44.166666666666664,6
462,455,36.785714285714285,14
462,456,36.31578947368421,19
462,457,36.0,10
462,458,30.083333333333332,36
462,459,34.285714285714285,7
462,464,37.0,5
462,465,23.181818181818183,11
462,467,33.0,6
463,278,31.266666666666666,15
463,285,28.23076923076923,13
463,453,26.75,8
463,454,30.0,6
463,456,52.0,5
463,464,28.266666666666666,30
463,465,37.22222222222222,9
463,466,21.458333333333332,24
463,467,33.18181818181818,22
464,452,33.0,5
464,453,25.058823529411764,17
464,454,24.0,5
464,463,28.321428571428573,28
464,465,30.666666666666668,15
465,452,23.666666666666668,6
465,453,15.083333333333334,12
465,456,37.5,8
465,462,21.363636363636363,11
465,463,33.09090909090909,11
465,464,26.666666666666668,12
465,466,21.0,10
465,467,27.307692307692307,13
466,285,28.333333333333332,6
466,463,20.181818181818183,22
466,464,29.166666666666668,6
466,465,20.0,10
466,467,17.142857142857142,14
467,462,23.833333333333332,6
467,463,30.416666666666668,24
467,465,24.23076923076923,13
467,466,16.25,12
468,327,15.0,6
468,329,19.166666666666668,6
468,332,19.0,8
468,333,28.46153846153846,13
468,469,17.666666666666668,15
468,470,28.363636363636363,11
468,471,34.22222222222222,9
468,473,27.0,10
468,474,52.0,7
469,468,15.666666666666666,15
469,470,11.956521739130435,23
470,468,32.27272727272727,11
470,469,12.0,23
470,471,14.375,8
470,474,42.0,5
471,316,34.0,5
471,468,27.857142857142858,7
471,470,14.875,8
471,475,32.0,5
472,471,14.833333333333334,6
472,473,17.736842105263158,19
472,474,34.5,6
473,313,35.0,5
473,329,73.33333333333333,6
473,468,22.833333333333332,6
473,472,19.42105263157895,19
473,474,26.53846153846154,13
474,468,53.42857142857143,7
474,470,41.0,5
474,472,38.333333333333336,6
474,473,34.61538461538461,13
474,475,18.77777777777778,18
474,476,43.0,5
474,478,41.875,8
474,519,47.5,6
475,471,30.0,5
475,474,18.444444444444443,18
475,478,17.8,10
476,301,79.16666666666667,6
476,303,68.75,8
476,308,31.0,5
476,312,38.6,5
476,313,64.0,5
476,315,21.4,10
476,474,47.0,5
476,477,26.176470588235293,17
476,478,63.375,8
476,479,81.42857142857143,7
476,480,60.0,5
477,476,25.41176470588235,17
477,478,38.84615384615385,13
478,474,47.5,8
478,475,18.1,10
478,476,58.125,8
478,477,55.61538461538461,13
478,519,37.5,6
479,476,65.83333333333333,6
479,483,42.857142857142854,7
480,476,60.0,5
480,481,36.84,25
480,482,30.5,24
481,298,52.5,8
481,299,18.0,5
481,480,33.38461538461539,26
482,480,33.125,24
483,479,38.75,8
486,487,27.4,10
486,488,23.333333333333332,9
486,490,42.22222222222222,9
486,491,36.15384615384615,13
486,492,26.0,35
486,493,17.45,20
486,494,47.857142857142854,7
486,507,30.625,8
486,514,31.53846153846154,13
486,515,41.0,10
486,526,36.31578947368421,19
487,486,33.63636363636363,11
487,488,19.5,20
487,494,70.71428571428571,7
487,499,70.0,7
487,507,29.818181818181817,11
487,509,30.714285714285715,14
487,515,51.8,5
487,526,22.16216216216216,37
488,486,27.77777777777778,9
488,487,21.38888888888889,18
488,490,40.0,8
488,491,76.66666666666667,6
488,492,42.0,10
488,493,51.666666666666664,9
488,494,50.833333333333336,12
488,497,74.125,8
488,507,33.333333333333336,9
488,509,32.0,5
488,514,42.0,5
488,515,58.0,5
488,524,51.166666666666664,6
488,526,26.666666666666668,21
489,491,28.0,5
490,407,12.333333333333334,6
490,486,45.5,10
490,488,38.75,8
490,491,18.46153846153846,13
490,494,21.142857142857142,7
490,515,14.703703703703704,27
490,526,38.0,5
491,486,39.07142857142857,14
491,488,80.83333333333333,6
491,490,18.076923076923077,13
491,492,32.142857142857146,7
491,493,40.0,5
491,514,11.875,8
491,515,12.5,8
491,525,48.57142857142857,7
492,486,23.857142857142858,35
492,488,31.666666666666668,9
492,489,23.333333333333332,6
492,491,26.0,5
492,513,16.555555555555557,9
492,514,27.8,5
493,486,21.7,20
493,488,50.55555555555556,9
493,491,42.0,5
493,513,18.0,5
493,514,39.0,5
493,526,20.9375,16
494,486,46.42857142857143,7
494,487,58.57142857142857,7
494,488,43.333333333333336,12
494,490,23.571428571428573,7
494,495,20.78125,32
494,496,29.444444444444443,9
494,498,20.526315789473685,19
494,499,44.166666666666664,6
494,526,58.666666666666664,6
495,494,20.90625,32
495,496,27.5,14
495,497,45.625,8
495,498,37.5,6
495,499,36.0,10
495,506,21.666666666666668,9
495,514,62.0,5
495,526,58.0,5
496,494,30.0,9
496,495,26.428571428571427,14
496,497,29.583333333333332,12
496,498,22.428571428571427,14
497,488,78.57142857142857,7
497,495,51.0,5
497,496,30.357142857142858,14
497,498,23.142857142857142,7
497,499,32.22222222222222,9
497,502,47.142857142857146,7
497,516,18.333333333333332,6
498,494,20.263157894736842,19
498,495,36.666666666666664,6
498,496,18.0,13
498,497,31.428571428571427,7
498,516,25.9375,16
499,487,65.0,7
499,494,45.666666666666664,6
499,495,45.0,10
499,497,44.285714285714285,7
499,500,16.55,20
499,501,20.625,8
499,502,13.333333333333334,36
499,503,38.333333333333336,6
499,504,26.09090909090909,11
499,505,36.10526315789474,19
499,506,34.75,8
499,507,34.476190476190474,21
499,508,22.25,12
499,509,34.827586206896555,29
499,510,27.0,5
499,511,36.0,10
499,512,30.454545454545453,11
500,337,26.785714285714285,14
500,339,24.166666666666668,6
500,499,15.909090909090908,22
500,501,7.875,16
500,502,13.5,12
500,504,22.142857142857142,7
500,505,41.36363636363637,11
500,506,32.5,6
500,507,36.44444444444444,9
500,509,38.05555555555556,18
500,511,30.625,8
500,512,40.0,5
501,337,25.0,8
501,499,16.5,6
501,500,10.5,18
501,502,15.461538461538462,13
502,66,10.0,11
502,339,34.0,5
502,495,44.166666666666664,6
502,497,47.5,8
502,499,14.323529411764707,34
502,500,12.1,10
502,501,15.538461538461538,13
502,503,28.166666666666668,6
502,504,25.333333333333332,6
502,505,23.476190476190474,21
502,506,18.928571428571427,14
502,507,21.11111111111111,9
502,509,42.0,5
502,510,40.0,6
503,499,43.833333333333336,6
503,502,29.166666666666668,6
503,504,13.133333333333333,15
503,505,22.857142857142858,7
504,499,26.09090909090909,11
504,500,20.714285714285715,7
504,502,23.666666666666668,6
504,503,14.214285714285714,14
504,505,10.222222222222221,9
505,341,33.0,5
505,499,37.11764705882353,17
505,500,37.0,10
505,502,22.38095238095238,21
505,503,21.875,8
505,504,10.222222222222221,9
505,506,18.333333333333332,6
505,509,35.0,6
506,495,24.77777777777778,9
506,499,32.77777777777778,9
506,500,32.5,6
506,502,18.428571428571427,14
506,505,21.0,6
507,486,34.375,8
507,487,28.166666666666668,12
507,488,36.7,10
507,499,33.857142857142854,21
507,500,35.625,8
507,502,23.333333333333332,9
507,508,22.857142857142858,7
507,509,13.136363636363637,22
507,510,13.6,5
508,107,27.5,6
508,499,21.583333333333332,12
508,507,25.714285714285715,7
508,510,17.0,5
509,73,104.0,5
509,106,56.42857142857143,7
509,487,29.6875,16
509,488,32.0,5
509,495,26.0,6
509,499,35.17857142857143,28
509,500,35.26315789473684,19
509,502,36.4,5
509,505,32.5,6
509,507,14.238095238095237,21
509,510,16.6875,16
509,512,18.75,28
510,502,38.333333333333336,6
510,507,15.0,5
510,508,15.2,5
510,509,16.375,16
510,511,11.31578947368421,19
510,512,21.375,16
511,100,60.0,5
511,105,30.0,5
511,108,25.0,9
511,113,15.0,17
511,499,31.0,10
511,500,30.0,9
511,508,28.0,5
511,510,11.75,20
512,499,30.0,12
512,500,44.0,5
512,509,19.74074074074074,27
512,510,19.27777777777778,18
513,492,16.0,9
513,493,14.0,5
513,514,17.4,25
513,515,14.52,25
514,486,29.583333333333332,12
514,488,35.0,6
514,491,11.875,8
514,492,29.285714285714285,7
514,493,36.666666666666664,6
514,495,52.0,5
514,513,17.6,25
514,515,22.045454545454547,22
514,524,20.0,13
514,525,25.0,8
515,486,31.666666666666668,9
515,487,44.166666666666664,6
515,488,50.0,6
515,490,13.821428571428571,28
515,491,13.75,8
515,513,14.208333333333334,24
515,514,21.818181818181817,22
516,497,16.25,8
516,498,25.666666666666668,15
516,517,28.333333333333332,9
516,518,48.18181818181818,22
516,522,72.5,6
517,516,30.0,9
517,518,33.12244897959184,49
518,105,95.0,5
518,516,51.08695652173913,23
518,517,29.857142857142858,49
518,521,50.625,16
518,522,52.77777777777778,9
518,523,19.772727272727273,22
519,474,42.166666666666664,6
519,478,42.5,6
521,518,56.875,16
522,516,76.66666666666667,6
522,518,59.44444444444444,9
523,518,19.09090909090909,22
523,525,55.0,5
524,488,39.285714285714285,7
524,514,17.727272727272727,11
524,525,23.694444444444443,36
525,491,46.666666666666664,6
525,514,23.88888888888889,9
525,523,57.6,5
525,524,22.972972972972972,37
526,348,34.375,16
526,486,39.72222222222222,18
526,487,20.526315789473685,38
526,488,29.736842105263158,19
526,490,39.0,5
526,493,20.9375,16
526,494,58.333333333333336,6
526,527,38.529411764705884,17
527,526,42.35294117647059,17
