origem,destino,distancia_media_m,n_amostras
1,2,573.6372366675951,15
1,3,310.3838250425917,12
1,5,712.1448351959583,14
1,6,983.6192884940725,8
1,16,1104.898393292517,5
1,24,1055.3085398048047,5
1,26,1171.3195633203002,5
1,27,1962.9727527543196,5
1,31,1324.8753730577896,7
1,34,2650.330201956985,5
1,35,2198.233657897511,5
1,36,2571.451671032274,8
1,41,4261.824791518751,5
1,79,3104.2602686644595,5
1,152,7713.233880080696,5
1,257,10297.839984333285,5
2,1,573.6372366675951,15
2,3,1055.5565178999768,12
2,6,953.1896058666637,11
2,7,1369.7360603905602,10
2,12,2070.9444941274223,5
2,17,485.8614060350891,9
2,18,2745.8514645710384,5
2,24,1235.6187977843233,8
2,129,4320.395002797794,5
3,1,323.55641153038135,13
3,2,1137.9390649179566,12
3,5,1273.929887608407,6
3,24,723.0823643914599,8
3,27,1853.9555268862957,9
3,32,2629.559786442331,5
4,1,605.6666482736734,5
4,5,425.5889952071349,7
4,25,664.985858338759,6
4,26,594.8590049578946,12
4,31,987.1430601625968,5
5,1,706.9631320862479,14
5,3,1271.0374742172787,6
5,4,479.19658504138005,7
5,6,750.3663036390158,13
5,9,2214.4955835397363,6
5,31,951.8146446253888,10
5,35,1021.8779596352663,7
5,36,1878.3212098316487,6
5,41,5140.993409150307,5
5,49,3649.143878468184,5
5,54,5871.531643177354,5
5,62,4088.911541662465,6
5,80,4616.10512112013,6
5,93,2808.5949640243366,14
5,194,18921.100828102386,5
5,301,10591.461574076002,5
6,1,983.6192884940725,8
6,2,992.6932936615724,10
6,5,750.3663036390158,13
6,35,647.5024139649195,11
7,1,1820.4033790951846,5
7,2,1367.7663966263553,10
7,8,1142.6522402804821,13
7,9,607.6615701729544,24
7,12,1959.2769422323665,7
7,35,1509.8396902836341,9
8,7,728.5501105277306,8
8,37,1188.5455418942129,18
8,136,1636.1997259401685,6
9,5,2257.653784153271,5
9,7,610.4662578520314,23
9,10,834.067480059544,6
9,12,860.9447637042136,5
9,131,1661.7934011521113,5
10,9,800.4498229379586,6
10,11,661.6281078858406,15
10,12,851.3487511327438,35
10,16,2156.1725644521975,6
10,130,1366.7464861682006,5
10,131,1330.465953713266,6
11,10,607.2665919775329,14
11,12,922.5279972224027,30
11,14,1701.4829243599702,5
11,38,640.8162417327596,21
11,39,1076.878845034792,7
11,42,1354.0192950794012,7
11,164,1263.643077698278,7
11,177,9271.582456743417,5
12,2,2070.9444941274223,5
12,7,1846.436257685175,8
12,9,938.1632504784262,5
12,10,830.854185865575,32
12,11,922.5279972224027,30
12,13,670.644298088144,17
12,14,859.6702433034574,22
12,17,1014.5241273004686,6
12,38,1332.4032661944473,25
12,42,903.6774376533413,12
12,130,2423.466839603318,7
12,165,1842.7827837494176,5
13,12,670.644298088144,17
13,14,609.263671651416,20
13,15,1276.7752202111253,11
14,12,838.3413385919193,21
14,13,609.263671651416,20
14,15,622.9159353543266,13
14,16,1006.229579812335,6
14,17,1047.9686384474992,23
14,38,1728.836599258266,8
14,41,1212.0662011082,11
14,42,835.4993712270474,20
15,13,1276.7752202111253,11
15,14,715.2439817071044,15
15,16,1090.0070555554628,5
15,43,2186.153491136411,8
16,1,1104.898393292517,5
16,10,2162.725132789648,6
16,14,1006.229579812335,6
16,15,1090.0070555554628,5
16,17,621.8001674516344,36
16,18,1100.6082377644639,8
16,41,2196.981876589153,5
17,2,498.1535794395008,9
17,12,1014.5241273004686,6
17,14,1087.95504728836,22
17,15,970.7664071049276,5
17,16,621.8001674516344,36
17,39,2319.765123487625,6
17,41,2029.1340092188207,5
18,2,2578.9537771990013,5
18,12,3087.727101571362,5
18,16,971.8195648043234,6
18,19,1051.7050614605573,14
18,43,2907.859076135984,6
18,45,1393.9502844662036,12
18,241,2135.6345064477196,5
19,18,1051.7050614605573,14
19,20,1095.6972815810313,8
19,50,1002.185214723687,11
19,51,1967.8541205593754,7
19,237,3223.2533028489106,6
20,19,1095.6972815810313,8
20,22,692.2796759795419,5
20,24,944.3911457605558,8
21,23,828.7135912359004,6
21,24,1248.907338346998,10
21,49,764.0964529992211,5
21,240,1938.5035166582027,5
22,20,692.2796759795419,5
22,21,402.63161979749725,5
22,23,404.0601313169715,11
22,24,606.2412830366594,7
22,27,912.6692005381559,5
22,49,769.8902890817411,7
22,53,2949.669298829139,5
23,21,828.7135912359004,6
23,22,414.69248537729,12
23,24,656.0780954047893,8
24,1,1055.3085398048047,5
24,2,1235.6187977843233,8
24,3,771.5530304858045,7
24,20,944.3911457605558,8
24,21,1248.907338346998,10
24,22,655.2592721826209,8
24,23,560.9435311435009,7
24,27,1269.3480675411909,6
24,49,1938.7565300070605,5
24,63,3873.114536202745,6
25,4,604.750217057985,5
25,27,757.4669385745716,8
25,29,642.2626288684854,6
25,31,644.1569266991204,7
26,1,1171.3195633203002,5
26,4,620.519337736874,14
26,27,944.1240210870872,14
26,29,1209.426106393154,7
27,1,2026.838475124264,6
27,3,1853.9555268862957,9
27,22,912.6692005381559,5
27,24,1249.0376870239043,6
27,25,757.4669385745716,8
27,26,945.4656954733595,13
27,28,698.7774904151862,27
27,29,1314.7273774786895,7
27,31,2023.3763395978312,7
27,32,1989.0341599603153,9
27,41,5921.947190377437,7
27,53,3319.2732948454495,5
27,55,2917.2734070904853,5
27,57,895.2053185552669,13
27,58,4410.629479159542,7
27,62,1840.6684292915565,5
27,73,6571.039298551502,5
27,74,844.0713084768425,12
27,75,1568.2833419583835,7
27,76,2144.0950844959457,6
27,78,2166.821367543266,9
27,79,1537.6141867109363,12
27,80,4155.317697800945,7
27,83,4382.875024557427,6
27,275,7438.817707567767,5
27,323,10579.62536585384,6
28,27,710.9840796658631,23
28,29,683.5183016775627,19
28,30,2287.218617013814,5
28,31,1792.5762613878476,10
28,32,1330.160852340543,10
28,34,2797.8094084389777,6
28,57,997.752792328209,14
28,74,452.6839215002583,18
28,75,951.2255605852815,14
28,78,1433.1542628092475,5
28,79,1191.9595092681434,10
28,83,4115.572247788272,8
28,278,13052.769059223012,5
29,25,642.2626288684854,6
29,26,1244.2535553718858,8
29,27,1314.7273774786895,7
29,28,671.9934291870263,21
29,30,1530.9284922376933,5
29,31,920.5022366079037,12
29,32,601.2527210288777,15
29,33,1589.7926434121534,5
29,36,2403.642512776396,5
29,40,7045.9017373922225,5
29,54,4148.561168934614,5
29,56,2749.0898882714423,6
29,57,1547.2281202919212,9
29,62,2005.4709996186455,9
29,68,4004.4635388635834,8
29,70,5089.913901816179,5
29,74,720.5950144844562,10
29,78,1513.245926519364,15
29,79,751.9361310525113,17
29,80,3232.5475402176235,9
29,81,3655.582318210667,9
29,82,4418.856087339937,5
29,84,3005.9091612053608,5
29,88,3687.7442253400613,7
29,89,4823.46288980009,5
29,93,3272.5355958277273,7
30,28,2329.203689056431,5
30,29,1381.6441911860816,7
30,31,604.8893341570689,29
30,32,947.9050213494005,10
30,33,1247.143536469943,16
30,34,681.6679272796412,51
30,35,623.2525962003704,11
30,36,1011.8230631367428,25
30,54,5761.282359521837,6
30,80,3475.1377066589694,5
30,83,3068.1049096223114,5
30,84,1765.4648364892491,8
30,85,1522.8017856192155,8
30,87,2804.148333202236,8
30,340,7278.875341801032,6
31,1,1382.2076408635812,6
31,4,898.2581367259385,7
31,5,948.33089433916,10
31,25,644.1569266991204,7
31,27,2080.7744618990364,9
31,28,1752.6233042519598,9
31,29,844.2191276198241,11
31,30,663.5700737915781,32
31,32,1098.4748367995094,20
31,33,1660.0843690302997,6
31,34,1105.5385195596687,11
31,35,1088.2724830186644,8
31,36,1280.675122807743,9
31,51,5956.1693000007745,5
31,58,6664.545869946844,7
31,73,6599.366605024817,5
31,74,2009.44685233824,7
31,75,2417.91376615278,5
31,78,2308.1799222813293,11
31,79,1673.333433646364,13
31,80,3737.23053224073,8
31,81,5035.514359285984,5
31,82,5032.512219721353,6
31,83,4064.885858333776,7
31,87,3480.2740538226476,8
31,88,3274.2113626764644,6
31,90,4131.65197045812,7
31,93,2382.9551122741523,6
31,97,6686.655010076548,9
31,340,8185.728877162603,5
32,27,1916.0555310707036,8
32,28,1276.9989676956964,10
32,29,577.1741307806076,13
32,30,927.2109335206652,11
32,31,1100.7616850981206,22
32,34,1138.7059230516481,7
32,57,2254.9659199359166,5
32,62,3321.337159241718,10
32,68,4063.4883290074713,5
32,73,6044.795138407984,5
32,74,1361.872419306178,13
32,75,1395.976472118563,6
32,76,2176.982090205415,6
32,77,1573.3099747909318,10
32,78,1028.505159742213,15
32,79,582.9828064613815,26
32,81,3062.8956491988447,15
32,83,3427.561608043434,5
32,87,2806.0854083198037,8
32,340,6695.763257797231,5
33,29,1589.7926434121534,5
33,30,1173.6125090802263,19
33,31,1660.0843690302997,6
33,34,960.811706384223,5
33,79,1446.5557291343082,7
33,88,2255.1179474741434,5
33,93,2076.5317135163123,6
34,1,2746.586015617749,6
34,30,673.873151747366,45
34,31,1085.7410577121498,12
34,32,1199.3546357607788,8
34,33,960.811706384223,5
34,35,1357.151696527239,10
34,36,643.3551329637613,24
34,77,1919.1582314939544,6
34,79,2075.1932554156474,11
34,84,1062.1094409645018,5
34,85,835.9557478713796,8
35,5,1069.778852924916,6
35,6,705.3704225134419,13
35,7,1594.519621085687,9
35,30,626.5492507997004,13
35,31,1088.2724830186644,8
35,34,1376.5491838567657,9
35,36,511.3004604270903,18
35,37,1168.2585442081363,6
35,84,1926.3853306729131,5
36,1,2580.1328848999087,7
36,5,1883.8476396252688,5
36,29,2403.642512776396,5
36,30,1055.6262401711067,25
36,31,1280.675122807743,9
36,34,665.7852253104728,24
36,35,514.6147487744548,19
36,37,1068.34895469431,8
36,54,6779.936497559535,5
36,79,2510.9321157426357,5
36,91,2674.8118152131647,5
36,92,1576.0798965948052,15
36,93,1223.98769974547,15
37,7,1341.3573472217258,9
37,8,1206.6718825989901,14
37,35,1301.7515789371337,5
37,36,1119.4212108901788,7
37,91,3528.6688028222343,5
37,92,847.4233448383658,7
37,93,1575.330959739731,7
37,137,3565.1107062553265,5
38,11,655.7441931584794,20
38,12,1405.2702751021259,22
38,14,1728.836599258266,8
38,39,1037.1086011513564,7
38,42,925.4211878937924,11
39,11,957.0297271832915,6
39,17,2361.939391014995,5
39,38,1037.1086011513564,7
39,41,575.8377695666517,29
39,42,1162.5677830998486,17
39,166,2692.8091280296862,5
39,167,1896.871427645913,5
39,168,1458.9683476524283,10
40,29,7065.15124930537,5
40,41,1140.1226941167236,15
40,43,811.3475048210868,45
40,45,1673.530764379015,12
40,48,994.5184726772591,30
40,254,4500.704178058792,6
41,1,4261.824791518751,5
41,14,1212.0662011082,11
41,16,2384.1339430618027,6
41,17,2106.7027162365303,6
41,27,5933.231038674467,8
41,39,575.1886809022704,28
41,40,1165.7897472706181,15
41,42,715.8459930174012,13
41,43,1443.6852423962066,14
41,45,3354.581601571645,6
41,166,2820.757427299473,5
41,167,2212.133641960279,8
41,168,1056.7984205869009,9
41,169,3046.172004029362,5
42,11,1354.0192950794012,7
42,12,903.6774376533413,12
42,14,817.0299562134721,20
42,38,938.3501516883688,11
42,39,1080.7729169747706,15
42,41,843.35700779616,14
43,15,2148.3718400184093,9
43,18,2907.859076135984,6
43,31,5523.817286509364,5
43,40,817.0351143859785,44
43,41,1392.9672411871154,13
43,44,1240.1681484213136,15
43,45,1259.828011154946,58
43,46,3867.83356559459,5
43,47,1089.4666262534777,11
43,48,1313.1608884304121,9
43,73,10739.928823186745,5
43,167,2332.8645992176093,6
43,168,2381.305288689836,7
43,169,3316.499074762586,5
43,228,21291.549050815534,5
43,254,3763.69217936245,6
44,43,1260.439437843191,15
44,45,1195.4782735594522,10
44,46,2392.4695346363083,6
44,47,718.2400600974127,10
44,253,2037.1874866504081,5
44,254,2310.3652604312024,6
45,18,1400.7954259426235,11
45,40,1618.27864536158,13
45,41,3531.8569757710943,7
45,43,1273.2863325496094,58
45,44,1195.4782735594522,10
45,47,2004.824251228017,7
45,253,1135.4078101706734,17
45,254,2330.3231467720784,9
46,43,3867.83356559459,5
46,44,2392.4695346363083,6
46,47,1595.4738844338542,7
46,48,1489.119881216069,5
46,254,1817.3462012471334,8
46,256,1576.7469204621707,5
47,43,1089.4666262534777,11
47,44,718.2400600974127,10
47,45,2004.824251228017,7
47,46,1595.4738844338542,7
47,254,1520.4876856221806,6
48,40,994.5184726772591,30
48,43,1076.2013819013707,7
48,46,1489.119881216069,5
48,166,1412.765893388904,7
48,167,1476.4518728227147,6
48,168,2386.9117743026886,14
48,169,3356.661579949125,6
48,210,1642.431479713865,6
48,239,5566.147141425566,5
49,5,3649.143878468184,5
49,21,764.0964529992211,5
49,22,769.8902890817411,7
49,24,1938.7565300070605,5
49,52,721.4408312982159,11
49,55,1141.5252132470291,14
49,56,638.9334293073662,16
49,58,2552.7593640214986,8
49,74,2302.208340651993,5
49,77,4140.153506236798,8
50,19,967.7766586819092,10
50,51,536.3932404998976,22
50,53,1552.1577981628275,5
50,73,7779.133908042064,5
51,19,1967.8541205593754,7
51,50,536.3932404998976,22
51,53,1075.9338377030504,11
51,54,1390.3470270269233,6
51,55,1080.6147784480736,7
51,58,1575.172805323426,5
51,61,2104.4733170868176,5
51,86,7129.309561193874,5
51,240,2067.2978350821713,7
52,49,697.5182604659957,9
52,53,924.4465552872326,7
52,54,1185.0078151892692,6
52,55,666.6149670322021,6
53,22,2949.669298829139,5
53,27,3319.2732948454495,5
53,51,1075.9338377030504,11
53,52,842.323088619744,6
53,54,879.8727274482579,8
53,55,1300.683973258082,9
53,56,2132.4429708322577,8
53,58,1139.5312378938354,12
53,59,2237.2762649681854,6
54,5,5871.531643177354,5
54,27,3357.2616645571607,5
54,29,4148.561168934614,5
54,30,5818.746266599424,5
54,36,6779.936497559535,5
54,51,1390.3470270269233,6
54,52,1185.0078151892692,6
54,53,951.4998782371255,10
54,55,1065.9101486974646,9
54,56,1729.5531496252213,13
54,57,2528.070819072452,9
54,58,1141.97900396874,9
54,59,3065.9246514871115,8
54,61,987.887374332023,11
54,62,2069.741558199,16
54,63,1183.2048593002557,5
54,87,7230.729300250008,5
54,236,4430.6975346480385,5
54,269,3981.613095364111,6
55,49,1170.5885807089069,14
55,51,1046.930613731812,6
55,52,736.9542174251746,6
55,53,1229.0456219919527,12
55,54,1065.9101486974646,9
55,56,740.2601726453337,23
55,58,1963.095859040348,5
55,61,1751.8157647996932,6
55,79,4157.740649978516,6
56,29,2749.0898882714423,6
56,49,638.9334293073662,16
56,53,2132.4429708322577,8
56,54,1728.8917286519402,13
56,55,731.25690011227,22
56,57,1121.7211277038264,11
56,58,2847.900383947017,8
56,61,2341.339577786239,6
56,62,823.7580251206988,10
57,27,892.1827055106917,16
57,28,1012.4222297581476,11
57,29,1547.2281202919212,9
57,32,2263.6486334724973,6
57,54,2528.070819072452,9
57,56,1141.1359227035878,10
57,62,861.1379137087349,8
57,67,2880.8771759052784,5
57,68,3495.6674804645677,5
57,74,820.8761817332353,12
57,75,1130.444793967418,7
57,76,1744.4275914043308,10
57,78,1940.2379218417273,9
57,79,1983.4689697833373,12
57,322,11195.467971343003,5
58,27,4325.451243406995,6
58,31,6614.740323828774,6
58,49,2630.989491849401,9
58,51,1575.172805323426,5
58,53,1163.5456274810194,13
58,54,1118.2317422874944,11
58,55,1963.095859040348,5
58,56,2886.999901598186,7
58,59,1489.6298837897516,5
58,61,1166.7695373528127,10
58,246,5164.603298737024,5
58,250,1709.7207295127241,8
58,251,757.5865807593225,5
58,278,8828.453477733605,6
59,52,3710.9102140589225,5
59,53,2237.2762649681854,6
59,54,3065.9246514871115,8
59,58,1489.6298837897516,5
59,60,968.9199297704863,6
59,61,1743.3484119333632,7
59,250,956.0405059956462,10
59,275,2084.2258272008003,9
60,59,1030.986345052265,7
60,64,1609.9470646426373,10
60,270,1319.3029921547627,5
60,275,826.366700342529,6
61,51,2104.4733170868176,5
61,54,987.887374332023,11
61,55,1700.724076824709,7
61,56,2341.339577786239,6
61,58,1288.0602440684336,9
61,59,1776.1614462560854,8
61,250,2345.611238115487,8
62,5,4088.911541662465,6
62,27,1927.7229046934385,5
62,29,2005.4709996186455,9
62,32,3259.5041441143344,8
62,54,2069.741558199,16
62,56,801.3208669084003,9
62,57,970.1364415186224,10
62,63,1227.1305092712144,12
62,67,1377.5031943351814,6
62,74,2032.4698572253144,7
62,75,1292.4008206531355,12
62,81,3763.621069681506,5
62,268,5740.424248989684,7
63,24,3873.114536202745,6
63,54,1183.2048593002557,5
63,62,1227.1305092712144,12
63,64,1336.5689852602552,11
63,65,1336.9148288422023,6
63,66,2191.8108181732737,10
63,68,2563.3168241265657,8
63,77,4622.146198797739,6
64,60,1609.9470646426373,10
64,63,1409.8949484522761,12
64,65,1151.0729291365324,19
64,66,1186.6981823352091,38
64,67,2092.067991786554,8
64,68,3338.278640849751,8
64,69,2378.194964074912,8
64,71,2505.9451902239834,6
64,73,3407.9316976693517,7
64,81,4255.706701951707,5
64,102,9759.872891217627,5
64,268,3273.5846306227054,7
64,269,2244.237629208451,7
64,270,1640.0211570065287,11
64,302,5172.156031764771,6
64,304,7828.8514675691285,5
64,305,9944.565480890078,5
64,322,8219.15080058453,5
65,63,1336.9148288422023,6
65,64,1194.8844712696407,18
65,66,968.7885751748171,21
65,67,986.1750442608407,20
65,68,2431.4586817755758,8
65,69,1451.2246838089275,9
65,70,922.2045373905371,9
65,73,2356.9929903388806,11
65,74,3896.2848272451733,6
65,75,3645.833183011591,6
65,76,2976.5369206296677,8
65,77,4511.260349710653,7
65,268,3266.624267240037,6
65,269,2744.1078242686126,7
65,323,7246.010764602606,5
66,63,2204.3310308444497,9
66,64,1168.8339285960349,38
66,65,991.411854685303,20
66,68,2452.964039679689,8
66,69,1797.1579077644549,9
66,70,1283.8963904699374,9
66,268,2323.4378091724884,12
66,269,1675.6440921524284,6
66,270,978.483591752031,13
66,502,14076.455306645918,11
67,62,1377.5031943351814,6
67,64,2053.0373581661643,6
67,65,986.1750442608407,20
67,66,2312.6207663648065,5
67,68,1419.549359317223,14
67,69,727.6274890371026,10
67,75,3102.3681761885496,5
68,29,4004.4635388635834,8
68,31,5196.198142125181,6
68,32,4063.4883290074713,5
68,57,3495.6674804645677,5
68,63,2563.3168241265657,8
68,64,3338.278640849751,8
68,65,2374.2714598937496,7
68,66,2490.2737769743676,8
68,67,1379.831909126758,10
68,69,834.1999900015355,25
68,70,1582.9179578244136,12
68,71,2802.15762015313,5
68,73,1837.861947264808,29
68,74,3172.7507053985837,7
68,75,2548.6910417787194,10
68,76,1731.8489833401673,25
68,78,2619.2528040021143,5
68,79,3284.811704760304,7
68,80,2458.131178638662,6
68,81,1367.0323745949934,17
68,82,2322.3872943171727,13
68,83,3890.41497327615,8
68,97,5759.098144916228,5
68,268,4665.667590678632,5
68,269,3820.4867237551107,5
68,304,8579.59323537016,5
68,318,2509.322014388782,11
68,319,3575.6464798977945,6
68,320,3979.6043439027267,6
68,321,5862.943875256468,7
68,322,7104.621026151476,5
68,323,6997.272351734484,5
69,62,2711.889192546104,5
69,64,2422.1732361472614,8
69,65,1330.1784817892133,11
69,66,1840.062960576385,10
69,67,717.2257876322458,11
69,68,876.6727796767196,28
69,70,768.5404607545254,10
69,73,1420.6026481973931,23
69,80,3274.876365509125,7
69,81,2027.4037762175506,15
69,82,3754.3462524154884,9
69,88,6122.7235198119615,5
69,268,4281.496219052665,5
69,318,2368.701886080397,6
70,28,4536.099361313005,5
70,65,913.7550439460624,8
70,66,1183.0490288344872,11
70,68,1582.9179578244136,12
70,69,768.5404607545254,10
70,73,1062.5376008502246,8
70,75,4084.7723863955785,5
70,76,3042.7601151277017,14
70,84,6991.516854842643,5
70,270,2101.623439189955,5
70,278,10249.596605835064,5
70,301,4450.981530965699,6
70,320,4087.5514118796746,6
70,321,4676.254189966451,5
71,64,2505.9451902239834,6
71,72,1635.7112020232182,7
71,73,1602.5137572945644,11
71,268,2326.099808326358,6
71,302,2872.9824828194237,5
72,71,1741.2647948939432,6
72,73,1886.637765808837,11
72,268,1081.0672221687882,20
72,272,3802.391637336424,6
72,301,1728.3496704077,17
72,302,1546.3340748323612,5
72,328,3905.4839714196714,5
73,31,6553.248411639152,6
73,32,6044.795138407984,5
73,43,10950.477239887769,5
73,50,7779.133908042064,5
73,64,3407.750877794808,8
73,65,2367.8188805401546,10
73,68,1832.4059704712802,28
73,69,1363.2877221274277,24
73,70,1077.502417277693,9
73,71,1579.2293318571842,9
73,72,1886.6377658088372,11
73,75,4495.812060636078,7
73,76,3203.2758331135296,10
73,79,4962.22521898026,5
73,80,3665.6039080021837,5
73,82,3215.291285755936,7
73,83,4477.4770977985545,6
73,88,7254.585656083944,5
73,268,3286.0246933714466,10
73,272,4959.843847606084,5
73,278,9597.699970876323,6
73,301,3171.9218486747195,8
73,302,4861.764589047343,8
73,306,8208.591021356167,5
73,318,1318.225012326149,6
73,319,2098.4371022558566,7
73,322,5135.529138357966,13
73,323,5392.9981386105,14
73,328,4149.928586908496,5
73,337,7339.107240129531,6
73,509,14747.71819996929,5
74,27,808.3030865413094,13
74,28,442.0526359578002,18
74,29,720.5950144844562,10
74,31,2056.5504741563636,6
74,32,1397.5237408974424,13
74,43,6407.409928714876,5
74,57,741.014000644216,11
74,62,2032.4698572253144,7
74,65,3896.2848272451733,6
74,68,3172.7507053985837,7
74,75,738.5120491117572,9
74,76,1493.4770270949284,5
74,78,1317.3306407051405,12
74,79,821.2940568623914,40
74,97,6961.243505401128,5
75,27,1568.2833419583835,7
75,28,964.4664273685219,16
75,31,2415.2233262072705,5
75,32,1507.929042733207,7
75,57,1198.4081739383319,6
75,62,1252.77509245283,11
75,65,3645.833183011591,6
75,67,3102.3681761885496,5
75,68,2503.4770936523414,11
75,69,3170.014813993079,5
75,70,4084.7723863955785,5
75,73,4495.812060636078,7
75,74,738.5120491117572,9
75,76,938.2252848237532,21
75,78,638.4652790775996,23
75,79,947.0784439993326,13
75,81,2891.3432929692276,6
75,82,3764.758655425821,6
75,84,3489.9838839728845,5
76,27,2144.0950844959457,6
76,32,2176.982090205415,6
76,57,1834.9386496786128,8
76,65,2976.5369206296677,8
76,67,1450.9896701149669,7
76,68,1649.188668574919,20
76,70,3065.564596116555,16
76,73,3203.2758331135296,10
76,74,1493.4770270949284,5
76,75,921.3342487719215,22
76,77,1684.1709680879503,6
76,78,1142.1643379764864,8
76,79,1469.6984748535988,13
76,80,2006.2213182009332,8
76,81,1893.4531291884696,15
76,82,3207.5470419320823,6
76,88,4176.337822947231,5
76,320,5683.03425937752,5
77,32,1490.244455822176,11
77,34,1919.1582314939544,6
77,49,4140.153506236798,8
77,63,4622.146198797739,6
77,65,4593.567644190709,6
77,74,2103.989063486065,5
77,76,1684.1709680879503,6
77,78,1116.4297457909056,21
77,79,1200.3581887969947,5
77,80,1068.7475444775182,17
77,81,2626.575900002533,6
77,83,1307.4750302600344,9
77,85,2259.891997477856,5
77,87,1615.293291192309,14
77,88,2297.3495051858235,10
77,95,2456.776115818979,7
77,97,4873.644375631983,12
77,320,6613.898483560557,5
78,27,2166.821367543266,9
78,28,1433.1542628092475,5
78,29,1513.245926519364,15
78,31,2285.931875697456,10
78,32,1051.2367677909028,16
78,57,1940.2379218417273,9
78,68,2434.389181561401,5
78,74,1317.3306407051405,12
78,75,638.4652790775996,23
78,76,1172.8592657399793,7
78,77,1116.4297457909056,21
78,79,723.8133001941653,40
78,80,1878.1649784043557,6
78,81,2062.3732333619387,11
78,82,3202.628140665337,5
78,87,3150.303933104409,6
79,1,3104.2602686644595,5
79,26,1934.9520914447762,5
79,27,1537.6141867109363,12
79,28,1151.3893685445958,7
79,29,744.1371169729272,18
79,31,1727.879173265836,15
79,32,572.7754896296179,27
79,33,1386.483897611886,6
79,34,2069.197028671186,11
79,36,2510.9321157426357,5
79,55,4022.1288609951603,7
79,57,2006.2544042637921,10
79,68,3340.1600780210692,8
79,74,825.6530840858278,39
79,75,999.3356866473788,13
79,76,1430.830539240937,16
79,77,1142.2440984002087,6
79,78,705.7713263463203,38
79,82,3518.1461431812018,7
79,83,2781.919679038376,6
79,88,3447.7603561732108,6
79,96,4706.60410222264,6
79,303,10650.76908107386,5
79,318,5028.6168936373015,7
79,340,6348.128669252205,5
80,5,4616.10512112013,6
80,27,3992.338261064143,9
80,29,3242.76282165557,8
80,30,3481.400253185437,7
80,31,3741.4650335692268,9
80,68,2522.834564193204,5
80,69,3274.876365509125,7
80,76,2006.2213182009332,8
80,77,1057.1400150862555,16
80,78,2001.9657695680685,5
80,81,1729.8894844990984,12
80,82,1064.4419369935283,38
80,83,1135.7272065862119,24
80,84,3268.055263934442,12
80,87,2253.0259459423055,6
80,88,2949.003516376217,9
80,96,3229.529298216512,6
80,105,5283.741513122793,5
80,301,7562.959138465994,5
80,333,11651.913695392997,5
80,339,7033.149713452928,6
80,340,4019.5745756078186,9
80,341,2733.7983406456888,5
81,29,3703.157140017606,10
81,31,5035.514359285984,5
81,32,3062.8956491988447,15
81,68,1373.5006562083458,16
81,69,1986.308433873946,15
81,73,2123.3362680093232,5
81,75,2935.3712329772375,7
81,76,1900.0251798120596,14
81,77,2626.575900002533,6
81,78,2149.451961861839,12
81,80,1729.8894844990984,12
81,82,1518.6933156077826,25
81,83,2552.2690033666745,5
81,95,3162.772990740195,6
81,96,3900.91467160566,16
81,317,3492.8626408545765,5
81,318,2088.7601155136867,17
81,319,4291.90000300106,5
81,320,4177.633282601629,29
81,323,7189.426939848784,5
81,328,6133.333623178739,8
81,330,4612.168420904583,7
81,340,3724.1307550630722,5
82,31,4963.09818634898,6
82,68,2336.9817809168712,13
82,69,3772.4300384331846,10
82,73,3339.8223782898444,9
82,75,3764.758655425821,6
82,76,3207.5470419320823,6
82,78,3202.628140665337,5
82,79,3518.1461431812018,7
82,80,1125.109312374871,37
82,81,1549.4185694379082,24
82,83,1554.945663559147,22
82,85,4364.752955260818,5
82,87,2554.8412071031053,10
82,88,3841.917470397026,6
82,94,5167.63161222607,6
82,95,1885.6091628381648,11
82,96,1992.7810756397644,15
82,97,3682.5860518451195,13
82,103,5500.675702618229,5
82,105,5336.760914114621,8
82,290,17167.865055585655,5
82,321,6378.102211094395,6
82,322,7834.772347661632,5
82,323,7437.280838747099,6
82,326,9898.420886497024,5
82,328,6303.872018972503,6
82,341,1331.766380243623,10
82,342,2830.139167343382,5
83,27,4272.567341078144,6
83,28,4119.774922598986,9
83,30,3068.1049096223114,5
83,31,4083.7347384932177,7
83,32,3405.3773315386866,6
83,68,3890.41497327615,8
83,73,4477.4770977985545,6
83,77,1307.4946058138282,9
83,79,2811.7984218135753,7
83,80,1139.9843481382354,25
83,81,2552.2690033666745,5
83,82,1557.6615215018296,22
83,84,2422.6450865055654,6
83,87,938.1745890841922,22
83,88,1593.9865068591937,11
83,89,1285.4079902729634,7
83,90,2578.2119525997055,5
83,95,887.9426582474694,17
83,96,2541.6674172638327,8
83,97,3164.9747063910745,6
83,103,4061.2572719891596,6
83,104,5336.624045539643,6
83,340,3479.149262576985,8
84,30,1801.7562911140922,7
84,31,2392.0193054963142,5
84,35,1807.482612770576,5
84,70,6991.516854842643,5
84,75,3489.9838839728845,5
84,80,3188.1749986193227,12
84,83,2422.6450865055654,6
84,85,551.3884343854459,29
84,86,693.2634236792593,13
84,87,1662.131760994861,9
84,88,1107.3136804943692,21
84,89,2459.8606970549868,5
84,93,769.2185917773799,24
84,94,1196.0745743972188,6
84,97,4762.909111716273,9
85,30,1517.309363484277,6
85,34,975.7836345284201,6
85,36,1033.8231147487247,5
85,82,4364.752955260818,5
85,84,578.5304663596075,30
85,87,975.6155140657282,7
85,88,1485.4912594647128,24
85,93,780.9545379408828,30
85,94,1927.8664488980544,8
86,51,7129.309561193874,5
86,77,1433.848040028938,5
86,84,693.2634236792593,13
86,87,907.3045268567715,11
86,88,1299.4536548854055,12
87,3,5286.840880636134,5
87,31,3557.277052689234,9
87,32,2744.50243893791,7
87,77,1615.293291192309,14
87,78,3102.923591684005,6
87,80,2191.0953920345046,8
87,82,2533.6630854105574,12
87,83,941.3987601590521,22
87,84,1669.324016363184,8
87,85,1025.4862399067345,6
87,86,907.3045268567715,11
87,88,1095.8856182729032,42
87,92,3204.393274529815,5
87,93,2462.7293851392847,8
87,95,1397.4614041577188,10
87,100,2615.4328086351147,11
88,29,3687.7442253400613,7
88,31,3181.3845640311984,5
88,68,6186.230173813287,5
88,69,6122.7235198119615,5
88,77,2371.4802991585357,8
88,79,3447.7603561732108,6
88,80,2983.309786786208,10
88,82,3841.917470397026,6
88,83,1767.865523727445,9
88,84,1033.0369633367015,23
88,85,1506.3769607812528,22
88,86,1288.0970593386287,15
88,87,1067.1785815330866,41
88,89,1126.8627152763802,6
88,90,577.8448654265907,22
88,93,1457.3982712432844,12
88,94,1259.2668559555825,13
88,96,3644.242789871938,6
88,100,2296.8767239260587,20
88,101,1709.854432766147,5
88,301,10370.866864332862,7
89,29,4823.46288980009,5
89,83,1330.4394880682557,9
89,93,2749.504017592877,7
89,94,1641.573080899568,5
89,95,1070.6796735111423,13
89,100,1706.3339181372519,8
90,31,4131.65197045812,7
90,83,2578.2119525997055,5
90,88,599.905629676441,24
90,93,2211.0213801655136,6
90,94,805.0958565880532,5
90,97,3540.497628822704,6
90,100,1252.2138362498865,13
90,101,1575.8353958138919,8
90,104,4535.006470290933,8
91,36,2674.8118152131647,5
91,37,3425.526731577571,5
91,90,1555.0338951465637,6
91,92,1802.4989133435963,6
91,99,1623.6932369858523,6
91,100,1612.5833603311655,8
91,109,6249.625775719397,5
91,127,1641.0374046063755,12
92,36,1565.0859968536736,15
92,37,847.4233448383658,7
92,87,3204.393274529815,5
92,91,1912.4656573710308,7
92,140,2872.563630828645,6
93,5,2808.5949640243366,14
93,29,3272.5355958277273,7
93,31,2492.2192004879366,6
93,33,1975.8246530886233,5
93,36,1193.2555711751984,13
93,37,1506.2014470618146,5
93,84,745.1638572386192,27
93,85,774.9665214772725,30
93,87,2462.7293851392847,8
93,88,1514.6566009393157,11
93,89,2674.8807737705724,6
93,90,2211.0213801655136,6
93,94,1512.8637319675513,14
93,103,5257.081895623854,5
93,116,11503.005225398629,9
94,33,2521.130855788873,5
94,84,1095.147821101886,8
94,85,2035.3730639463115,7
94,87,1855.0746228276644,5
94,88,1309.5004733906803,14
94,89,1641.573080899568,5
94,90,805.0958565880532,5
94,93,1642.7263632013116,12
94,100,1991.5567838303996,7
94,101,1473.585041203363,8
94,105,4892.471845790197,6
95,77,2456.776115818979,7
95,80,2242.9422370294174,7
95,81,3149.7599007253266,5
95,82,1955.723531477635,12
95,83,826.993372205873,15
95,87,1399.3599949176603,11
95,89,1079.6724296362024,13
95,96,1146.4552423286273,7
95,97,1944.6044036251856,20
95,101,1427.545725602653,7
95,104,3327.004846446472,6
95,107,4112.737622191111,7
96,69,5463.894813955611,6
96,79,4706.60410222264,6
96,80,3140.301384855304,8
96,81,3900.91467160566,16
96,82,1957.8411583778975,13
96,83,2077.2333696515793,12
96,88,3644.242789871938,6
96,95,1007.8561919876555,6
96,97,1370.2343817445987,41
96,101,1246.3033551526798,5
96,102,2246.720400058838,5
96,105,2724.550843333739,7
96,268,7719.253142097876,5
97,31,6766.1846707747145,10
97,68,5759.098144916228,5
97,74,6961.243505401128,5
97,77,4882.900451965726,13
97,82,3650.677353647691,13
97,83,3165.429056086425,5
97,84,4741.7410691163095,7
97,90,3540.497628822704,6
97,95,1982.0286901381644,21
97,96,1368.314200167706,42
97,100,2524.937300862078,17
97,102,930.6888630672479,15
97,104,2784.1969661991025,10
97,105,1355.8217861565345,9
97,107,2731.431086618822,10
97,320,5953.845194148161,5
97,340,2278.692276155198,12
98,100,1583.3931823089686,21
98,102,1527.9735624013888,7
98,113,3030.4009885656546,5
99,91,1623.6932369858523,6
99,100,760.9114362270577,27
100,87,2568.2557698598284,11
100,88,2296.8767239260587,20
100,89,1706.3339181372519,8
100,90,1285.4341562982022,18
100,91,1911.5396187617653,9
100,95,2579.9623400958135,6
100,97,2524.937300862078,17
100,98,1552.670704059707,21
100,99,734.01909319381,26
100,102,1146.429406611669,12
100,103,1350.7603298235713,25
100,104,2282.856849774321,17
100,105,2760.231561910331,10
100,106,3652.6445253365832,6
100,107,2958.5067876412877,8
100,109,5972.717580048796,13
100,110,3050.6711516953665,8
100,111,4016.051841215449,9
100,116,8972.235162014982,10
100,117,12873.704157325177,5
100,118,11931.048340179637,11
100,122,6929.754724545599,5
100,511,6312.9972250411765,6
101,88,1709.854432766147,5
101,90,1652.0164547308982,7
101,94,1473.585041203363,8
101,95,1326.832913381269,8
101,96,1246.3033551526798,5
101,102,730.0162665376058,8
101,104,2843.9907292839234,11
102,64,9759.872891217627,5
102,96,2246.720400058838,5
102,97,948.0764471210272,14
102,98,1629.9382103303099,7
102,100,1146.429406611669,12
102,101,730.0162665376058,8
102,103,648.2595567948466,7
102,104,1091.1516213728717,12
102,105,1466.5419030085175,7
102,107,2135.280149882744,8
103,82,5500.675702618229,5
103,83,4061.2572719891596,6
103,100,1351.9619808359982,26
103,102,626.7949872394798,6
103,104,1118.9493197651261,9
103,340,4505.243572867536,5
104,83,5336.624045539643,6
104,90,4612.725188236045,7
104,95,3327.004846446472,6
104,97,2761.6027425833468,9
104,100,2358.152093892865,18
104,101,2771.4915862745106,12
104,102,998.9319420101202,11
104,103,1118.9493197651261,9
104,105,1110.4012761581791,28
104,106,1611.8810938101683,11
104,107,726.4297979228982,29
104,108,1058.4078695397127,11
105,80,5283.741513122793,5
105,82,5336.760914114621,8
105,96,2653.307096415207,6
105,97,1355.8217861565345,9
105,100,2760.231561910331,10
105,102,1472.8784429343698,6
105,104,1110.4012761581791,28
105,106,1013.0034142470103,28
105,107,653.8900307265047,47
105,108,1912.797172372251,13
105,111,4074.832920568629,5
105,511,3027.687169398211,5
105,518,22015.394704615224,5
106,100,3334.269621658789,5
106,104,1677.805726454295,10
106,105,1009.4587904269791,27
106,108,1932.3439169363555,30
106,509,7186.387290948769,7
107,82,5687.8783604617565,5
107,95,4068.713300153611,8
107,97,2731.431086618822,10
107,100,2850.231121842253,9
107,102,2135.280149882744,8
107,104,726.4297979228982,29
107,105,642.6733601215088,47
107,106,1292.3303907037696,6
107,108,991.4438504107252,11
107,508,3970.0453556279626,6
107,511,2426.1827368118916,5
108,104,1058.4078695397127,11
108,105,1915.4911792021596,12
108,106,2090.1106635975443,25
108,107,988.7689687791615,16
108,113,1961.5704835935212,10
108,511,2109.548425102427,9
109,82,9630.47102021052,5
109,91,6286.853628691823,6
109,100,5972.717580048796,13
109,110,1749.5501527290717,18
109,111,2724.5601008774147,17
109,112,2221.601891064905,15
109,115,2521.3008977927484,10
109,116,4289.422156790624,15
109,125,1813.567567620732,10
109,127,3269.1651812613068,8
110,100,2948.026709969731,9
110,109,1749.5501527290717,18
110,127,762.0723391103614,7
111,100,4125.143925541661,10
111,109,2724.5601008774147,17
111,112,1964.6882137570194,9
111,113,1405.5422121162253,10
111,126,5466.083220298993,5
112,109,2187.172484147946,14
112,111,1964.6882137570194,9
112,113,2710.334711837175,7
112,116,7434.422190833302,6
113,98,3030.4009885656546,5
113,108,1942.5453473482694,11
113,111,1407.587662850446,10
113,112,2710.334711837175,7
113,117,10242.48414509743,6
113,511,1112.763041066992,17
115,109,2480.182204166809,6
115,112,3548.558264452449,5
115,116,2414.165359797859,22
115,118,3370.8359229531725,11
116,93,11503.005225398629,9
116,100,9045.519048869302,8
116,109,4289.422156790624,15
116,112,7573.740615774635,5
116,115,2429.4414945858084,23
116,118,5875.49540409133,6
116,119,4125.701845684586,7
116,121,3117.621950329534,6
116,122,1335.2654277428599,12
116,126,5110.443412616746,6
117,113,10807.045889851666,8
117,118,1152.0998619717689,9
117,119,5413.666355451693,5
118,100,11931.048340179637,11
118,115,3316.1102663493934,11
118,116,5875.49540409133,6
118,117,1152.0998619717689,9
119,116,4125.701845684586,7
119,117,5413.666355451693,5
119,345,4410.842099624788,10
121,116,3117.621950329534,6
121,123,471.3240726840907,6
121,124,2423.905512859284,9
121,127,5246.569446248303,6
121,144,4556.002663997927,10
122,100,6929.754724545599,5
122,116,1401.6307553580955,13
122,125,1531.4414557586376,12
122,127,4897.916201151239,7
123,121,821.9820533926146,7
123,124,776.8570324213379,19
123,126,1741.9074183887806,5
124,121,2337.4219242664353,8
124,122,2534.238674580447,6
124,123,825.0558439764977,18
124,126,751.4653851023422,25
124,127,2400.5678847010545,12
124,138,3770.1825697951645,5
124,142,711.4320164479545,10
125,109,1774.6440835203466,9
125,122,1530.5205554995594,12
125,126,1703.5947519641502,7
125,127,1909.1874672319823,17
125,231,32354.382300242753,6
126,111,5466.083220298993,5
126,116,5110.443412616746,6
126,123,1741.9074183887806,5
126,124,719.9388036402169,27
126,125,1703.5947519641502,7
126,127,1830.424853581318,20
126,139,783.8455666985475,6
126,140,2181.8526169588636,6
127,91,1641.0374046063755,12
127,109,3141.0600834366396,8
127,110,1034.129683675647,8
127,121,5246.569446248303,6
127,122,4897.916201151239,7
127,124,2306.460235282539,11
127,125,1896.7148807836525,16
127,126,1920.6237969046979,21
127,138,1627.0496829373228,13
127,139,1169.0999184869877,5
128,129,913.6784550930788,13
128,131,985.7348533638971,7
128,133,994.5088558737172,11
128,163,1663.3268704194236,7
128,360,13414.789429200007,5
129,2,4320.395002797794,5
129,10,2795.362499260197,5
129,128,825.2157534591607,16
129,130,753.0472068420096,6
129,133,1122.6735719984545,13
129,134,1993.7556226757029,8
129,135,1646.2789190387532,5
129,144,2996.3055760879824,7
129,147,4845.621219203994,6
129,153,3380.6154156763064,5
129,154,3642.383476278336,6
129,163,774.480651677812,8
130,10,1366.7464861682006,5
130,12,2423.466839603318,7
130,129,753.0472068420096,6
130,131,574.2635942068631,10
130,132,1296.5627438367926,8
130,135,2197.7861842461857,6
130,163,1592.802566288048,8
130,165,949.953168484197,8
131,9,1661.7934011521113,5
131,10,1330.465953713266,6
131,128,985.7348533638971,7
131,130,574.2635942068631,10
131,133,1788.9379873788637,11
131,136,2872.0077229755284,5
132,130,1338.4604450791855,8
133,128,994.5088558737172,11
133,129,1134.0314731191831,13
133,131,1788.9379873788637,11
133,134,1273.790570129504,9
133,135,1908.373691895379,14
133,137,2202.551391333796,11
133,144,2179.940657803235,12
133,152,2701.9947001795363,7
133,165,2099.3877879632855,5
134,129,1993.7556226757029,8
134,133,1318.2412972235666,9
134,135,1351.9202337833706,8
134,136,3119.6635604286744,12
134,137,1488.1570006946276,12
134,141,3032.944143133427,5
134,144,1850.4252386995124,19
134,152,2659.922874860549,8
135,130,2197.7861842461857,6
135,133,1925.76088343168,17
135,134,1272.7606624476007,10
135,144,1812.9789280622963,11
135,147,3063.106982543584,5
135,152,1294.7768386929913,12
135,154,2795.9201618606285,5
135,163,1595.585177005609,6
135,165,2365.0634081196463,5
136,8,1636.1997259401685,6
136,131,2872.0077229755284,5
136,134,3188.5865897723925,12
136,137,1281.6939554192757,24
136,138,823.0780152619855,5
136,140,1310.2406841585328,6
137,37,3565.1107062553265,5
137,133,2202.551391333796,11
137,134,1488.1570006946276,12
137,136,1281.6939554192757,24
137,140,1469.3801833765103,8
137,141,1929.5650187650222,7
137,144,1718.184023469484,7
138,124,3650.0712060910682,6
138,127,1627.0496829373228,13
138,136,763.6851119570255,5
138,139,1606.7849526518544,16
138,140,1245.2264728425846,12
138,144,5543.956203265819,5
139,84,4685.54876397916,6
139,126,783.8455666985475,6
139,127,1169.0999184869877,5
139,138,1653.8163533138238,16
139,140,1141.9507238329393,8
139,141,2648.444060860506,9
140,92,2876.5865323699554,5
140,126,2181.8526169588636,6
140,136,1301.7622945161029,6
140,137,1500.1844418762535,7
140,138,1304.9464346735997,11
140,139,1141.9507238329393,8
141,134,2965.5227647322536,6
141,137,1929.5650187650222,7
141,139,2525.903133298348,10
141,142,1428.6862698725897,14
141,144,1740.3634369267695,14
141,145,1436.8996492686474,10
142,124,711.4320164479545,10
142,141,1428.6862698725897,14
144,121,4556.002663997927,10
144,129,3139.3188554137964,6
144,133,2181.1804383256954,11
144,134,1886.0876048143,20
144,135,1819.015830669357,13
144,137,1718.184023469484,7
144,141,1545.8276750277423,14
144,145,1900.1800775773963,16
144,147,3715.6168700284816,6
144,148,2576.988186597241,11
144,153,2801.789450687387,6
144,154,3647.446815768007,6
145,141,1436.8996492686474,10
145,144,1964.5942391551364,16
147,129,4980.352797044089,7
147,135,3063.106982543584,5
147,144,3595.5478785173614,6
147,148,1184.9786263843534,11
147,151,966.8934560707698,6
147,154,2026.0162586831325,10
148,144,2523.676855910774,11
148,147,1184.9786263843534,11
148,152,3514.1801441806974,5
148,153,1433.2631632829266,11
150,151,2397.953895688986,9
150,153,4039.5708670000154,5
151,147,966.8934560707698,6
151,150,2397.953895688986,9
151,154,3302.381658904575,11
151,155,1564.282569300457,10
151,156,1769.7218455947407,8
152,129,2130.9624572394077,5
152,133,2701.9947001795363,7
152,134,2642.1932096346586,7
152,135,1394.177510965411,11
152,148,3514.1801441806974,5
152,153,1171.6048439549709,13
152,154,1142.4261397733549,17
152,158,1383.079456768863,5
152,163,1685.0502625191555,6
153,129,3264.7663663550306,7
153,144,2844.011850138407,6
153,148,1433.2631632829266,11
153,150,4039.5708670000154,5
153,152,1209.2216780262274,13
153,154,1081.2671512359032,14
154,129,3642.383476278336,6
154,135,2795.9201618606285,5
154,144,3647.446815768007,6
154,147,1983.0743403915503,9
154,151,3107.5538765561478,10
154,152,1142.4261397733549,17
154,153,977.1569688406822,13
154,155,4164.201004649233,5
154,156,1944.1249100421007,26
154,158,1112.1710389743555,11
154,159,2419.1425069244015,9
154,165,4282.668575769509,5
155,151,1564.282569300457,10
155,154,4164.201004649233,5
155,156,1550.657901557647,20
155,370,879.0059657816893,7
156,151,1745.5029692123044,7
156,154,1944.1249100421007,26
156,155,1550.657901557647,20
156,157,2088.351121345176,5
156,159,1191.4460452824746,19
157,156,2218.142676400292,6
157,158,2341.283239496622,6
157,159,1090.7011818579774,29
158,154,1112.1710389743555,11
158,157,2341.283239496622,6
158,159,766.10114093906,12
158,163,1747.812009575619,10
159,154,2637.0843970984915,10
159,156,1250.123743018351,20
159,157,1106.1889877608248,28
159,158,797.4584276921505,11
159,160,1402.6161547929228,7
159,162,3934.1022849960063,7
160,159,1402.6161547929228,7
160,161,1527.7919972043173,6
160,162,1443.1099539854008,14
160,163,1810.148230984122,12
161,160,1527.7919972043173,6
161,162,1955.1916902367302,13
162,159,4026.216029139552,6
162,160,1443.1099539854008,14
162,161,1955.1916902367302,13
162,164,1380.0500882629774,5
163,9,3362.248678469975,5
163,128,1686.2371274452296,6
163,129,751.7957546861148,9
163,130,1592.802566288048,8
163,135,1786.4881489623672,7
163,152,1685.0502625191555,6
163,158,1457.1843892891222,8
163,160,1827.2262756333112,11
163,164,1398.0175369781186,9
163,165,1282.031065384478,22
164,11,1263.643077698278,7
164,162,1265.2856435571382,6
164,163,1313.544145284079,7
164,165,1445.2129097749623,5
165,12,1842.7827837494176,5
165,129,1335.876729782493,5
165,130,861.7791875016233,9
165,135,2365.0634081196463,5
165,154,4282.668575769509,5
165,163,1287.8169510559205,21
165,164,1445.2129097749623,5
166,39,2692.8091280296862,5
166,41,2820.757427299473,5
166,48,1373.9627592005481,6
166,167,1087.7064361743815,10
166,168,1720.350760139047,10
166,169,1649.4440522211382,14
166,208,1204.9846224240077,22
166,210,1647.1585720009496,18
167,39,1904.6486293148077,9
167,41,2585.442843368867,5
167,43,2332.8645992176093,6
167,48,1792.670406560979,6
167,166,1087.7064361743815,10
167,168,1181.5252571040603,11
167,169,2095.606362334026,10
167,170,3567.430218641941,6
167,171,4943.343064658238,5
167,208,2848.47654169936,6
167,210,2452.5880915487146,6
167,213,6418.130499901923,6
167,214,4154.6596264927475,8
168,39,1458.9683476524283,10
168,41,1056.7984205869009,9
168,43,2321.335319390181,6
168,48,2340.5359474552324,15
168,166,1809.8180872685014,10
168,167,1207.899081581555,10
168,169,1303.6667959558097,12
168,210,2938.85373638083,9
169,41,3046.172004029362,5
169,48,3356.661579949125,6
169,166,1784.0638534834095,14
169,167,2348.327945399601,5
169,168,1258.88851792562,14
169,170,1553.1926859884218,15
169,171,2741.266522784388,5
169,190,10831.504436582942,5
169,198,13349.110021569893,5
169,209,4211.41984504491,6
169,210,2867.166039538836,5
169,403,27071.450545700398,6
170,167,3541.754818865664,5
170,169,1668.2086281230922,18
170,171,1834.2501363249798,7
170,174,5790.790626127363,12
170,175,4096.016186796902,5
170,176,1311.9134288606251,9
170,177,2427.6344016004714,18
170,180,6738.311099054916,8
170,183,6849.769476118421,12
170,214,2679.9430567471745,5
170,219,5206.3945922458515,6
171,167,4935.712833479166,5
171,169,2647.025141802637,6
171,170,1772.865461343279,8
171,172,1132.5796376035314,19
171,175,3558.7997190565175,5
171,176,1571.0705474370761,11
172,171,1133.651455630275,20
172,173,1917.165187627922,12
172,182,1756.245502838973,6
172,183,3692.973781875774,5
173,172,1925.4962690870764,11
173,183,1790.630122589647,9
174,170,5790.790626127363,12
174,175,515.2149986403626,5
174,176,2192.7660301317,9
175,171,3558.7997190565175,5
175,174,515.2149986403626,5
175,176,1443.4649589055496,5
176,170,1219.3250119926824,8
176,171,1571.0705474370761,11
176,174,2192.7660301317,9
176,175,1443.4649589055496,5
176,177,868.47993517913,28
177,11,9271.582456743417,5
177,170,2370.821389142681,17
177,176,871.8743437410529,29
178,180,417.02858481406514,11
180,170,6738.311099054916,8
180,178,401.16574170155377,10
180,181,1201.2792282768492,27
180,182,2347.2835402858077,5
180,194,3416.6232511290837,5
181,180,1247.7364778090107,27
181,182,2276.1150406992606,11
181,184,1377.2183571844541,9
181,187,1083.5328470803129,14
182,172,1883.093177386343,5
182,173,965.9576013297908,5
182,180,2347.2835402858077,5
182,181,2276.1150406992606,11
182,183,953.5746053439054,13
182,184,2834.874654668795,5
182,188,4645.241448510098,5
182,197,6013.802597241095,6
183,170,6849.769476118421,12
183,172,3692.973781875774,5
183,173,1765.1325035675702,10
183,182,1028.962560184489,14
183,184,842.9292025914361,5
183,217,723.0743287315314,9
184,181,1377.2183571844541,9
184,182,2834.874654668795,5
184,183,842.9292025914361,5
184,185,480.3762092697096,7
184,193,1007.8045017031285,10
185,184,480.3762092697096,7
185,186,538.5522331391802,33
185,188,1403.2808264056646,5
186,185,546.6372933709932,32
186,187,823.1335928850758,6
186,188,928.1537593394613,6
186,198,2464.5216358847447,6
187,181,1120.3779806456432,13
187,186,823.1335928850758,6
187,197,1214.595501537269,9
187,198,2408.371312006936,7
187,199,3424.1731229115576,5
188,182,4645.241448510098,5
188,185,1403.2808264056646,5
188,186,934.7613650272303,7
188,195,1159.5113685438632,11
188,196,1378.0427322103155,11
188,197,698.9930093478397,15
188,198,1793.1026204246957,14
188,206,5678.712361007172,5
189,190,1528.8587021513213,8
189,226,1483.0301379948457,11
190,169,10831.504436582942,5
190,189,1376.5516844724414,8
190,196,3155.233065100022,7
190,222,1675.1629575711602,9
190,223,930.3413851271348,16
190,226,1720.54089441926,10
191,203,4957.476218990791,10
191,226,4129.317077097607,5
192,193,1325.8733101607888,7
192,194,846.2584875126845,11
193,184,1007.8045017031285,10
193,192,1325.8733101607888,7
193,194,938.0312178004057,5
193,195,1937.085953235776,6
193,217,1154.841953275269,6
194,180,3416.6232511290837,5
194,192,904.5415200024744,12
194,193,938.0312178004057,5
194,195,899.9485322297129,5
195,188,1135.3339572718953,10
195,193,1937.085953235776,6
195,194,899.9485322297129,5
195,196,871.7512311926456,15
196,188,1333.1417164648594,9
196,190,3155.233065100022,7
196,195,834.7231981914463,16
196,197,2063.8992260822033,10
196,198,2162.866273833997,12
196,202,2666.521790976847,7
196,203,1199.326547198745,6
197,182,6013.802597241095,6
197,187,1214.595501537269,9
197,188,749.1487345552478,17
197,196,2004.5200343115507,9
197,198,941.9328536867632,29
197,199,2731.9842568793215,6
198,186,2567.1371880867982,7
198,187,2408.371312006936,7
198,188,1759.9893739599627,13
198,195,3418.1744797220963,5
198,196,2100.5126881300025,15
198,197,959.0019463752825,29
198,199,1933.5481505612631,7
198,200,4963.378227061788,6
198,201,2199.7516028317455,5
198,202,2941.180816881887,10
198,206,4131.73767234993,5
199,187,3424.1731229115576,5
199,197,2731.9842568793215,6
199,198,1920.421498325044,8
199,200,2587.4745568739836,9
199,201,1711.8967825615618,5
200,198,4963.479100124886,6
200,199,2688.3442587305485,10
200,201,4151.289122242261,5
200,206,1618.5910518909404,19
200,207,1111.9777802666913,29
201,198,2199.7516028317455,5
201,199,1711.8967825615618,5
201,200,4151.289122242261,5
201,202,1223.4622850705841,11
201,205,3267.284527511457,7
201,206,907.9765816003567,18
202,196,2450.3033171350116,5
202,198,3094.5287116439226,12
202,201,1252.3885348482752,12
202,203,1019.3076279132312,16
202,206,2355.4082086690173,6
203,191,4957.476218990791,10
203,196,1199.326547198745,6
203,202,1047.9655335811854,16
203,204,768.5991338682628,7
203,227,2074.45764306269,7
204,203,831.6447386483637,6
204,206,3109.2149192097277,5
204,227,2049.0550003466224,11
204,396,1671.5454515014171,5
205,201,3267.284527511457,7
205,206,1888.168899923413,11
205,207,917.6580367962337,15
205,396,1053.3722728293799,11
205,399,673.5716748581341,7
206,188,5678.712361007172,5
206,198,3944.3940296122737,5
206,200,1639.7772612267838,19
206,201,943.7310108955321,18
206,202,2384.6891678033166,7
206,204,2837.576206259711,6
206,205,2112.854567728041,13
206,207,1266.0542348166298,15
207,200,1117.8915006034847,30
207,205,776.1191112868349,14
207,206,1255.6631229464726,15
207,399,1021.3078655681906,20
207,400,3959.3622967560814,5
208,166,1154.0740662772548,20
208,167,2678.060802648951,7
208,170,2883.453370465278,5
208,209,1745.170994929511,11
209,208,1728.1219091668756,11
209,210,1714.1059979895708,8
209,211,1389.4997424834155,8
209,213,2482.564791818671,5
209,219,1981.747391796569,6
210,166,1647.1585720009496,18
210,167,2498.8099651536495,7
210,168,2938.85373638083,9
210,209,1644.7473287486223,9
210,211,2771.8846054537053,10
210,212,4242.36605115131,5
210,213,3476.088308437383,9
210,219,5299.396432391863,5
211,209,1411.1032757178577,7
211,210,2572.0529142313585,11
211,212,1413.4017904935686,7
211,257,1994.797726297204,8
212,210,3822.3800425051395,6
212,211,1513.7773275109478,6
212,213,980.4868153137634,20
213,167,6414.380786816923,7
213,209,2482.564791818671,5
213,210,3433.2016017984674,8
213,212,976.9547747397734,21
213,221,1415.3353733201186,9
214,167,4371.072710583506,6
214,170,2679.9430567471745,5
214,215,1094.7191949493028,10
214,216,3495.27001340775,7
214,219,2432.8732094987986,9
215,214,1094.7191949493028,10
215,216,1333.6774063001903,9
215,218,2310.1551529183953,5
215,219,1854.7790402068583,18
216,214,3495.27001340775,7
216,215,1333.6774063001903,9
216,218,1922.2901758460282,14
217,183,723.0743287315314,9
217,193,1154.841953275269,6
218,215,2155.659181249514,5
218,216,1922.2901758460282,14
218,220,1667.3452995672642,9
218,222,2651.4985158966983,5
219,170,5206.3945922458515,6
219,209,1981.747391796569,6
219,210,5299.396432391863,5
219,214,2432.8732094987986,9
219,215,1911.457369607907,17
219,221,777.3432092849955,14
220,169,9330.92896588911,5
220,218,1671.1415406025328,9
220,222,664.1409418656418,21
221,213,1415.3353733201186,9
221,219,777.3432092849955,14
221,222,2348.593977652959,10
222,190,1332.6439462887258,5
222,218,2651.4985158966983,5
222,219,3156.6154874882313,5
222,220,664.1409418656418,21
222,221,2268.4991800397825,8
222,223,1239.878318809478,15
222,224,1847.3435360007632,6
222,226,4593.056038437829,6
223,190,926.2789777530356,16
223,222,1262.5276541146025,14
223,225,1700.8517588954928,7
223,229,6188.958020781673,5
223,232,4185.229078460192,5
224,222,1847.3435360007632,6
225,223,1700.8517588954928,7
225,226,1135.0837792092589,5
225,227,1074.084901041178,6
225,229,1486.9719274386186,23
225,232,819.8180014196419,9
225,267,3954.6882282087086,5
226,189,1483.0301379948457,11
226,190,1619.91896596113,9
226,191,4201.474024372273,6
226,222,4593.056038437829,6
226,225,1135.0837792092589,5
226,227,1685.9605382135423,13
227,203,2074.45764306269,7
227,204,1822.0072170173237,13
227,225,1010.6008660242359,6
227,226,1716.4482672841482,15
227,228,1631.237458239292,12
227,229,2410.5503117681105,14
227,398,7284.929326835524,7
228,43,21291.549050815534,5
228,227,1631.237458239292,12
228,229,1426.8410831341275,8
229,223,6188.958020781673,5
229,225,1585.037722217634,24
229,227,2473.552270259425,15
229,228,1426.8410831341275,8
229,230,1123.9674373195492,38
229,233,5313.971006753873,6
230,227,5827.820249126691,5
230,229,1217.4578338429637,36
231,125,32354.382300242753,6
231,232,2294.827911930382,11
231,265,7614.223842780612,5
232,223,4185.229078460192,5
232,225,829.2049056959243,8
232,231,2294.827911930382,11
233,229,5313.971006753873,6
233,235,1090.3575502781919,7
233,254,13530.267448921382,5
233,264,3517.263537547877,6
233,267,1386.591298829831,7
234,235,624.8523919844304,17
234,265,5499.0810006869315,5
235,233,1090.3575502781919,7
235,234,624.8523919844304,17
235,264,1884.8449040224602,6
235,267,1321.936520913874,9
236,54,4428.644076373413,5
236,237,1048.8507761635115,16
236,238,1624.0424760650558,9
236,239,797.9797764843017,21
236,240,926.1997567439251,10
236,241,1152.2132773150188,8
236,250,3927.519837251548,6
236,252,3072.6026905287226,5
236,254,2763.613405247148,5
237,236,1042.6335682399442,16
237,239,1025.6054276395555,16
237,240,1754.9242132452364,5
237,241,1640.8089196199776,13
237,242,1030.3254986844966,16
237,244,1965.0220596564984,5
237,245,3935.4945398820587,7
238,236,1670.5292163872923,8
238,239,908.6833625726525,18
238,240,2133.3644753474887,6
238,243,1270.5954459280956,5
238,252,1723.7612523379705,6
239,48,5566.147141425566,5
239,236,832.5526958863007,20
239,237,897.0535226779307,12
239,238,925.5470424970437,17
239,240,1181.7737649423439,9
239,250,2821.9772776492146,5
240,51,2067.2978350821713,7
240,236,1018.7765209056062,11
240,237,1789.17146604707,7
240,238,2133.3644753474887,6
240,239,1063.8785293821481,7
240,241,837.4299723808717,23
241,18,2135.6345064477196,5
241,236,1103.4745866016408,11
241,237,1642.1479272132922,10
241,240,884.0927821296592,24
241,242,791.0273355415496,5
241,243,4269.293269898824,6
241,253,1256.998282485625,7
242,237,1030.3254986844966,16
242,241,791.0273355415496,5
242,243,1760.0796948972104,13
242,244,1351.7731731922547,22
243,238,1270.5954459280956,5
243,241,4269.293269898824,6
243,242,1760.0796948972104,13
243,244,1059.0564442235955,30
243,245,1318.5923109135172,13
243,247,1846.245584375508,5
243,252,1270.4363744890816,11
244,237,1965.0220596564984,5
244,242,1354.3785491545216,21
244,243,1067.679214362314,31
245,237,3935.4945398820587,7
245,243,1318.5923109135172,13
246,58,5164.603298737024,5
246,247,1281.366483933213,14
247,243,1846.245584375508,5
247,246,1281.366483933213,14
247,249,1700.4210142209515,9
247,252,2674.786937068023,6
249,247,1700.4210142209515,9
249,250,1519.7061305769766,14
249,251,3000.5708457154033,5
249,252,1596.6332311098295,9
250,58,1709.7207295127241,8
250,59,1075.3405359834096,14
250,61,2146.6471897000056,8
250,236,3927.519837251548,6
250,239,2726.9539541446256,5
250,243,2500.9364483177055,5
250,249,1519.7061305769766,14
250,251,880.2307559661259,6
250,252,1183.6583873681961,17
250,301,7932.4202881189585,5
251,58,757.5865807593225,5
251,249,3000.5708457154033,5
251,250,958.3995042259015,7
252,236,3104.908774233971,6
252,238,1677.8426403230744,6
252,243,1171.254300697747,10
252,247,2455.1894461574957,7
252,249,1608.6528889731105,9
252,250,1173.8722087040221,19
253,44,2037.1874866504081,5
253,45,1292.3187324735495,15
253,241,1256.998282485625,7
253,254,873.1997738184597,72
253,255,1238.2823799691294,9
254,40,4500.704178058792,6
254,43,3638.2004780557218,5
254,44,2310.3652604312024,6
254,45,2346.5685389012815,11
254,46,1817.3462012471334,8
254,47,1520.4876856221806,6
254,213,5452.585875609412,5
254,233,13530.267448921382,5
254,236,2763.613405247148,5
254,253,879.8486947957313,70
254,255,1869.642352730627,10
254,256,2169.3982122987604,14
254,257,4625.957430194358,5
254,261,5029.831420179076,7
255,253,1454.4330804426663,11
255,254,1741.7454702105135,8
255,256,1612.3289438978295,5
256,40,5023.559893143507,5
256,254,2293.8745723551865,16
256,255,1612.3289438978295,5
256,258,1966.5209784084977,7
257,1,10297.839984333285,5
257,211,1994.797726297204,8
257,256,1845.9986434155878,5
257,261,1130.5406057194557,5
258,256,1966.5209784084977,7
258,261,1277.956181777842,6
259,260,952.0791513861726,9
259,263,1054.420863476055,5
259,435,827.8149174733979,12
260,259,952.0791513861726,9
260,261,1571.376689051038,6
261,254,5029.831420179076,7
261,257,1130.5406057194557,5
261,258,1277.956181777842,6
261,260,1571.376689051038,6
261,262,1202.0238132329137,11
262,261,1202.0238132329137,11
262,264,1390.1916234465477,6
262,265,1470.0590606483986,9
263,259,1054.420863476055,5
263,264,1143.4702011595227,8
263,436,2286.750215422203,6
264,233,3517.263537547877,6
264,235,2053.651448253972,5
264,262,1390.1916234465477,6
264,263,1118.1235093710218,7
264,265,1359.9061262852733,18
264,266,1930.7182681035047,14
264,267,1145.5625273279454,6
265,231,7614.223842780612,5
265,234,5499.0810006869315,5
265,262,1470.0590606483986,9
265,264,1383.291338306638,17
265,266,736.2220405046197,21
266,221,2338.2879665256196,5
266,264,1963.7763637887897,13
266,265,696.4188359490871,23
267,225,3954.169649684991,5
267,233,1386.591298829831,7
267,235,1279.5677722442401,8
267,264,1090.6902375790671,7
268,62,5685.113454821656,7
268,64,3273.5846306227054,7
268,65,3275.7057417642013,7
268,66,2318.7491889567727,11
268,68,4666.434411359599,6
268,69,4281.496219052665,5
268,71,2245.020894555218,7
268,72,1074.9555267581907,24
268,73,3454.7033611322245,10
268,96,7719.253142097876,5
268,269,643.0295388900627,22
268,270,1421.362091263909,15
268,272,888.04578468991,7
268,273,1985.9995361070544,11
268,278,6586.539875061948,5
268,280,3599.6314143804684,6
268,281,3834.3603124820997,5
268,301,2330.5438009487693,23
268,302,1536.5339882573442,9
268,320,5015.007215514299,7
269,54,3981.613095364111,6
269,64,2379.447097245151,6
269,65,2842.7806580718316,7
269,66,1731.9934290412418,6
269,68,3784.247702241892,6
269,71,1392.726515898213,5
269,268,621.1277419224773,20
269,270,591.7558495471948,23
269,272,1072.4625884797247,7
270,31,8096.607491092283,5
270,60,1319.3029921547627,5
270,64,1649.629283611312,13
270,66,978.483591752031,13
270,70,2119.504206633151,5
270,268,1426.423125672803,15
270,269,570.1698204618822,21
270,303,4804.810154807688,8
272,72,3802.391637336424,6
272,73,4959.843847606084,5
272,268,888.04578468991,7
272,269,1072.4625884797247,7
272,273,1186.933404305543,25
272,274,1562.9868878777165,10
272,275,2103.8113348346255,8
272,280,4957.689534735009,5
272,282,3763.0554718891462,5
272,301,3306.2370137918283,6
273,268,1915.4308994253558,10
273,272,1186.933404305543,25
273,274,1683.375618022637,14
273,276,1148.7381319536755,14
273,277,1136.552977567132,6
274,272,1562.9868878777165,10
274,273,1683.375618022637,14
274,275,1148.7512488732673,21
274,276,1171.8858637712076,14
274,277,3710.891109108755,5
274,278,3601.373096158969,9
275,5,10813.385259857447,5
275,27,7682.886945538048,5
275,59,2183.1244278425447,7
275,60,826.366700342529,6
275,272,2103.8113348346255,8
275,274,1148.7512488732673,21
275,276,2289.195597842522,7
276,273,1099.0325831364469,15
276,274,1149.16509684459,13
276,275,2421.2097973639497,7
276,277,1977.1758901361131,10
276,278,1158.9412751435186,24
276,301,6410.614723486518,7
276,463,2327.5117483236477,5
277,273,1136.552977567132,6
277,274,3710.891109108755,5
277,276,1874.179297986629,10
277,278,1532.248584495561,27
277,282,1414.3421176754778,7
278,58,9248.232780254342,6
278,70,10111.86700063679,10
278,73,9597.699970876323,6
278,274,3601.373096158969,9
278,276,1054.2161762717349,24
278,277,1521.8428337857763,26
278,279,1381.341743380736,36
278,281,3896.8667482439723,6
278,282,3375.408534117656,6
278,284,1923.7549639983204,14
278,285,1212.6456591856468,8
278,463,1218.1942089906988,14
279,278,1375.2445172948203,31
279,281,2427.018518451122,5
279,282,1453.917886681319,6
279,284,678.3811903627768,11
279,303,5855.774969254425,8
280,268,3922.6046180185367,7
280,272,4957.689534735009,5
280,281,1181.9673507606494,10
280,282,2288.524769331764,10
280,283,1320.472209587312,9
280,284,4258.744226576582,6
280,287,2562.306091574214,9
280,290,6244.57043760537,7
280,301,3091.2533245796562,9
280,302,2458.8941147996516,6
280,304,3089.6078911188924,6
281,268,3834.3603124820997,5
281,278,3723.767245920501,10
281,280,1126.0800986672352,10
281,282,1818.6885099109518,7
281,283,1283.3498999650885,9
281,302,2491.7944073074354,7
281,303,1843.3701845400444,8
282,272,3763.0554718891462,5
282,277,1524.343758856395,8
282,278,3171.153046455381,6
282,279,1234.052465193537,5
282,280,2206.313438486968,11
282,281,1818.6885099109518,7
282,283,800.3292753127522,12
282,303,4396.1458506634635,5
283,280,1320.472209587312,9
283,281,1283.3498999650885,9
283,282,800.3292753127522,12
283,301,6644.232104063267,7
284,278,1864.017455778174,13
284,279,678.3811903627768,11
284,280,4425.242519174136,5
284,285,2743.0769366563077,6
285,278,1113.7641541520652,8
285,284,2743.0769366563077,6
285,463,2103.3320023392494,13
285,466,1496.4449451582996,6
285,467,1682.2419367994698,5
286,287,1735.602736929143,17
286,301,4274.045402050879,5
286,304,1368.9199227323857,5
286,307,3231.5988154555275,6
286,312,4714.759996592406,6
287,280,2611.188004071671,8
287,286,1776.910638068624,16
287,288,3096.587066822773,19
287,289,1696.2313248798955,12
287,290,3308.1471384026954,5
288,287,2987.7101689540277,18
288,289,1450.773957737976,25
288,291,1266.3983379570122,35
288,298,8404.172186663822,6
288,301,9394.051185705766,7
289,286,5212.841769757464,5
289,287,1631.8523990296112,11
289,288,1324.3387892204448,25
289,290,1119.778565798429,26
289,291,2090.5135287815115,17
289,292,5376.067590292644,6
289,293,2289.348003402001,9
289,298,10047.004499667071,6
290,82,17167.865055585655,5
290,280,6244.57043760537,7
290,287,3308.1471384026954,5
290,289,1188.6348446569586,27
290,293,2023.089116406667,5
290,303,7054.881953336953,6
291,288,1253.7532109565125,34
291,289,1641.5719125211742,14
291,292,1874.7203833841531,6
291,293,1699.6926851059952,13
291,294,3771.9248343153217,5
291,295,4903.193774568703,6
291,296,9753.462667176207,5
291,298,7510.4259218304005,12
292,289,5376.067590292644,6
292,291,1874.7203833841531,6
292,295,2644.7903558577723,5
293,289,2289.348003402001,9
293,291,1699.6926851059952,13
293,294,2967.7991303583062,7
294,291,3771.9248343153217,5
294,293,2967.7991303583062,7
294,295,797.67456601809,9
295,291,4903.193774568703,6
295,292,2644.7903558577723,5
295,294,797.67456601809,9
295,296,905.8696759969523,11
296,291,9753.462667176207,5
296,295,905.8696759969523,11
297,298,4994.045155596926,14
298,288,7505.753876952047,5
298,289,10703.990432013683,8
298,291,7478.820713939137,9
298,297,4994.045155596926,14
298,299,6946.756384800972,17
298,301,24454.35932506109,5
298,481,10052.708397104154,10
299,298,6946.756384800972,17
299,481,2522.633646529068,5
301,28,8357.854487794399,5
301,66,3460.169411606604,5
301,70,4450.981530965699,6
301,72,1647.976731324776,15
301,73,3114.5560448966175,7
301,80,7562.959138465994,5
301,88,10466.611298848782,6
301,268,2347.7247781542846,26
301,272,3263.4117800007516,7
301,276,6135.95792478033,6
301,280,3091.2533245796562,9
301,283,6441.224522037388,6
301,288,9577.836127529732,8
301,298,24454.35932506109,5
301,302,1921.2586743442052,22
301,303,2012.8816349268122,15
301,304,1957.2107600158038,17
301,305,4727.1660209091215,11
301,306,4815.475253887,7
301,316,8145.442118245612,9
301,320,3575.8692553613027,5
301,321,2408.5568822797773,16
301,322,2717.0662889836244,12
301,323,3908.7236884650033,6
301,326,5814.194859341368,5
301,328,4012.7106275985298,9
301,329,4920.125171975425,6
301,476,16126.766360100673,5
302,64,5172.156031764771,6
302,71,2872.9824828194237,5
302,72,1546.3340748323612,5
302,73,4861.764589047343,8
302,268,1536.5339882573442,9
302,280,2458.8941147996516,6
302,281,2491.7944073074354,7
302,301,1999.3402023562078,23
302,303,1561.449755958757,8
302,304,2628.5933931038267,10
303,79,10727.882023277962,5
303,270,4651.74544830546,6
303,279,5693.706270456567,7
303,281,1843.3701845400444,8
303,282,4396.1458506634635,5
303,286,2296.5622431717993,5
303,290,7054.881953336953,6
303,301,2167.701882186991,16
303,302,1561.449755958757,8
303,304,1140.4375068851516,33
303,305,4107.5178053903555,5
303,306,4991.734831842292,5
303,309,8474.917107479789,7
303,310,9436.644725613965,6
303,322,3601.425982889963,8
303,323,4493.762959770679,6
303,476,14165.726823372643,9
304,64,7828.8514675691285,5
304,280,3089.6078911188924,6
304,286,1536.3186177596851,5
304,301,1973.0094489549087,18
304,302,2687.592361309722,9
304,303,1183.35568556325,31
304,306,3521.9763704845413,7
304,316,7616.065949434196,7
305,64,9944.565480890078,5
305,301,4422.854349343295,12
305,303,4130.80204262733,5
305,306,1532.9498194941061,9
305,307,3486.411536820102,5
305,313,1127.1770971994167,8
305,322,1695.0137184499954,12
305,324,1265.5273534381947,9
306,301,4918.321559163064,9
306,303,5158.506230419155,6
306,304,3242.952593480501,6
306,305,1608.9334453562399,10
306,307,1485.8373471376594,8
306,309,4967.192688376795,5
306,312,1922.3811155225642,13
306,313,999.4185901023197,16
306,314,1169.09323593401,7
306,315,2388.4773654503606,5
306,316,5674.496679390073,5
306,322,3595.908358106223,5
307,286,3231.5988154555275,6
307,305,3486.411536820102,5
307,306,1609.7117719207029,6
307,312,1898.9903820745778,11
308,309,1999.7931225102943,13
308,312,4185.6465687183745,12
308,476,3008.558044362815,5
309,303,8355.951567115715,6
309,306,4967.192688376795,5
309,308,1999.7931225102943,13
309,312,3094.5347027362172,7
310,73,13573.014920467143,5
310,303,9436.644725613965,6
310,311,859.0087262190921,15
310,312,2232.153317340864,6
310,315,1278.369165859935,17
311,310,868.9131253391644,14
311,312,1166.701101695433,7
311,314,900.9698880533862,8
311,315,1007.6625243758016,6
312,286,4714.759996592406,6
312,306,1823.5437629703654,12
312,307,1898.9903820745778,11
312,308,4185.6465687183745,12
312,309,3078.7407344901926,6
312,310,2232.153317340864,6
312,311,1166.701101695433,7
312,476,8617.30414094844,5
313,305,1166.6504426767426,7
313,306,896.0874223209518,17
313,314,1100.1699577548052,11
313,315,1808.1739418661882,8
313,316,2192.9438770898214,15
313,324,1041.8374442446318,9
313,326,2802.7140074388417,5
314,306,1169.09323593401,7
314,311,900.9698880533862,8
314,313,1212.6070302815956,12
314,315,966.6851709417363,13
315,306,2388.4773654503606,5
315,310,1278.369165859935,17
315,311,1007.6625243758016,6
315,313,2076.101064065464,9
315,314,966.1425752878483,13
315,316,1399.6566086417395,20
315,476,3295.271494135374,8
316,301,8525.301149449899,9
316,304,7604.224492724755,7
316,305,5171.07464231705,5
316,313,1987.469737264316,14
316,315,1484.31557569934,21
316,324,2422.724408844738,8
316,325,1121.3438431030263,20
316,471,2508.17283175576,5
316,474,6614.194260887564,5
317,81,3492.8626408545765,5
317,82,2962.086761488641,6
317,318,1614.586256463577,9
317,320,1776.8591821482294,23
317,321,2874.7157131011645,5
317,330,1293.770678702285,16
317,342,919.4061267018176,14
318,68,2460.4606625503066,10
318,69,2274.8984288051024,7
318,73,1318.225012326149,6
318,79,5028.6168936373015,7
318,81,2091.860866080759,16
318,95,4402.770915812386,5
318,317,1762.4659604074122,11
318,319,2047.3870940832307,8
318,320,2767.3249159297834,12
318,323,6036.480489300157,8
318,328,4375.752133292529,12
318,341,1339.1876258784444,6
319,68,3575.6464798977945,6
319,73,2199.058576373858,7
319,81,4291.90000300106,5
319,268,3686.772975962395,6
319,318,1923.92679879804,11
319,320,1407.0076886416914,14
319,321,2586.6478891925763,8
319,323,4055.3483950787654,8
319,330,3165.492959023573,5
320,29,8082.115950964578,6
320,68,3740.8533653017334,6
320,70,4144.283275702929,7
320,77,6613.898483560557,5
320,81,4183.260128722694,28
320,97,5953.845194148161,5
320,268,4910.566281098393,5
320,301,3673.0324354123886,5
320,317,1667.6509714041756,22
320,318,2511.2485237563537,9
320,319,1389.222933752223,18
320,321,1273.3891256324214,23
320,322,3842.2783335629556,9
320,323,2616.833419557401,21
320,328,1517.0033469253244,26
320,330,1850.381360138448,18
320,342,2619.2562791331743,5
320,343,2877.01162975049,9
321,68,5862.943875256468,7
321,82,6393.11819449178,7
321,301,2517.949056937141,15
321,317,2874.7157131011645,5
321,319,2569.046454812178,7
321,320,1291.5719534147217,23
321,322,1204.1081708252511,37
321,323,1301.982984781822,13
321,328,1089.1773502670821,6
321,330,2089.1122339282365,9
322,64,8219.15080058453,5
322,73,5159.041544442726,12
322,301,2631.067347371624,13
322,303,3657.6282697246957,7
322,305,1561.0433624454542,15
322,306,3998.128891601089,5
322,320,3813.042780146413,11
322,321,1242.5838914240485,36
322,323,1335.090115517521,33
322,329,2263.6192137382614,5
322,330,3869.9402325307315,8
323,27,10579.62536585384,6
323,65,7246.010764602606,5
323,68,6997.272351734484,5
323,73,5431.086029953072,13
323,81,7189.426939848784,5
323,82,7459.355663637261,5
323,301,3908.7236884650033,6
323,303,4560.077480165725,7
323,318,6036.480489300157,8
323,319,4087.9186973343312,11
323,320,2616.833419557401,21
323,321,1268.0345496973594,13
323,322,1335.090115517521,33
323,324,1289.5157508663597,5
323,328,1353.8005251807876,10
323,329,1314.905730962379,11
323,330,2579.820650936207,5
324,305,1285.702761714303,8
324,313,1041.8374442446318,9
324,316,2422.724408844738,8
324,323,1289.5157508663597,5
324,325,914.7468557951803,5
324,326,1641.3339752967636,23
325,316,1167.385088622801,21
325,324,842.5809395218685,5
325,326,961.3036114038028,6
326,301,5814.194859341368,5
326,313,2657.022405998733,5
326,324,1641.823092354713,25
326,325,1009.8838500391822,6
326,327,1223.202289286886,18
326,329,3143.498028942688,5
326,330,5710.48995022073,6
327,323,713.840158773011,5
327,326,1139.6188045178253,18
327,468,1752.246822537134,5
328,72,3905.4839714196714,5
328,73,4149.928586908496,5
328,81,6133.333623178739,8
328,82,6303.872018972503,6
328,301,4012.7106275985298,9
328,318,4375.752133292529,12
328,320,1532.921907997084,25
328,321,1089.1773502670821,6
328,323,1292.9616464849241,11
328,329,1221.9692802340073,18
328,330,1562.959814628926,18
329,301,4920.125171975425,6
329,322,2389.2543777873434,6
329,323,1366.7919700057528,10
329,326,3022.1012900323403,6
329,328,1187.4679122904372,19
329,330,1621.2118732551933,13
329,468,1954.698328815951,7
329,473,8934.19868966415,5
330,81,4555.212421097326,6
330,317,1165.5948566011914,15
330,319,3165.492959023573,5
330,320,1722.031513480481,18
330,321,2256.7852171470363,12
330,322,3956.0171670191717,6
330,323,2579.820650936207,5
330,326,5710.48995022073,6
330,328,1558.0013336079123,16
330,329,1735.8575265996237,13
330,342,1565.5822286313644,10
331,343,1290.433716234167,7
332,333,1738.46225378102,6
332,337,2101.572030647534,5
332,468,1255.6050620153987,8
333,80,11651.913695392997,5
333,332,1738.46225378102,6
333,334,1215.703534059956,8
333,468,3460.242935434092,13
334,333,1215.703534059956,8
335,336,1084.8231005090847,8
335,337,1611.5918915575714,7
335,338,1629.060888940064,5
335,340,2189.901025982378,10
336,331,2605.5311338353063,8
336,335,1084.9495286138656,8
336,337,1423.163039891617,11
336,340,3812.460696048928,5
336,343,1704.59128934903,10
337,79,10822.065967101504,5
337,335,1611.5918915575714,7
337,336,1403.6133365169753,12
337,338,1340.021971264094,10
337,339,2895.6732724613016,6
337,500,2703.130599698421,11
337,501,1336.8681152333318,8
338,335,1629.060888940064,5
338,337,1606.0708300126232,6
338,339,925.0865434211214,24
338,340,3121.832035843353,9
339,80,7033.149713452928,6
339,338,901.063052800671,24
339,340,2884.2068930655605,5
339,500,2087.3441216496535,9
340,30,7278.875341801032,6
340,32,6695.763257797231,5
340,80,4019.5745756078186,9
340,81,3724.1307550630722,5
340,82,3256.363758186556,5
340,83,3479.149262576985,8
340,97,2278.692276155198,12
340,103,4505.243572867536,5
340,335,2189.9697058829215,10
340,336,3812.460696048928,5
340,338,3240.924082311774,8
340,341,1328.177224950003,25
340,342,1579.405293494832,6
340,343,1466.0339086930114,5
341,80,2733.7983406456888,5
341,82,1432.7717468925582,9
341,340,1237.5122295760252,24
341,342,1188.9334287053748,14
342,82,2787.0479322185247,5
342,317,843.8613080153674,17
342,322,5797.377125450135,5
342,330,1572.627070241593,9
342,336,3227.0774244455747,6
342,340,1579.405293494832,6
342,341,1118.035282004071,12
342,343,674.9587395877026,11
343,320,2877.01162975049,9
343,331,1290.433716234167,7
343,336,1891.343074728379,7
343,340,1465.7634030009986,5
343,342,922.2970522228936,14
344,345,6743.44445983532,40
344,360,4966.161114414404,5
345,119,4305.701935437111,11
345,344,6743.44445983532,40
345,346,3069.1623077149216,29
345,352,7683.256117563021,5
345,356,9756.500041517447,5
346,345,3013.488316468912,29
346,351,3198.4896399632235,7
348,349,5210.285336109163,49
348,352,15373.254313013129,7
348,357,15335.304817772168,13
348,526,5064.343511963977,16
349,348,5114.670220285461,50
351,346,3198.4896399632235,7
351,352,2795.733095014875,22
351,356,3670.4762801255806,7
351,357,4882.523583163781,11
352,345,6932.840788557136,5
352,348,14170.34825007746,5
352,351,2935.384773494637,22
352,357,4464.402895806477,8
356,345,9756.500041517447,5
356,351,3670.4762801255806,7
356,357,2307.1765510165187,31
356,358,2779.7815750262057,8
357,348,15335.304817772168,13
357,351,4680.432506911588,13
357,352,4464.402895806477,8
357,356,2225.48983493004,33
357,358,1271.915384581344,22
358,356,2758.0553486754943,9
358,357,1271.915384581344,22
359,360,8237.68251337416,12
359,361,4714.1211187845865,22
359,362,4702.9020460332595,21
360,128,13414.789429200007,5
360,344,4966.161114414404,5
360,359,8237.68251337416,12
361,359,4714.1211187845865,22
361,362,3157.1553125512633,31
362,359,4702.9020460332595,21
362,361,3274.614939390943,31
363,364,1012.3077193914274,24
363,366,1248.633702723826,7
363,367,2958.5457454034827,15
363,368,1089.8431262181184,15
363,369,2358.3280496945704,13
363,370,2891.096954939486,8
363,371,1602.268359818591,15
363,372,3175.7249865571944,7
363,376,10300.11982415898,10
363,378,12662.814454346171,8
363,379,8699.363030207085,10
363,383,9400.874719556849,6
363,384,12092.044078881707,10
364,363,1036.27319241127,24
364,365,4336.173613556788,8
364,366,899.8996248961853,34
364,367,3847.643066622688,7
364,368,2633.4405131743565,9
364,371,2001.5673392699528,8
364,372,2023.169147375366,13
364,373,1726.3601359244458,12
364,374,3960.4259883689097,10
364,375,5055.066354879453,5
364,376,5893.913976163056,5
364,378,11742.806297092651,7
364,380,4817.396127040269,6
364,381,5760.335724263373,11
364,385,14666.258854537231,5
365,364,4600.19228074417,9
365,366,4432.961309890096,6
365,367,7449.50364455412,6
365,368,7144.612401328516,7
365,371,7694.335674020952,5
365,373,1836.017354085874,6
365,376,2966.5266122727166,13
365,378,7129.8538771185285,13
365,379,1469.492197724714,44
366,363,1248.633702723826,7
366,364,940.3521962611279,35
366,365,4432.961309890096,6
366,373,1597.390227429888,8
367,363,3132.154397172439,14
367,364,3720.4275683092505,8
367,365,7449.50364455412,6
367,368,1814.6453935377292,15
367,369,1313.545587004083,15
367,370,5443.760553536306,7
367,372,5270.9660549582,10
367,376,10335.78256164869,7
367,381,9713.992037539043,9
368,363,1108.3146643996256,15
368,364,2633.4405131743565,9
368,365,7144.612401328516,7
368,367,1814.6453935377292,15
368,369,1485.0477515907394,12
368,371,2263.0576166398673,9
368,372,4909.506070353511,5
368,376,9676.987887690284,5
369,363,2358.3280496945704,13
369,367,1466.3184954858013,15
369,368,1485.0477515907394,12
369,370,1502.3270942193692,20
369,371,1537.402914624695,6
369,378,14405.238295051517,5
370,155,879.0059657816893,7
370,363,2891.096954939486,8
370,367,5715.566196220133,6
370,369,1554.1233600413132,18
370,371,1389.316887493349,20
370,376,10625.170769154745,7
370,378,15915.897616397144,6
371,363,1612.5150526750458,16
371,364,2112.926127260518,9
371,365,7694.335674020952,5
371,368,2263.0576166398673,9
371,369,1701.3736600109926,7
371,370,1481.4408908997002,18
371,372,1936.9593700310163,9
371,380,2488.659958985634,10
372,363,3175.7249865571944,7
372,364,2023.169147375366,13
372,367,5270.9660549582,10
372,368,4909.506070353511,5
372,371,1936.9593700310163,9
372,374,1452.2997889274516,5
372,381,1354.929619496366,11
373,364,1675.0068404899735,11
373,365,1836.017354085874,6
373,366,1597.390227429888,8
373,374,1602.6229498050316,5
374,364,3960.4259883689097,10
374,372,1452.2997889274516,5
374,373,1602.6229498050316,5
374,375,2177.888819145484,6
374,381,1084.2374711124162,29
374,383,4856.649187248835,7
375,364,5055.066354879453,5
375,374,2132.21400895549,5
375,377,7726.050369018432,5
375,384,5355.668058498523,8
376,363,10300.11982415898,10
376,364,5893.913976163056,5
376,365,2966.5266122727166,13
376,367,10335.78256164869,7
376,368,9676.987887690284,5
376,370,10625.170769154745,7
376,377,2020.9836969795806,17
376,378,4880.973421906999,8
376,379,4211.3021448767195,11
376,380,9834.209671591496,7
376,383,4260.225427602082,6
377,375,7726.050369018432,5
377,376,2020.9836969795806,17
377,378,3918.3785396371645,9
377,384,2066.0019233585513,7
377,385,1574.9831360033024,20
378,363,12662.814454346171,8
378,364,11860.566374102755,8
378,365,7239.910836035032,14
378,370,15915.897616397144,6
378,376,4754.295052242973,8
378,377,4099.526531400014,8
378,379,2767.6557471153633,30
378,401,4589.195185868974,5
379,363,8699.363030207085,10
379,365,1503.432129220527,45
379,376,4211.3021448767195,11
379,378,2689.4995536486604,30
379,383,6190.795312637573,8
380,364,4817.396127040269,6
380,371,2488.659958985634,10
380,376,9834.209671591496,7
381,364,5686.115034003722,11
381,367,9713.992037539043,9
381,372,1354.929619496366,11
381,374,1084.2374711124162,29
383,363,9400.874719556849,6
383,374,4856.649187248835,7
383,376,4260.225427602082,6
383,379,6190.795312637573,8
383,384,2251.4904390006145,7
384,363,12049.766216511527,10
384,375,5087.6273347343,7
384,377,1773.1154632084747,7
384,383,2440.956625359126,8
385,364,14666.258854537231,5
385,377,1563.7962395676564,20
387,388,2461.165225233979,44
388,387,2461.165225233979,44
388,389,4233.316803751473,27
388,400,9250.884760035726,7
388,401,4526.1052376812795,10
389,388,4233.316803751473,27
390,388,13254.62912692394,5
390,391,4184.732055689958,40
390,407,23374.29028789715,5
391,390,4184.732055689958,40
394,396,2177.3710240703535,31
394,397,1294.6167275733685,6
394,398,2695.9053085707155,10
394,403,8932.648991141748,6
396,204,1657.7252030162397,6
396,205,1053.3722728293799,11
396,394,2134.427142418098,31
396,398,2112.450169108925,5
396,403,7371.50633333125,5
397,394,1266.128751464797,7
397,398,2823.065564694874,37
397,404,3648.9573307742576,5
398,227,7284.929326835524,7
398,394,2695.9053085707155,10
398,396,2845.588189643622,6
398,397,2869.893648389876,38
398,399,2126.456187577465,17
398,400,4872.1760272894135,9
398,402,6594.149407479069,6
398,403,4594.933440006174,11
398,404,3675.8569558595605,16
398,407,14760.33914396905,5
399,205,673.5716748581341,7
399,207,1110.2074972825544,21
399,398,2116.9247077841223,20
399,400,2841.9263329745263,41
399,401,5896.903891614269,16
399,402,4653.58921622202,8
400,207,4881.924253568724,5
400,388,8972.946934829493,8
400,398,5285.5515980986465,5
400,399,2803.323362973243,46
400,401,3550.177452477052,33
400,402,2990.437575167999,53
400,404,8958.926019974648,11
401,378,4589.195185868974,5
401,388,4526.1052376812795,10
401,399,6023.356945205938,17
401,400,3527.570897539499,32
401,402,3430.9205431247433,36
402,398,6594.149407479069,6
402,399,4653.58921622202,8
402,400,3073.757147373689,53
402,401,3494.8865257130014,35
402,403,3160.168574232391,18
402,404,6825.345462326333,14
402,405,21703.355723345943,6
402,412,1850.6286836529944,17
403,169,26198.013312907176,5
403,394,8932.648991141748,6
403,398,4617.763685706701,12
403,402,3114.1077037453833,19
403,404,5026.120945293845,63
403,405,14621.01160592054,8
403,406,12404.057351055259,5
403,412,4509.064172099913,5
404,398,3829.7153231512875,19
404,400,9067.984271919877,13
404,402,6825.345462326333,14
404,403,5229.553224344882,62
404,405,11429.054609442173,20
404,406,8067.966578415334,33
404,410,8356.887580483179,6
404,411,6116.4711474514415,10
405,402,21703.355723345943,6
405,403,14621.01160592054,8
405,404,11545.10526701391,17
405,406,3094.4315198563972,21
406,403,12587.020676969214,5
406,404,7757.123772653628,32
406,405,3223.6939128301174,20
407,390,23374.29028789715,5
407,398,14760.33914396905,5
407,408,2393.2474789852267,18
407,409,2540.976814980264,47
407,410,3092.3366130998033,32
407,411,6013.844151156955,23
407,412,11229.977976597691,6
407,413,10597.986467651916,13
407,414,11875.410970185767,25
407,415,5444.57575742768,25
407,416,12904.581675598803,6
407,418,17201.80994404975,6
407,490,71837.89112109943,6
408,407,2449.3638248303173,19
408,409,2697.3162390604675,14
408,410,4073.7395840379904,12
408,411,7056.420521394871,9
408,412,9020.944821397572,9
408,413,2742.544721625582,12
408,415,5144.499266230298,11
408,418,17144.826491740776,6
409,407,2624.340484193884,44
409,408,2557.1255096742407,15
409,410,5539.962540532362,14
409,411,7825.3976950715105,9
409,413,12988.795810601818,8
409,414,10016.35892187706,6
409,415,4461.804047314049,12
410,404,8343.835273039702,5
410,407,3092.3366130998033,32
410,408,3970.0442056290917,11
410,409,5502.29158084027,16
410,411,3088.084151729608,15
410,412,10682.200977777464,7
410,413,8523.652105070078,5
410,414,15071.517059711556,5
410,415,8480.44849083539,6
410,416,4235.390027321848,9
411,404,6015.117552906111,9
411,407,6122.655806736403,23
411,408,7056.420521394871,9
411,409,7825.3976950715105,9
411,410,3088.084151729608,15
412,402,1850.6286836529944,17
412,403,4509.064172099913,5
412,407,11229.977976597691,6
412,408,9020.944821397572,9
412,410,10682.200977777464,7
413,407,10597.986467651916,13
413,408,2742.544721625582,12
413,409,12988.795810601818,8
413,410,8523.652105070078,5
413,422,3745.592769194427,6
414,407,11875.410970185767,25
414,409,10016.35892187706,6
414,410,15071.517059711556,5
414,415,6644.589982265602,7
415,407,5385.07872806298,27
415,408,5144.499266230298,11
415,409,4606.900887830788,11
415,410,8480.44849083539,6
415,414,6644.589982265602,7
416,407,12904.581675598803,6
416,410,4235.390027321848,9
418,407,17201.80994404975,6
418,408,17144.826491740776,6
418,420,16372.139586451998,7
420,418,16372.139586451998,7
422,413,3745.592769194427,6
424,425,1201.9537169629546,28
424,426,2197.0697058981773,29
424,427,1373.9692976603114,31
424,428,1316.4535004393028,44
424,429,5537.698961524216,12
424,456,10135.607678980872,7
425,424,1108.314550853496,25
425,426,1454.88534522735,29
425,427,2760.0493506417515,16
425,428,2845.185082084228,15
425,429,3489.7132293288305,6
425,433,1637.4743101530075,8
425,454,3206.293971871377,6
426,424,2075.595857480541,28
426,425,1542.4029752999527,29
426,427,1661.2429421614506,21
426,428,3414.8209302926484,16
426,429,4096.70958248824,8
426,432,1609.169839083721,10
426,454,2279.4496436978325,10
427,245,1053.1774855509425,5
427,424,1429.5440585402198,31
427,425,2752.292292815436,16
427,426,1510.048445967502,19
427,428,2134.2137579023497,21
427,456,8398.853180271966,5
428,424,1278.0638336631357,42
428,425,2786.232783558018,14
428,426,3385.5457979397847,19
428,427,2112.977543164585,23
428,429,6504.285236298229,5
428,435,5798.974651941778,5
428,443,13948.176346522001,7
428,444,12687.872796953507,5
429,424,5488.435235127337,12
429,425,3558.47199309116,6
429,426,4044.2469360611212,9
429,428,6504.285236298229,5
429,430,2057.3141992932046,25
429,431,1187.1029828937421,42
429,432,2467.617826407877,15
429,433,2465.818837499726,25
429,434,3531.6756034734854,18
429,435,2982.684337376909,15
429,436,3988.527458506407,16
429,437,1980.5941225678587,28
429,438,3813.519927072799,32
429,439,3423.3076576854537,32
429,440,6754.9939521890765,19
429,442,5568.012415296555,6
429,443,8587.081181934922,18
429,444,7940.511211011949,11
429,454,3397.988975023997,8
429,455,4162.115950200682,7
429,456,5888.44911165654,10
429,457,6337.7444475891525,10
429,462,11376.240560063101,7
430,429,2057.3141992932046,25
430,439,1185.0612677118215,9
431,429,1197.1029736775843,42
431,432,1585.0310485874202,5
431,440,7239.466409151383,6
431,454,2243.041301744553,11
431,455,3086.0524789068945,8
432,426,1609.169839083721,10
432,429,2556.719733269224,16
432,431,1585.0310485874202,5
432,438,3972.497893493283,6
432,454,1098.7715413464855,9
433,425,1637.4743101530075,8
433,429,2469.3333748692307,27
433,434,2117.311659770931,5
433,435,3693.2228004453486,5
433,439,4643.362763612381,6
434,429,3466.048499272618,18
434,433,2117.311659770931,5
434,435,1855.0026766865747,10
434,436,4172.932539021509,6
434,437,4083.546229654189,7
434,438,5968.343342045462,5
434,440,10831.740732975857,6
435,259,862.8280334532329,11
435,429,2920.9253834896062,16
435,433,3496.6347822189914,6
435,434,1855.0026766865747,10
435,436,1860.3975115481137,7
435,437,2117.982323633151,15
436,263,2115.4937679260897,5
436,429,4221.1925376573745,13
436,433,5551.545937666512,5
436,434,4169.362846616337,7
436,435,1600.594161944367,7
436,437,1396.2643088328039,7
437,429,1945.1879336891445,28
437,434,4083.546229654189,7
437,435,2114.952326938744,14
437,436,1635.298093998575,7
437,442,1505.022970465646,12
438,429,3833.5174314437363,33
438,432,3972.497893493283,6
438,434,5968.343342045462,5
438,439,2995.5178334340194,14
438,440,2510.6926212668636,19
438,442,2639.6790626466927,6
438,443,4772.6794689042845,16
438,447,9421.382415405276,7
439,429,3427.815632324976,32
439,430,1185.0612677118215,9
439,433,4643.362763612381,6
439,438,3053.248261267063,13
439,440,2949.232011995159,11
439,444,6998.99501829198,5
439,455,2730.343029182504,7
439,457,4315.742458766184,5
440,429,6666.449150511332,19
440,431,7239.466409151383,6
440,434,10831.740732975857,6
440,438,2607.636286897827,20
440,439,2949.232011995159,11
440,441,5328.100624027652,7
440,442,5229.114329650766,7
441,440,5328.100624027652,7
441,447,10445.519377559136,10
441,451,3600.460994760631,10
442,429,5562.059086502081,7
442,437,1493.459152628774,12
442,438,2158.83087584889,11
442,440,5229.114329650766,7
442,443,3250.2972382242756,35
442,444,4375.419721559616,35
442,445,5241.468115502464,8
442,446,6672.498638193571,6
443,428,13948.176346522001,7
443,429,8587.081181934922,18
443,438,4868.715703390689,15
443,442,3202.1743572692626,37
443,444,2276.4017858325205,62
443,445,1923.2153326356245,38
443,446,4257.991683940958,12
443,447,5031.003476709533,17
444,428,12687.872796953507,5
444,429,8250.5889697487,11
444,439,6998.99501829198,5
444,442,4425.015801236891,36
444,443,2253.679194904215,63
444,445,2036.1527214023163,12
444,446,1608.960429365639,8
445,442,5241.468115502464,8
445,443,2021.9856814730415,41
445,444,2036.1527214023163,12
445,446,934.590281671996,15
446,442,6738.155980033325,5
446,443,4257.991683940958,12
446,444,1691.4276308831377,9
446,445,934.590281671996,15
447,438,9156.214798771296,6
447,441,10445.519377559136,10
447,443,4966.055495778698,17
447,448,3350.249365493461,40
447,449,6428.28186741794,22
447,450,4382.643337917231,15
447,451,5409.803802478779,14
448,447,3344.7518073837787,39
448,449,4071.325373089641,8
449,447,6440.3453245221,22
449,448,4305.522079048845,9
450,447,4382.643337917231,15
450,451,2395.0183426494473,37
451,441,3600.460994760631,10
451,447,5416.100004845137,13
451,450,2395.0183426494473,37
452,453,4744.313483636654,8
452,455,2598.064747596892,18
452,456,2815.6625823517506,29
452,457,4863.687185021295,15
452,458,2803.8031411933375,22
452,459,5950.833787793707,11
452,460,10620.703795868985,5
452,462,2779.0988378957322,38
453,452,5447.710380672961,10
453,454,2651.3666538788902,11
453,455,4670.113137374044,9
453,456,5244.289490289502,11
453,457,8809.234142120551,7
453,458,8215.126120917672,5
453,463,3890.5758588337994,7
453,464,1709.8547766288468,16
453,465,1292.6296959829742,12
454,425,3206.293971871377,6
454,426,2279.4496436978325,10
454,429,3284.606036052855,7
454,431,2302.303952284342,10
454,432,1288.1292955949536,9
454,452,3683.771349753879,6
454,453,2591.0293110972975,9
454,455,2514.4094273058377,21
454,456,4945.511087291966,20
454,457,6996.940898069,13
454,458,7629.210427757639,9
454,462,8857.121527208688,8
454,463,6724.71779066983,5
454,464,5107.301755786479,5
455,429,4292.971711671538,9
455,431,3086.0524789068945,8
455,439,2730.343029182504,7
455,452,2384.7484569199137,14
455,453,3934.9476289164604,10
455,454,2356.674827579742,17
455,456,1848.2798786106666,33
455,457,4060.0611945367823,16
455,458,5181.194238351779,12
455,459,8555.839531675887,5
455,462,7117.325959520379,15
456,424,9510.891380519042,5
456,426,6842.319912670799,5
456,429,6018.652400488992,10
456,452,3084.1464831338367,22
456,453,5088.470560060542,12
456,454,5053.198991266648,23
456,455,1847.8062977081684,32
456,457,2069.065872063875,95
456,458,4068.449007880562,25
456,459,4888.1353507253125,19
456,460,8926.700287137623,11
456,462,6027.876610442071,22
456,463,7288.086306420693,5
456,465,5517.558916788202,8
457,424,11451.758701324263,5
457,429,6532.392549540489,11
457,439,4038.224048989929,6
457,452,4576.290654707216,17
457,453,8892.329678410808,6
457,454,7014.083938542766,13
457,455,4145.8954389610335,18
457,456,2066.1187717853663,94
457,458,3697.408858056654,18
457,459,2412.064923716134,30
457,462,7359.285562863379,7
458,452,2660.9094101549235,20
458,453,8215.126120917672,5
458,454,7497.844119578055,11
458,455,5263.127772821149,13
458,456,4007.8196704095376,23
458,457,3551.0325903558464,17
458,459,3685.1766198831438,8
458,462,3718.21905872948,37
459,452,6008.847005008224,11
459,455,7867.4325624954145,5
459,456,4791.219162252855,19
459,457,2412.064923716134,30
459,458,3884.654684567069,8
459,462,3737.1416891912277,7
460,452,10636.246004977418,5
460,456,8897.958075867093,12
462,429,11376.240560063101,7
462,452,2758.5588702515756,40
462,454,8902.466542426739,6
462,455,7152.798651609808,14
462,456,6261.402232145807,19
462,457,6959.109666902585,10
462,458,3710.0222985507507,36
462,459,3737.1416891912277,7
462,464,5002.4844241729625,5
462,465,2881.385234476165,11
462,467,4191.720641301924,6
463,278,1291.0898533627417,15
463,285,2100.4673254094223,13
463,453,3707.1912152973573,8
463,454,6818.35628545802,6
463,456,7323.8321788328785,5
463,464,2024.8081323332333,30
463,465,3004.816960055507,9
463,466,1636.6255903953595,24
463,467,3242.3007469084896,22
464,452,4667.517719661422,5
464,453,1786.8370081330181,17
464,454,5060.938499075699,5
464,463,2052.320685566633,28
464,465,2048.266668969373,15
465,452,1981.74439195434,6
465,453,1356.1095650075945,12
465,456,4985.637470845705,8
465,462,2881.385234476165,11
465,463,2787.8940199533276,11
465,464,2011.9372023182004,12
465,466,2705.0647361216124,10
465,467,2833.8114389047496,13
466,285,1496.4449451582996,6
466,463,1662.2810436088337,22
466,464,3173.3720017599476,6
466,465,2742.368666497367,10
466,467,1575.212614055228,14
467,462,4191.720641301924,6
467,463,3236.1161659898553,24
467,465,2833.8114389047496,13
467,466,1600.80694213711,12
468,327,1638.2283495122465,6
468,329,1888.1021736132316,6
468,332,1277.2728713410183,8
468,333,3460.242935434092,13
468,469,1590.925778576576,15
468,470,3741.9885839643553,11
468,471,5398.464924183121,9
468,473,6276.613796655309,10
468,474,9276.55384060981,7
469,468,1590.925778576576,15
469,470,711.0781686788886,23
470,468,3741.9885839643553,11
470,469,699.7869940414072,23
470,471,1302.932622800509,8
470,474,5957.457225577024,5
471,316,2508.17283175576,5
471,468,5397.323477188324,7
471,470,1302.932622800509,8
471,475,7851.577834440095,5
472,471,1916.3132438200682,6
472,473,1172.663558878506,19
472,474,4064.630577605572,6
473,313,4426.205660850932,5
473,329,8966.828188807462,6
473,468,5880.371402524819,6
473,472,1172.73722513132,19
473,474,3526.1059114231475,13
474,468,9200.159524067372,7
474,470,5957.457225577024,5
474,472,4075.36762130897,6
474,473,3526.1059114231475,13
474,475,2263.6193093050947,18
474,476,8523.603057906357,5
474,478,8534.692631536684,8
474,519,8655.33097398974,6
475,471,7851.577834440095,5
475,474,2263.6193093050947,18
475,478,2487.6161582452537,10
476,301,15343.776980102028,6
476,303,13903.86401468602,8
476,308,3008.558044362815,5
476,312,8617.30414094844,5
476,313,9495.238126151586,5
476,315,3069.9453129119424,10
476,474,8523.603057906357,5
476,477,5244.305465353704,17
476,478,5589.322435481098,8
476,479,18504.831382070697,7
476,480,13053.813421896572,5
477,476,5244.305465353704,17
477,478,3394.8449613936177,13
478,474,8534.692631536684,8
478,475,2487.6161582452537,10
478,476,5589.322435481098,8
478,477,3394.8449613936177,13
478,519,3951.867225319495,6
479,476,18173.194614859964,6
479,483,14229.976836875361,7
480,476,13053.813421896572,5
480,481,5046.373979184063,25
480,482,8122.820482945065,24
481,298,9481.72100255046,8
481,299,2522.633646529068,5
481,480,5054.863889112398,26
482,480,8122.820482945065,24
483,479,14386.238396652228,8
486,487,3139.619250261369,10
486,488,3589.0325201560245,9
486,490,4231.523026428974,9
486,491,3851.626638057992,13
486,492,2133.932163142657,35
486,493,2271.0784232341475,20
486,494,4347.3780126152715,7
486,507,7306.601251442523,8
486,514,4956.763806580421,13
486,515,7042.144525863909,10
486,526,5908.806142306926,19
487,486,2980.2573202864664,11
487,488,1730.2126904411784,20
487,494,5016.219040965439,7
487,499,7298.200812980555,7
487,507,3408.621001202539,11
487,509,2793.6447240318553,14
487,515,7931.004379228131,5
487,526,4796.41257710864,37
488,486,3567.2398105093084,9
488,487,1547.8707157696863,18
488,490,5690.385913182023,8
488,491,6417.855928598841,6
488,492,5228.679304342264,10
488,493,10049.307826824206,9
488,494,4169.2501544847955,12
488,497,8362.440691275691,8
488,507,3248.927498557032,9
488,509,4133.441905307851,5
488,514,8501.72812881954,5
488,515,6751.479259662397,5
488,524,10661.65984065135,6
488,526,7440.088547209836,21
489,491,2693.768627832525,5
490,407,71837.89112109943,6
490,486,4419.315615179748,10
490,488,5690.385913182023,8
490,491,1058.5109437739027,13
490,494,2710.192677709933,7
490,515,1314.2142136688892,27
490,526,8144.869513975939,5
491,486,3917.2629332582533,14
491,488,6417.855928598841,6
491,490,1092.153156499278,13
491,492,3426.9191573228527,7
491,493,5049.065942293758,5
491,514,1363.8692082209654,8
491,515,1855.3129756155427,8
491,525,10632.65476629551,7
492,486,1968.8199210952534,35
492,488,5275.2566914437575,9
492,489,2494.6581233993325,6
492,491,3607.356109902975,5
492,513,1257.898079741216,9
492,514,2026.0451234807667,5
493,486,2271.0784232341475,20
493,488,10395.790005901883,9
493,491,5049.065942293758,5
493,513,1152.7042173623154,5
493,514,4114.023518281081,5
493,526,4393.575915251643,16
494,486,4347.3780126152715,7
494,487,5016.219040965439,7
494,488,4169.2501544847955,12
494,490,2710.192677709933,7
494,495,1817.9152293586785,32
494,496,2153.004244836299,9
494,498,1576.077561308936,19
494,499,7234.326229910483,6
494,526,7162.61970615096,6
495,494,1872.603610064501,32
495,496,3222.3198666485036,14
495,497,5526.298121646747,8
495,498,4032.1238240856433,6
495,499,4889.826257352286,10
495,506,1783.7223783893014,9
495,514,7898.368995362495,5
495,526,13869.003185389385,5
496,494,2153.004244836299,9
496,495,3239.6662341076008,14
496,497,1532.301706484548,12
496,498,1222.48988591188,14
497,488,8247.79646146939,7
497,495,4972.352004957943,5
497,496,1587.1354688501656,14
497,498,2029.0137111668894,7
497,499,6632.207658578873,9
497,502,5591.474263421065,7
497,516,2103.114242698316,6
498,494,1576.077561308936,19
498,495,4032.1238240856433,6
498,496,1172.2453288190516,13
498,497,2363.805637368124,7
498,516,3521.5265764579276,16
499,487,7298.200812980555,7
499,494,7234.326229910483,6
499,495,4889.826257352286,10
499,497,6542.041972024513,7
499,500,1636.2070899108026,20
499,501,3582.7923286182468,8
499,502,1211.1674171388431,36
499,503,6380.743513008133,6
499,504,4098.499409298695,11
499,505,3576.662601486714,19
499,506,3288.49073068361,8
499,507,3196.480308760312,21
499,508,1251.0283227504294,12
499,509,3594.573735480764,29
499,510,2585.7230799749523,5
499,511,2949.83401548587,10
499,512,4724.029143102722,11
500,337,2930.3320076376,14
500,339,1872.5187575832467,6
500,499,1560.9359058774505,22
500,501,1142.5579899709544,16
500,502,2150.693255452869,12
500,504,3573.963244763251,7
500,505,4335.839233283898,11
500,506,4453.693093015395,6
500,507,4967.505706886167,9
500,509,5546.639160319384,18
500,511,3305.3177485060246,8
500,512,6156.249041866693,5
501,337,1336.8681152333318,8
501,499,3697.8605017898753,6
501,500,1373.7270214178986,18
501,502,2552.450543550299,13
502,66,14076.455306645918,11
502,339,3928.4870416839717,5
502,495,5348.789436010129,6
502,497,5983.002643242549,8
502,499,1232.349808439452,34
502,500,1827.3100791777138,10
502,501,2552.450543550299,13
502,503,4892.8918529770135,6
502,504,3229.2113181456984,6
502,505,2938.9218815639456,21
502,506,2200.0387387129517,14
502,507,2776.884685717303,9
502,509,3883.2122370147945,5
502,510,3584.1207008296988,6
503,499,6380.743513008133,6
503,502,4892.8918529770135,6
503,504,1018.490292435221,15
503,505,2543.9990771633707,7
504,499,4098.499409298695,11
504,500,3573.963244763251,7
504,502,3229.2113181456984,6
504,503,1044.1147106873034,14
504,505,1050.8417618877659,9
505,341,9990.566733358932,5
505,499,3553.4876184534464,17
505,500,4147.309262639902,10
505,502,2985.715354806644,21
505,503,2415.0283734662885,8
505,504,1050.8417618877659,9
505,506,1436.1079043541747,6
505,509,6813.377880765648,6
506,495,1931.693843254359,9
506,499,3185.0558879565037,9
506,500,4453.693093015395,6
506,502,2200.0387387129517,14
506,505,1436.1079043541747,6
507,486,7306.601251442523,8
507,487,3433.282766715464,12
507,488,3245.195783075052,10
507,499,3211.5177744492676,21
507,500,4963.383010714914,8
507,502,2776.884685717303,9
507,508,2945.178794007839,7
507,509,1524.1526011783228,22
507,510,2337.366957209904,5
508,107,3970.0453556279626,6
508,499,1251.0283227504294,12
508,507,2945.178794007839,7
508,510,1653.6104171746206,5
509,73,14747.71819996929,5
509,106,7186.387290948769,7
509,487,2993.381618898168,16
509,488,4133.441905307851,5
509,495,4301.058930007902,6
509,499,3614.0874009288978,28
509,500,5447.721662547591,19
509,502,3883.2122370147945,5
509,505,6813.377880765648,6
509,507,1522.2998764862143,21
509,510,1732.5309669409187,16
509,512,1413.584525593866,28
510,502,3584.1207008296988,6
510,507,2337.366957209904,5
510,508,1600.6070919356212,5
510,509,1732.5309669409187,16
510,511,1096.2217305847487,19
510,512,2559.741785734242,16
511,100,6320.000731859103,5
511,105,3027.687169398211,5
511,108,1703.432473635315,9
511,113,1138.464193302099,17
511,499,2949.83401548587,10
511,500,3259.5687216362658,9
511,508,1810.89893603671,5
511,510,1085.7075118906077,20
512,499,4771.587030246644,12
512,500,6156.249041866693,5
512,509,1262.1304574565681,27
512,510,2522.483326608697,18
513,492,1257.898079741216,9
513,493,1152.7042173623154,5
513,514,1416.9119863147032,25
513,515,5619.0058077602935,25
514,486,5194.042382761616,12
514,488,8283.61224228316,6
514,491,1363.8692082209654,8
514,492,2123.5321971123344,7
514,493,3969.6283033873356,6
514,495,7898.368995362495,5
514,513,1431.1560857980346,25
514,515,2789.216276677541,22
514,524,2432.038473059595,13
514,525,4490.244700903776,8
515,486,7064.77568849896,9
515,487,7872.362853438932,6
515,488,7310.552204751149,6
515,490,1355.630269594879,28
515,491,1855.3129756155427,8
515,513,5639.000471565197,24
515,514,2789.216276677541,22
516,497,1825.5216002382883,8
516,498,3663.877677179324,15
516,517,3068.1949372798276,9
516,518,10043.688517580857,22
516,522,17999.016333733103,6
517,516,3068.1949372798276,9
517,518,4552.615984058067,49
518,105,18771.212667273256,5
518,516,10102.870783342782,23
518,517,4541.14931518122,49
518,521,12860.17431073199,16
518,522,8278.638585306711,9
518,523,4552.770165597101,22
519,474,8655.33097398974,6
519,478,3951.867225319495,6
521,518,12860.17431073199,16
522,516,17999.016333733103,6
522,518,8278.638585306711,9
523,518,4600.773405831274,22
523,525,4523.018858391833,5
524,488,10804.609370153006,7
524,514,1803.3120566683401,11
524,525,2160.9914724776777,36
525,491,10814.406107571886,6
525,514,4474.0825541589165,9
525,523,4523.018858391833,5
525,524,2149.9063692827895,37
526,348,4980.308399663253,16
526,486,5668.826624312768,18
526,487,4803.227417426073,38
526,488,7617.266943705239,19
526,490,8144.869513975939,5
526,493,4393.575915251643,16
526,494,7162.61970615096,6
526,527,12608.65890319955,17
527,526,11958.455041926652,17
