origem,destino,viagens_estimadas,n_amostras
1,2,1457.8888120354652,15
1,3,1226.9840757082704,12
1,5,1657.6478783657412,14
1,6,995.3401627142591,8
1,16,295.42310605641177,5
1,24,695.8433465977191,5
1,26,566.3797076154102,5
1,27,292.4102166796716,5
1,31,628.3253807260907,7
1,34,164.2500687349322,5
1,35,738.4202794355828,5
1,36,1804.4975133238818,8
1,41,544.1644198357408,5
1,79,245.15395224252433,5
1,152,1383.4156898499864,5
1,257,2396.671639525278,5
2,1,1457.8888120354652,15
2,3,1961.8458107360138,12
2,6,2206.997725134813,11
2,7,891.493549426064,10
2,12,361.83692400149505,5
2,17,479.2298456364375,9
2,18,1081.543845812292,5
2,24,807.5125086650968,8
2,129,159.36169460727615,5
3,1,1413.7249121675343,13
3,2,1848.1858007708104,12
3,5,1291.0419649765538,6
3,24,1602.1263286975502,8
3,27,1128.259065642937,9
3,32,266.21898855434256,5
4,1,1278.010265530609,5
4,5,1769.0689405073829,7
4,25,2667.1656046393027,6
4,26,3322.0001242201247,12
4,31,1415.3326446176898,5
5,1,1377.2228008546067,14
5,3,1386.8309846134339,6
5,4,1663.5532561788254,7
5,6,2894.750660541934,13
5,9,435.7569988736049,6
5,31,1757.7065282661315,10
5,35,2200.335766200064,7
5,36,884.574907865157,6
5,41,552.9144053502288,5
5,49,403.1583832006594,5
5,54,428.7131583719167,5
5,62,532.5594682001697,6
5,80,346.16840800046754,6
5,93,1029.9147436668854,14
5,194,957.7149291250936,5
5,301,1236.85637368269,5
6,1,995.3401627142591,8
6,2,1989.1967698708575,10
6,5,2894.750660541934,13
6,35,3699.255824518234,11
7,1,853.7269031277463,5
7,2,891.493549426064,10
7,8,1555.2697379341366,13
7,9,3921.3675046153453,24
7,12,644.7003325388631,7
7,35,2193.501067806995,9
8,7,990.9224352127601,8
8,37,1294.4718345622543,18
8,136,2301.2552868006774,6
9,5,231.40107603025376,5
9,7,3858.528945791897,23
9,10,347.0126098017371,6
9,12,467.8754783039051,5
9,131,124.74204316950515,5
10,9,347.0126098017371,6
10,11,500.0709193954025,15
10,12,1572.73139071431,35
10,16,158.37967355980572,6
10,130,605.9658215923968,5
10,131,126.3202416084257,6
11,10,486.79203334542166,14
11,12,1296.283749949004,30
11,14,191.1239408529733,5
11,38,1341.4091753341872,21
11,39,514.2459865195653,7
11,42,239.30750802151977,7
11,164,205.92773229012846,7
11,177,245.92559511290148,5
12,2,361.83692400149505,5
12,7,707.5388913623117,8
12,9,411.7049076645425,5
12,10,1473.2024400499652,32
12,11,1296.283749949004,30
12,13,649.7488019576455,17
12,14,1916.1779461682597,22
12,17,409.11914588203433,6
12,38,1524.5197385790748,25
12,42,808.9581202153576,12
12,130,206.04843340189515,7
12,165,231.43071483993853,5
13,12,649.7488019576455,17
13,14,218.1590127339499,20
13,15,670.2593329964681,11
14,12,1751.561057337536,21
14,13,218.1590127339499,20
14,15,1079.0229065564783,13
14,16,377.8492259448683,6
14,17,1351.2574364851496,23
14,38,280.2887469270703,8
14,41,875.0412350432621,11
14,42,1395.1537102852344,20
15,13,667.3031624607877,11
15,14,1003.3949480557808,15
15,16,507.8811118389308,5
15,43,748.0801934567869,8
16,1,295.42310605641177,5
16,10,158.37967355980572,6
16,14,377.8492259448683,6
16,15,507.8811118389308,5
16,17,2491.873868360091,36
16,18,1719.4134367811828,8
16,41,695.9625961648181,5
17,2,479.2298456364375,9
17,12,409.11914588203433,6
17,14,1337.9167039488807,22
17,15,274.59373577901766,5
17,16,2422.316815783309,36
17,39,688.8670302440969,6
17,41,226.06345918076244,5
18,2,1114.396142287034,5
18,12,1288.6832266868594,5
18,16,1396.6379509116334,6
18,19,3252.8796663057383,14
18,43,481.4552635412072,6
18,45,3554.1938568199066,12
18,241,469.29703150914963,5
19,18,3252.8796663057383,14
19,20,1869.664512324572,8
19,50,1242.075363884087,11
19,51,965.5933327352952,7
19,237,506.3188025140989,6
20,19,1869.664512324572,8
20,22,1381.5655587796732,5
20,24,1379.6961628739018,8
21,23,727.8137911122614,6
21,24,883.1673905806203,10
21,49,634.4554296290576,5
21,240,1251.6315722517074,5
22,20,1381.5655587796732,5
22,21,519.2566428807189,5
22,23,1066.387431838555,11
22,24,1587.6019368801137,7
22,27,499.4986214365558,5
22,49,504.93596169596736,7
22,53,798.8924956661369,5
23,21,727.8137911122614,6
23,22,1122.2615028213215,12
23,24,603.3113778529345,8
24,1,695.8433465977191,5
24,2,807.5125086650968,8
24,3,1389.0123663444112,7
24,20,1379.6961628739018,8
24,21,883.1673905806203,10
24,22,1729.9436909216997,8
24,23,578.4044987825446,7
24,27,520.1750451330531,6
24,49,532.5005321042327,5
24,63,103.96019082795242,6
25,4,2449.364649375347,5
25,27,1414.072611201026,8
25,29,1404.0897170875103,6
25,31,1575.1978915950622,7
26,1,566.3797076154102,5
26,4,3796.3101695898167,14
26,27,1256.7494983882284,14
26,29,996.7906199519424,7
27,1,342.6516334334911,6
27,3,1128.259065642937,9
27,22,499.4986214365558,5
27,24,513.5278145912346,6
27,25,1414.072611201026,8
27,26,1137.426869370859,13
27,28,1326.3547447661765,27
27,29,537.8032448136098,7
27,31,665.3721599829868,7
27,32,547.1187762351922,9
27,41,582.1061440811925,7
27,53,392.4686529764621,5
27,55,493.5351280596557,5
27,57,1833.5822976503584,13
27,58,1357.8398616233294,7
27,62,257.19128487667297,5
27,73,756.5579980864311,5
27,74,662.322725497681,12
27,75,442.35061537893506,7
27,76,321.415612593695,6
27,78,896.4815364237573,9
27,79,1201.4308516684507,12
27,80,439.69827174841953,7
27,83,521.8348122917301,6
27,275,650.3566888553896,5
27,323,910.4215608323507,6
28,27,1190.0113938688369,23
28,29,1034.1279135667035,19
28,30,322.84367707639535,5
28,31,985.7245503491781,10
28,32,591.4551937373411,10
28,34,231.9737236482403,6
28,57,967.0159972031615,14
28,74,2286.9392036772006,18
28,75,652.8781221195213,14
28,78,291.8056226853141,5
28,79,651.51906458893,10
28,83,666.8181579873168,8
28,278,1802.151746137742,5
29,25,1404.0897170875103,6
29,26,1044.10059369099,8
29,27,537.8032448136098,7
29,28,1652.9316736837634,21
29,30,267.4786001233149,5
29,31,1719.5274576215243,12
29,32,1499.1362672356563,15
29,33,43.198878728672355,5
29,36,786.8229046948957,5
29,40,159.61152026903034,5
29,54,223.99239776684828,5
29,56,699.2423373439751,6
29,57,1694.0044046028372,9
29,62,377.33111298274395,9
29,68,898.0228850916525,8
29,70,793.3565579588239,5
29,74,1968.786498245282,10
29,78,962.1604525049484,15
29,79,835.4180508395275,17
29,80,652.7410838293288,9
29,81,502.33597003131456,9
29,82,389.4134908543074,5
29,84,300.85367234515405,5
29,88,911.507367243386,7
29,89,516.2440232639977,5
29,93,453.17769283848963,7
30,28,346.9800609786974,5
30,29,324.73140205541307,7
30,31,3116.288955991583,29
30,32,471.23198026239277,10
30,33,461.97322583649736,16
30,34,2417.577419942135,51
30,35,972.8704643983491,11
30,36,4099.962935315273,25
30,54,314.9153150460262,6
30,80,386.4577295919837,5
30,83,393.7724175794633,5
30,84,606.1003407248645,8
30,85,227.9660373836254,8
30,87,574.4800119517193,8
30,340,329.40338487555056,6
31,1,531.5678563166796,6
31,4,1990.356056763168,7
31,5,1707.773041678822,10
31,25,1575.1978915950622,7
31,27,1286.6360894682273,9
31,28,914.0094576023832,9
31,29,1637.783574255037,11
31,30,3142.547362768383,32
31,32,1854.0221821836722,20
31,33,50.50616873498436,6
31,34,863.8061858336591,11
31,35,2865.3980372913534,8
31,36,2344.1758319130577,9
31,51,478.2295111594185,5
31,58,935.1291091178989,7
31,73,273.21640658073034,5
31,74,537.2545084533591,7
31,75,327.06630303944576,5
31,78,1042.4026802486355,11
31,79,1366.3374997695457,13
31,80,666.668258700676,8
31,81,264.598184496673,5
31,82,779.403234149953,6
31,83,574.8060558069885,7
31,87,500.74280896626203,8
31,88,736.3111663372651,6
31,90,613.3135481654681,7
31,93,427.7352572214806,6
31,97,391.00282788202594,9
31,340,373.93527314324535,5
32,27,532.281248493721,8
32,28,543.698306588859,10
32,29,1432.4945102253787,13
32,30,526.4491533692445,11
32,31,2024.1479786471214,22
32,34,166.228510307736,7
32,57,311.98589627022983,5
32,62,580.2015279219802,10
32,68,405.87366757776556,5
32,73,156.8968837189295,5
32,74,1197.3821131185007,13
32,75,228.31058390320504,6
32,76,275.7395823393213,6
32,77,806.8739516320928,10
32,78,1166.8909152253032,15
32,79,1882.7016718898442,26
32,81,636.2494268885189,15
32,83,334.05698016408877,5
32,87,567.7220737296432,8
32,340,106.74440875758768,5
33,29,43.198878728672355,5
33,30,635.8360824675632,19
33,31,50.50616873498436,6
33,34,189.31869455668624,5
33,79,90.00294588283538,7
33,88,67.22651358220746,5
33,93,164.42604350406563,6
34,1,216.25643804666598,6
34,30,2099.2069541142127,45
34,31,843.1844445564344,12
34,32,229.07779976238115,8
34,33,189.31869455668624,5
34,35,1109.5652017524517,10
34,36,3780.114798012797,24
34,77,192.58559493409228,6
34,79,499.8016405194563,11
34,84,250.32611409237154,5
34,85,192.70365264968467,8
35,5,1893.1367239369833,6
35,6,3787.455311588358,13
35,7,2193.501067806995,9
35,30,1329.9147533878236,13
35,31,2327.901186830872,8
35,34,1078.4904199511334,9
35,36,5093.411542774899,18
35,37,932.8541397136779,6
35,84,510.7939150045777,5
36,1,1617.756676864618,7
36,5,813.8720388465049,5
36,29,786.8229046948957,5
36,30,3873.099807899396,25
36,31,2344.1758319130577,9
36,34,3646.750725552128,24
36,35,5734.747693304758,19
36,37,1098.338425219461,8
36,54,469.93523769246144,5
36,79,469.72190518974605,5
36,91,1135.855488142975,5
36,92,1012.6990455613081,15
36,93,2016.2584491132877,15
37,7,857.5642786546048,9
37,8,775.5446873370162,14
37,35,887.4339842175395,5
37,36,961.6289950852848,7
37,91,256.13920189014453,5
37,92,672.2350741712949,7
37,93,411.86155408149466,7
37,137,320.9396214282924,5
38,11,1329.6908263253965,20
38,12,1241.5530481584321,22
38,14,280.2887469270703,8
38,39,653.4461938830393,7
38,42,477.2139485284558,11
39,11,385.5430052639296,6
39,17,609.9748309887025,5
39,38,653.4461938830393,7
39,41,3589.349224764167,29
39,42,1101.280145500933,17
39,166,767.4460082291776,5
39,167,553.7636165626606,5
39,168,1898.14596693495,10
40,29,159.61152026903034,5
40,41,1060.8585300140264,15
40,43,1840.216249775006,45
40,45,710.7144927216325,12
40,48,2596.798566076136,30
40,254,160.24243971223717,6
41,1,544.1644198357408,5
41,14,875.0412350432621,11
41,16,851.8500242542948,6
41,17,304.95565843615685,6
41,27,596.9436718226636,8
41,39,3095.7761956541517,28
41,40,1062.7838161814332,15
41,42,1005.9829289962803,13
41,43,1700.1150818087885,14
41,45,1898.7236676265172,6
41,166,801.8127202381482,5
41,167,1104.5033346948667,8
41,168,1508.4244360251666,9
41,169,415.18835381007295,5
42,11,239.30750802151977,7
42,12,808.9581202153576,12
42,14,1395.1537102852344,20
42,38,477.2139485284558,11
42,39,987.1899376267719,15
42,41,1063.0280329333607,14
43,15,888.5321010154855,9
43,18,481.4552635412072,6
43,31,990.7356967655911,5
43,40,1810.6863894845171,44
43,41,1423.5893028769035,13
43,44,2404.2756230541227,15
43,45,7514.739656122291,58
43,46,1090.6540490489033,5
43,47,1476.7520134358376,11
43,48,946.7383428109906,9
43,73,741.7133930475937,5
43,167,1186.8086172679316,6
43,168,1010.4260508785691,7
43,169,305.9275005821295,5
43,228,5131.174359088554,5
43,254,897.3166228115631,6
44,43,2404.2756230541227,15
44,45,1451.0896735891101,10
44,46,3104.450058850778,6
44,47,1365.130008791638,10
44,253,129.49474062819806,5
44,254,1980.0616084572905,6
45,18,3387.305799039834,11
45,40,740.2443530121213,13
45,41,2180.4350896574406,7
45,43,7739.208414500034,58
45,44,1451.0896735891101,10
45,47,1499.220980996747,7
45,253,1886.446487997523,17
45,254,3136.4379058737723,9
46,43,1090.6540490489033,5
46,44,3104.450058850778,6
46,47,2579.129853120797,7
46,48,644.8785305378607,5
46,254,4048.4175306975735,8
46,256,990.3721787591683,5
47,43,1476.7520134358376,11
47,44,1365.130008791638,10
47,45,1499.220980996747,7
47,46,2592.8952634574007,7
47,254,2266.5832203786176,6
48,40,2596.798566076136,30
48,43,581.0190248191639,7
48,46,644.8785305378607,5
48,166,1620.1798347048057,7
48,167,1295.1464530017176,6
48,168,3199.273176284957,14
48,169,1258.3005047934823,6
48,210,1634.6232811661816,6
48,239,1526.650549174154,5
49,5,403.1583832006594,5
49,21,634.4554296290576,5
49,22,504.93596169596736,7
49,24,532.5005321042327,5
49,52,1178.7164478616805,11
49,55,1322.6904650951662,14
49,56,1767.3395680168962,16
49,58,919.3870006328511,8
49,74,410.8336899512436,5
49,77,1488.231451340619,8
50,19,1121.1362575215182,10
50,51,2293.9662452625385,22
50,53,455.8817044821699,5
50,73,1281.696657461359,5
51,19,965.5933327352952,7
51,50,2293.9662452625385,22
51,53,1377.8046509924254,11
51,54,423.98652496096656,6
51,55,667.6385158301622,7
51,58,1084.1180236371247,5
51,61,1069.447105226288,5
51,86,107.86256333468916,5
51,240,1773.6452914657373,7
52,49,1025.2557020134657,9
52,53,1551.528543836327,7
52,54,806.8614673003974,6
52,55,778.1316244674299,6
53,22,798.8924956661369,5
53,27,392.4686529764621,5
53,51,1377.8046509924254,11
53,52,1226.687060732628,6
53,54,1595.8178719019998,8
53,55,707.4603366293642,9
53,56,1305.7644361072203,8
53,58,2266.300451601111,12
53,59,4372.931105412697,6
54,5,428.7131583719167,5
54,27,268.55501506622664,5
54,29,223.99239776684828,5
54,30,280.2353801651205,5
54,36,469.93523769246144,5
54,51,423.98652496096656,6
54,52,806.8614673003974,6
54,53,1677.7259777623622,10
54,55,486.5929053480182,9
54,56,1092.2996241554042,13
54,57,590.0840818859466,9
54,58,1633.8798506385901,9
54,59,2141.4325058743825,8
54,61,1980.7335583342285,11
54,62,659.7312321391951,16
54,63,50.860970909858615,5
54,87,254.14768330382825,5
54,236,425.96960079118617,5
54,269,494.3537582640651,6
55,49,1375.7923229469102,14
55,51,591.7565571961968,6
55,52,1359.3675477754246,6
55,53,828.8864095149154,12
55,54,486.5929053480182,9
55,56,3490.8207633759916,23
55,58,1458.0109041208273,5
55,61,1011.740018749177,6
55,79,458.91814462631976,6
56,29,699.2423373439751,6
56,49,1767.3395680168962,16
56,53,1305.7644361072203,8
56,54,1092.2996241554042,13
56,55,3334.81745934199,22
56,57,1790.4140105872807,11
56,58,1329.4944802893529,8
56,61,1090.4254376374122,6
56,62,899.4683855628398,10
57,27,1946.9021496995517,16
57,28,1173.8561527035795,11
57,29,1694.0044046028372,9
57,32,715.5254220524546,6
57,54,590.0840818859466,9
57,56,1696.1154298396773,10
57,62,781.6549756322098,8
57,67,379.1910642041392,5
57,68,668.512633117304,5
57,74,886.3365237971149,12
57,75,900.6107075460585,7
57,76,891.0166304759543,10
57,78,912.0337581418368,9
57,79,1641.7644606403476,12
57,322,837.0341611864897,5
58,27,1024.3093344271267,6
58,31,1019.731677305158,6
58,49,1158.2947009247646,9
58,51,1084.1180236371247,5
58,53,2640.5710677261486,13
58,54,2505.780994224563,11
58,55,1458.0109041208273,5
58,56,1274.8512360795282,7
58,59,1819.6814964938396,5
58,61,2894.4068943113384,10
58,246,656.1747621627278,5
58,250,1388.9005802784836,8
58,251,754.4501276983483,5
58,278,1631.092694625265,6
59,52,1505.5282002878116,5
59,53,4372.931105412697,6
59,54,2141.4325058743825,8
59,58,1819.6814964938396,5
59,60,799.8158243221453,6
59,61,5578.311130309584,7
59,250,3044.336235737942,10
59,275,3129.3226682146,9
60,59,1259.8610283071403,7
60,64,1296.1077955341486,10
60,270,528.6333461295378,5
60,275,2806.7025213134357,6
61,51,1069.447105226288,5
61,54,1980.7335583342285,11
61,55,1096.3835868476272,7
61,56,1090.4254376374122,6
61,58,2769.2687820347237,9
61,59,6222.334765364641,8
61,250,1678.3722511063067,8
62,5,532.5594682001697,6
62,27,257.19128487667297,5
62,29,377.33111298274395,9
62,32,522.9487259898821,8
62,54,659.7312321391951,16
62,56,743.4650815288383,9
62,57,1400.3850580968387,10
62,63,214.09516086198863,12
62,67,266.4392442752996,6
62,74,327.42240300920923,7
62,75,758.5501976390951,12
62,81,153.71036799030938,5
62,268,494.0616534439871,7
63,24,103.96019082795242,6
63,54,50.860970909858615,5
63,62,214.09516086198863,12
63,64,1155.8764591457505,11
63,65,86.96534470725183,6
63,66,580.8872211556693,10
63,68,144.1757257470085,8
63,77,75.03025437770106,6
64,60,1296.1077955341486,10
64,63,1165.0950776293785,12
64,65,3615.8066280470994,19
64,66,3849.7203758038277,38
64,67,509.347341329047,8
64,68,1461.7720416863972,8
64,69,1381.9270151853627,8
64,71,1121.913990913887,6
64,73,810.0727351295499,7
64,81,520.5171787055144,5
64,102,276.89930032493754,5
64,268,258.91465070491216,7
64,269,1217.8950860656767,7
64,270,920.0893966775782,11
64,302,487.37793728233464,6
64,304,561.5536951825843,5
64,305,2074.485337250593,5
64,322,856.8300038440848,5
65,63,86.96534470725183,6
65,64,3270.7382882746224,18
65,66,1995.5064191925228,21
65,67,1873.3303807048367,20
65,68,1074.2895332984476,8
65,69,1246.8394596617602,9
65,70,1593.4636835413212,9
65,73,1112.5387813076654,11
65,74,599.8818323388114,6
65,75,358.79702260053983,6
65,76,442.9978232104879,8
65,77,1012.1181584959062,7
65,268,277.1469972997477,6
65,269,1641.6744869076117,7
65,323,1338.4902388509493,5
66,63,328.7607227400067,9
66,64,3842.0406715171457,38
66,65,2108.696198814642,20
66,68,572.178756449013,8
66,69,450.2538213340695,9
66,70,1511.4912143648612,9
66,268,426.91698481550446,12
66,269,1233.605554262768,6
66,270,1088.3366196561392,13
66,502,8803.339527694367,11
67,62,266.4392442752996,6
67,64,350.34318089842486,6
67,65,1873.3303807048367,20
67,66,274.12726005484114,5
67,68,900.284452139121,14
67,69,813.0528071971441,10
67,75,336.3199195946983,5
68,29,898.0228850916525,8
68,31,1349.6746812772762,6
68,32,405.87366757776556,5
68,57,668.512633117304,5
68,63,144.1757257470085,8
68,64,1461.7720416863972,8
68,65,940.2256482510908,7
68,66,633.1918441991706,8
68,67,773.1974687893129,10
68,69,2184.774291277902,25
68,70,2131.8574611049767,12
68,71,1308.5135977159644,5
68,73,2935.5260680012652,29
68,74,480.0101922388764,7
68,75,568.6012211787267,10
68,76,857.1230271964421,25
68,78,323.6411769239337,5
68,79,412.21129026732416,7
68,80,515.8444441496082,6
68,81,1425.7677128060263,17
68,82,1308.0603151543055,13
68,83,744.2487730354144,8
68,97,215.76065421448513,5
68,268,205.94025282669946,5
68,269,1040.5113646151744,5
68,304,292.5355693198575,5
68,318,120.02666854886775,11
68,319,979.195212005955,6
68,320,235.50970115072306,6
68,321,2020.3448966047783,7
68,322,852.6740107475079,5
68,323,1134.6296943060427,5
69,62,805.7446300750557,5
69,64,1505.6298040390438,8
69,65,2371.353370968417,11
69,66,510.91802084322063,10
69,67,849.6686825460595,11
69,68,2663.9816425585427,28
69,70,1160.148688041421,10
69,73,2294.797531605557,23
69,80,441.8930453494529,7
69,81,670.4284628057404,15
69,82,1475.2349416897691,9
69,88,640.2801042499015,5
69,268,224.28917115901208,5
69,318,73.1563160452501,6
70,28,1851.7608591181802,5
70,65,983.8493297317889,8
70,66,1580.0632185227705,11
70,68,2131.8574611049767,12
70,69,1160.148688041421,10
70,73,613.6947891055084,8
70,75,460.7768408836067,5
70,76,540.5204681137284,14
70,84,324.4260382120982,5
70,270,389.3727275507053,5
70,278,1640.0057588907123,5
70,301,1507.856532015293,6
70,320,415.76087959999836,6
70,321,1273.557578182049,5
71,64,1121.913990913887,6
71,72,832.4492996780848,7
71,73,5098.865366789117,11
71,268,354.9502201535193,6
71,302,1298.1844208150542,5
72,71,797.4365463591283,6
72,73,1500.9026665008623,11
72,268,1027.6892686826084,20
72,272,729.0696188525843,6
72,301,2119.8125201167145,17
72,302,420.83611814452115,5
72,328,646.0437656770325,5
73,31,663.3847011126376,6
73,32,156.8968837189295,5
73,43,1326.8357542336607,5
73,50,1281.696657461359,5
73,64,880.82375260871,8
73,65,1065.9878243251067,10
73,68,2915.7605466493956,28
73,69,2374.6567051342663,24
73,70,816.6160958319516,9
73,71,3617.807223028394,9
73,72,1500.9026665008623,11
73,75,326.9955427224394,7
73,76,299.59976915535066,10
73,79,323.3990618247915,5
73,80,455.04995945501315,5
73,82,471.0768064740515,7
73,83,444.87241917263157,6
73,88,665.1593609345621,5
73,268,367.92693404248985,10
73,272,722.3582389706744,5
73,278,2162.3178503282575,6
73,301,1200.500694130345,8
73,302,715.8120996361639,8
73,306,1720.114651359836,5
73,318,51.45623518840366,6
73,319,1045.44707576451,7
73,322,2240.6877424274503,13
73,323,2624.6586536552095,14
73,328,2556.665182132528,5
73,337,2944.43263515095,6
73,509,1445.528377440805,5
74,27,709.9300234671077,13
74,28,2286.9392036772006,18
74,29,1968.786498245282,10
74,31,333.33201150169157,6
74,32,1072.8319458391197,13
74,43,813.3173955864908,5
74,57,816.2330930471358,11
74,62,327.42240300920923,7
74,65,599.8818323388114,6
74,68,480.0101922388764,7
74,75,566.7439374708249,9
74,76,149.5332794514859,5
74,78,1030.4078861293885,12
74,79,2788.9148674980293,40
74,97,233.51058193742313,5
75,27,442.35061537893506,7
75,28,763.6975391110747,16
75,31,281.1765285189086,5
75,32,562.3005581652093,7
75,57,832.1575336548281,6
75,62,681.3066118320675,11
75,65,358.79702260053983,6
75,67,336.3199195946983,5
75,68,622.2048652690673,11
75,69,290.6354769860111,5
75,70,460.7768408836067,5
75,73,326.9955427224394,7
75,74,566.7439374708249,9
75,76,834.7141847357082,21
75,78,1565.2908718724802,23
75,79,723.1845979224624,13
75,81,338.0391027445932,6
75,82,301.1432036200719,6
75,84,472.8258608045569,5
76,27,321.415612593695,6
76,32,275.7395823393213,6
76,57,469.19931667856974,8
76,65,442.9978232104879,8
76,67,342.69489168901566,7
76,68,680.92344185842,20
76,70,609.0924722716377,16
76,73,299.59976915535066,10
76,74,149.5332794514859,5
76,75,857.0330015465544,22
76,77,919.2890202080634,6
76,78,463.9457741189849,8
76,79,613.6201447233695,13
76,80,472.55766871696545,8
76,81,584.966389899863,15
76,82,229.11142550234834,6
76,88,568.5385225232087,5
76,320,105.21235604447233,5
77,32,814.2567275612744,11
77,34,192.58559493409228,6
77,49,1488.231451340619,8
77,63,75.03025437770106,6
77,65,908.035788572431,6
77,74,317.85325918879204,5
77,76,919.2890202080634,6
77,78,2641.143722703951,21
77,79,135.0091791239684,5
77,80,2357.080294215499,17
77,81,486.3074376084166,6
77,83,1510.0144739002105,9
77,85,250.55930910862514,5
77,87,1722.3154408393468,14
77,88,1632.5106599956289,10
77,95,1353.192522030784,7
77,97,605.8597856885949,12
77,320,471.8499375035638,5
78,27,896.4815364237573,9
78,28,291.8056226853141,5
78,29,962.1604525049484,15
78,31,876.1983020227211,10
78,32,1263.2855309532865,16
78,57,912.0337581418368,9
78,68,295.0643026693508,5
78,74,1030.4078861293885,12
78,75,1565.2908718724802,23
78,76,423.88402168060236,7
78,77,2641.143722703951,21
78,79,2445.3766812986855,40
78,80,468.31942474792214,6
78,81,797.1286611929509,11
78,82,358.2861802873644,5
78,87,332.2270591263026,6
79,1,247.90472178569843,5
79,26,291.65477665429813,5
79,27,1201.4308516684507,12
79,28,550.1692368225795,7
79,29,882.728024578575,18
79,31,1558.276994318515,15
79,32,2023.1047384681224,27
79,33,83.54084554011649,6
79,34,522.8868133323341,11
79,36,480.20354479369047,5
79,55,342.512150168933,7
79,57,924.3054001412008,10
79,68,440.0361524359727,8
79,74,2723.350696513706,39
79,75,743.2320242119392,13
79,76,740.0214725448121,16
79,77,200.57335010829146,6
79,78,2336.9887008788587,38
79,82,322.8186865878424,7
79,83,356.242655261643,6
79,88,1009.2027822216683,6
79,96,148.24946149796412,6
79,303,949.2458432187107,5
79,318,133.80885227209936,7
79,340,379.4308333460938,5
80,5,347.9637282671353,6
80,27,641.009148353011,9
80,29,612.9393743289038,8
80,30,496.278830965298,7
80,31,815.4447018475132,9
80,68,462.2408000592675,5
80,69,441.8930453494529,7
80,76,472.55766871696545,8
80,77,2263.6829222650226,16
80,78,453.21412798358097,5
80,81,758.3406580351601,12
80,82,2601.03209031009,38
80,83,3413.506084916672,24
80,84,847.4554356788477,12
80,87,305.7354643136993,6
80,88,995.3747239305103,9
80,96,443.9114740603411,6
80,105,273.755416184322,5
80,301,1007.2603414025497,5
80,333,1571.596730475615,5
80,339,2244.41771177499,6
80,340,684.5555319763854,9
80,341,264.20328663783175,5
81,29,588.534422089879,10
81,31,264.598184496673,5
81,32,636.2494268885189,15
81,68,1226.646014996277,16
81,69,855.5762418750834,15
81,73,293.6726786284277,5
81,75,352.0130214849995,7
81,76,553.7478905587669,14
81,77,486.3074376084166,6
81,78,856.9382790405203,12
81,80,758.3406580351601,12
81,82,2865.2139361762274,25
81,83,385.0995874981842,5
81,95,739.8774628013724,6
81,96,833.699804422328,16
81,317,370.34551050187906,5
81,318,280.43998282873315,17
81,319,731.6597550266366,5
81,320,912.0305786492254,29
81,323,1104.0855071322067,5
81,328,814.0068710495046,8
81,330,1058.3186426828727,7
81,340,291.6392515397126,5
82,31,705.9473126690203,6
82,68,1308.0603151543055,13
82,69,1505.401844449729,10
82,73,659.8487233552587,9
82,75,301.1432036200719,6
82,76,229.11142550234834,6
82,78,358.2861802873644,5
82,79,322.8186865878424,7
82,80,2600.8774050990696,37
82,81,1794.2002897523942,24
82,83,1741.4241128229914,22
82,85,99.23592546210172,5
82,87,781.880221195758,10
82,88,847.9753191804228,6
82,94,398.46072300494734,6
82,95,2080.1772721739094,11
82,96,732.9648632175603,15
82,97,595.1016130584482,13
82,103,137.25262063631362,5
82,105,544.7322705799054,8
82,290,2633.8438026484314,5
82,321,1332.2186640979514,6
82,322,672.3606859476963,5
82,323,1359.7837210769176,6
82,326,2381.2640575676573,5
82,328,678.9643011864945,6
82,341,557.7353413573503,10
82,342,297.6470812897347,5
83,27,521.8348122917301,6
83,28,736.6406719897145,9
83,30,393.7724175794633,5
83,31,681.7813546866114,7
83,32,389.8518349901997,6
83,68,744.2487730354144,8
83,73,444.87241917263157,6
83,77,1510.0144739002105,9
83,79,513.7330659480187,7
83,80,3485.8601098766535,25
83,81,385.0995874981842,5
83,82,1686.656417766473,22
83,84,470.5908078386997,6
83,87,1400.807540569891,22
83,88,1495.4495031253202,11
83,89,1033.2660171270923,7
83,90,526.2838456586413,5
83,95,1898.5281373507546,17
83,96,1537.477240463934,8
83,97,533.1554597984476,6
83,103,91.55019513482156,6
83,104,248.70225460835871,6
83,340,732.9189919333969,8
84,30,554.463722542957,7
84,31,280.8181931801381,5
84,35,1001.1817786081936,5
84,70,324.4260382120982,5
84,75,472.8258608045569,5
84,80,754.6038886231017,12
84,83,470.5908078386997,6
84,85,1096.2587164756146,29
84,86,413.9812150230146,13
84,87,488.27345279887106,9
84,88,1743.0236191395695,21
84,89,514.872657506131,5
84,93,1651.0411346089415,24
84,94,282.355655674094,6
84,97,432.46442994536517,9
85,30,118.14493601031104,6
85,34,161.5080685416523,6
85,36,442.5099642547368,5
85,82,99.23592546210172,5
85,84,1147.8459920506675,30
85,87,436.2402455675913,7
85,88,1260.8376196797142,24
85,93,1103.2438578507717,30
85,94,434.0419663501929,8
86,51,107.86256333468916,5
86,77,509.26498965790665,5
86,84,413.9812150230146,13
86,87,442.9371037032553,11
86,88,782.6270133361525,12
87,3,275.7940193908159,5
87,31,555.59580441347,9
87,32,395.3087021379224,7
87,77,1722.3154408393468,14
87,78,327.37758754438255,6
87,80,442.57814994283376,8
87,82,904.9976636331885,12
87,83,1360.0437685173536,22
87,84,431.47205174072997,8
87,85,400.01542500840736,6
87,86,442.9371037032553,11
87,88,4232.327322214939,42
87,92,486.2609465120313,5
87,93,433.38996597352144,8
87,95,723.3830428872304,10
87,100,550.5756494924171,11
88,29,911.507367243386,7
88,31,626.6107437710342,5
88,68,520.8375306184902,5
88,69,640.2801042499015,5
88,77,1179.0855882178703,8
88,79,1009.2027822216683,6
88,80,1095.9849375408915,10
88,82,847.9753191804228,6
88,83,1320.828068083237,9
88,84,1795.8808029845563,23
88,85,1231.4415369266942,22
88,86,1251.4082590466087,15
88,87,4068.0369762633445,41
88,89,633.662000096044,6
88,90,2971.209520085327,22
88,93,1116.309247903542,12
88,94,1910.4018951757607,13
88,96,437.1662867906044,6
88,100,3025.07018091404,20
88,101,655.7499437233796,5
88,301,924.1438694039107,7
89,29,516.2440232639977,5
89,83,1207.8874521691753,9
89,93,651.0761505442574,7
89,94,501.99902773529686,5
89,95,1686.6334900131606,13
89,100,1016.3032013448856,8
90,31,613.3135481654681,7
90,83,526.2838456586413,5
90,88,3370.0488044396284,24
90,93,492.1522865983839,6
90,94,448.54388472698355,5
90,97,417.7200966889401,6
90,100,1530.42705773878,13
90,101,1101.700718838425,8
90,104,160.39293812429506,8
91,36,1135.855488142975,5
91,37,278.6050093486142,5
91,90,600.6736521679517,6
91,92,555.4502444456892,6
91,99,824.0233349456472,6
91,100,1375.6197225794554,8
91,109,5490.072627808351,5
91,127,2954.276993591448,12
92,36,1012.6990455613081,15
92,37,672.2350741712949,7
92,87,486.2609465120313,5
92,91,695.382906653061,7
92,140,609.5923097790028,6
93,5,1029.9147436668854,14
93,29,453.17769283848963,7
93,31,450.07380448045717,6
93,33,115.96534113298073,5
93,36,1837.071052503568,13
93,37,264.46117713263874,5
93,84,1890.7841902011176,27
93,85,1114.0518373092702,30
93,87,433.38996597352144,8
93,88,1054.1193481494827,11
93,89,526.8709457627403,6
93,90,492.1522865983839,6
93,94,855.9782311334297,14
93,103,55.52230999558393,5
93,116,4387.6029118672695,9
94,33,60.66404608960168,5
94,84,439.75238439770874,8
94,85,331.676854132151,7
94,87,333.92239712018045,5
94,88,2322.5383313014063,14
94,89,501.99902773529686,5
94,90,448.54388472698355,5
94,93,708.5778541845739,12
94,100,879.2730459573518,7
94,101,1028.8005732166662,8
94,105,539.1769660889731,6
95,77,1353.192522030784,7
95,80,744.2895621562684,7
95,81,609.4012277509737,5
95,82,1812.5502827508412,12
95,83,1685.041060677756,15
95,87,839.8092819623164,11
95,89,1686.6334900131606,13
95,96,427.3078561887249,7
95,97,1301.0081488094033,20
95,101,1419.9667180477882,7
95,104,136.65932336963772,6
95,107,716.5942189960605,7
96,69,1115.478892729385,6
96,79,148.24946149796412,6
96,80,888.7344872264229,8
96,81,833.699804422328,16
96,82,580.12400862246,13
96,83,1808.3632657356757,12
96,88,444.1820143763191,6
96,95,418.7438361108743,6
96,97,2052.144161838981,41
96,101,326.08601718091677,5
96,102,343.8232158176422,5
96,105,406.6831844404005,7
96,268,234.9526093618011,5
97,31,702.4148695112451,10
97,68,215.76065421448513,5
97,74,233.51058193742313,5
97,77,637.6692987384065,13
97,82,636.0644884839497,13
97,83,312.1206756581594,5
97,84,357.73677600011507,7
97,90,417.7200966889401,6
97,95,1398.458813406564,21
97,96,2073.5987903111336,42
97,100,703.4752873743486,17
97,102,773.3369796898929,15
97,104,268.7940542829365,10
97,105,396.11450692270466,9
97,107,531.9164071574737,10
97,320,137.86627648063921,5
97,340,541.8912953405725,12
98,100,2714.734990936373,21
98,102,712.3667458618082,7
98,113,674.7145466338284,5
99,91,824.0233349456472,6
99,100,2256.2240366384367,27
100,87,615.0852238613494,11
100,88,3018.0544533283255,20
100,89,1016.3032013448856,8
100,90,2155.5584651300055,18
100,91,1407.9419911060886,9
100,95,569.3086051250029,6
100,97,703.4752873743486,17
100,98,2672.482146533806,21
100,99,2204.4624720681045,26
100,102,915.2076472113587,12
100,103,574.3110428374523,25
100,104,337.19097646629007,17
100,105,814.9804560201533,10
100,106,409.14916063350665,6
100,107,987.868607485305,8
100,109,11778.293326820487,13
100,110,5198.636570705481,8
100,111,3020.193995619268,9
100,116,3777.040769899908,10
100,117,2191.6060368226617,5
100,118,1287.5865552101889,11
100,122,1272.4012597617268,5
100,511,2639.609047236494,6
101,88,655.7499437233796,5
101,90,988.1009127664291,7
101,94,1028.8005732166662,8
101,95,1528.7836898176738,8
101,96,326.08601718091677,5
101,102,2367.045538382019,8
101,104,424.0091761077899,11
102,64,276.89930032493754,5
102,96,343.8232158176422,5
102,97,728.3797390344791,14
102,98,749.9146270492533,7
102,100,915.2076472113587,12
102,101,2367.045538382019,8
102,103,180.4953681274305,7
102,104,321.39125124836244,12
102,105,530.778885637784,7
102,107,597.3719850976878,8
103,82,137.25262063631362,5
103,83,91.55019513482156,6
103,100,785.6917073001069,26
103,102,130.08386097761976,6
103,104,321.0645516302289,9
103,340,70.82868227081298,5
104,83,248.70225460835871,6
104,90,128.5399473843175,7
104,95,136.65932336963772,6
104,97,247.714869234422,9
104,100,369.0439672062676,18
104,101,440.57169196587705,12
104,102,300.3120661998479,11
104,103,321.0645516302289,9
104,105,1055.6672573691985,28
104,106,398.3717198704758,11
104,107,1417.581832224678,29
104,108,631.8311383034606,11
105,80,269.64965479261065,5
105,82,497.7734768241288,8
105,96,321.8779138422201,6
105,97,396.11450692270466,9
105,100,814.9804560201533,10
105,102,460.2551297689475,6
105,104,1055.6672573691985,28
105,106,1590.1223195645389,28
105,107,4894.374357653525,47
105,108,1005.7855238282734,13
105,111,1007.5234442687319,5
105,511,410.8826988915676,5
105,518,342.65001309577264,5
106,100,344.7577965719544,5
106,104,369.38631295159087,10
106,105,1519.5985636957023,27
106,108,1421.3772798658258,30
106,509,1291.0537613633337,7
107,82,507.04152233574564,5
107,95,842.9439316656313,8
107,97,531.9164071574737,10
107,100,1323.335539853495,9
107,102,597.3719850976878,8
107,104,1418.5955178290112,29
107,105,4894.374357653525,47
107,106,453.5040409558786,6
107,108,786.5616223671026,11
107,508,869.0479546132211,6
107,511,493.98712363149235,5
108,104,633.6558211676517,11
108,105,948.7531384216998,12
108,106,1197.0893764004231,25
108,107,922.7757701507933,16
108,113,1441.3138591403608,10
108,511,554.2398529910321,9
109,82,1264.7109348439963,5
109,91,6235.680950248958,6
109,100,11762.34475440811,13
109,110,10110.702190061376,18
109,111,10845.399816147206,17
109,112,5713.707998321269,15
109,115,6400.8059214323775,10
109,116,6660.011261025315,15
109,125,6651.618028884673,10
109,127,4358.480761528934,8
110,100,6417.610822735169,9
110,109,10110.702190061376,18
110,127,3789.6146376605134,7
111,100,3577.357322995994,10
111,109,10845.399816147206,17
111,112,3398.0807677252005,9
111,113,4097.4944500328065,10
111,126,1636.6766494025549,5
112,109,5004.768088327754,14
112,111,3398.0807677252005,9
112,113,1824.9562536997898,7
112,116,2987.830335154482,6
113,98,668.5334612019183,5
113,108,1680.1947250888195,11
113,111,4097.4944500328065,10
113,112,1824.9562536997898,7
113,117,1943.3602140039407,6
113,511,8382.898348890389,17
115,109,3738.880827967813,6
115,112,2685.91708141126,5
115,116,11238.463895904315,22
115,118,2576.7369566292887,11
116,93,4387.6029118672695,9
116,100,2558.2393923040718,8
116,109,6623.557954309702,15
116,112,2289.583754502276,5
116,115,12260.99342084438,23
116,118,1187.3424214018132,6
116,119,2805.273237454388,7
116,121,3002.5728243457156,6
116,122,5222.660316313442,12
116,126,2968.7034564797495,6
117,113,2493.242601744577,8
117,118,1029.324783038124,9
117,119,3324.4759508447696,5
118,100,1282.2639337083244,11
118,115,2588.574430923457,11
118,116,1187.3424214018132,6
118,117,1108.751315712485,9
119,116,2805.273237454388,7
119,117,3324.4759508447696,5
119,345,6383.930824417375,10
121,116,3002.5728243457156,6
121,123,7366.634614026552,6
121,124,4193.037183033945,9
121,127,2611.7323122554712,6
121,144,5484.010212830653,10
122,100,1272.4012597617268,5
122,116,5544.07522482849,13
122,125,5752.73512906541,12
122,127,4141.096632027303,7
123,121,8395.675327154891,7
123,124,10230.995389476975,19
123,126,2884.969222799599,5
124,121,3163.9964699056063,8
124,122,2379.366099964209,6
124,123,9824.203214334975,18
124,126,10891.658146616232,25
124,127,5857.255532187941,12
124,138,642.1854637858019,5
124,142,7783.55812385339,10
125,109,6109.32909277838,9
125,122,5555.360280540467,12
125,126,3279.1555881326467,7
125,127,6273.880975919839,17
125,231,1306.2410620030096,6
126,111,1636.6766494025549,5
126,116,2968.7034564797495,6
126,123,2884.969222799599,5
126,124,11861.452566506285,27
126,125,3279.1555881326467,7
126,127,6093.541319967738,20
126,139,1124.81733511297,6
126,140,2919.1788662617905,6
127,91,2954.276993591448,12
127,109,4358.480761528934,8
127,110,4406.769576481251,8
127,121,2611.7323122554712,6
127,122,4141.096632027303,7
127,124,5096.295132628292,11
127,125,5905.612049168672,16
127,126,6854.501719527387,21
127,138,2595.3759520449357,13
127,139,1076.2868255622288,5
128,129,730.0532674890417,13
128,131,152.258961907098,7
128,133,251.0643246261759,11
128,163,171.6404419149494,7
128,360,1472.739354146364,5
129,2,159.36169460727615,5
129,10,94.33024890261737,5
129,128,483.0472656585425,16
129,130,259.47103509914416,6
129,133,1118.7443382335941,13
129,134,2238.6052240785,8
129,135,455.33593801263555,5
129,144,3590.635719068315,7
129,147,2845.3424924911565,6
129,153,410.06556376363017,5
129,154,1166.733048880766,6
129,163,970.3817226963208,8
130,10,605.9658215923968,5
130,12,203.86263571611403,7
130,129,259.47103509914416,6
130,131,360.90396597235036,10
130,132,405.0155234523192,8
130,135,263.67216756606257,6
130,163,263.1915847873957,8
130,165,307.10316630021094,8
131,9,124.74204316950515,5
131,10,126.3202416084257,6
131,128,153.33204286044702,7
131,130,360.90396597235036,10
131,133,184.94412163573344,11
131,136,337.9998414140164,5
132,130,405.0155234523192,8
133,128,251.0643246261759,11
133,129,1118.7443382335941,13
133,131,184.94412163573344,11
133,134,2446.59931046494,9
133,135,6039.954396499621,14
133,137,4894.942720567471,11
133,144,7047.20319637516,12
133,152,2366.690275631724,7
133,165,160.12561140390594,5
134,129,2238.6052240785,8
134,133,2802.7414219120838,9
134,135,2970.0944773481815,8
134,136,2520.0421186823773,12
134,137,2196.435696099004,12
134,141,3770.7541002463604,5
134,144,7754.981271184271,19
134,152,3434.022127340213,8
135,130,263.67216756606257,6
135,133,6831.803422124782,17
135,134,3525.3840039790775,10
135,144,5981.9472400922905,11
135,147,1527.7983108306103,5
135,152,3195.0961074911443,12
135,154,1373.783603394931,5
135,163,2156.7372955123515,6
135,165,421.9918424692539,5
136,8,2261.35726366375,6
136,131,337.9998414140164,5
136,134,2520.0421186823773,12
136,137,7156.003099474677,24
136,138,765.9438163301007,5
136,140,1598.8503012719,6
137,37,320.9396214282924,5
137,133,4894.942720567471,11
137,134,2196.435696099004,12
137,136,7156.003099474677,24
137,140,2044.950647111984,8
137,141,4606.684969598708,7
137,144,5977.849871830667,7
138,124,743.5210768784718,6
138,127,2595.3759520449357,13
138,136,765.9438163301007,5
138,139,3707.9810792804155,16
138,140,2245.32983514307,12
138,144,1719.2704499442623,5
139,84,2491.567215187869,6
139,126,1124.81733511297,6
139,127,1076.2868255622288,5
139,138,3700.0863290826815,16
139,140,2304.2224910877544,8
139,141,4665.018338032683,9
140,92,591.6745744459765,5
140,126,2919.1788662617905,6
140,136,1593.6025298556801,6
140,137,1806.9506826933512,7
140,138,2182.4568101901787,11
140,139,2304.2224910877544,8
141,134,4371.960410563949,6
141,137,4606.684969598708,7
141,139,5037.892520131628,10
141,142,7556.043276252253,14
141,144,10398.22008570276,14
141,145,2291.9171931243,10
142,124,7783.55812385339,10
142,141,7556.043276252253,14
144,121,5484.010212830653,10
144,129,3513.485835683085,6
144,133,6726.525329419635,11
144,134,9046.252128844599,20
144,135,7328.425887333657,13
144,137,5977.849871830667,7
144,141,10263.0744728435,14
144,145,3634.1702542702624,16
144,147,2468.122091824864,6
144,148,3723.936223926391,11
144,153,813.5528678791436,6
144,154,2867.254804091108,6
145,141,2291.9171931243,10
145,144,3638.3492429154517,16
147,129,3045.6094723052283,7
147,135,1527.7983108306103,5
147,144,2468.122091824864,6
147,148,3048.348401424798,11
147,151,1910.08294787436,6
147,154,3925.8403946584526,10
148,144,3284.59799158332,11
148,147,3038.4741379650477,11
148,152,899.4064815596932,5
148,153,2778.563343090215,11
150,151,5326.408867618906,9
150,153,1519.7705722676828,5
151,147,1896.8376190279414,6
151,150,5326.408867618906,9
151,154,9988.73975595175,11
151,155,1936.77772074849,10
151,156,5280.386183230878,8
152,129,1360.7735705082923,5
152,133,2355.6996106051024,7
152,134,3152.1599229625213,7
152,135,3064.9539433303958,11
152,148,899.4064815596932,5
152,153,2484.53112430379,13
152,154,7975.87544828239,17
152,158,1978.2932834186217,5
152,163,1751.064834939756,6
153,129,546.3504502434175,7
153,144,893.2590818433346,6
153,148,2778.563343090215,11
153,150,1519.7705722676828,5
153,152,2418.364457336904,13
153,154,2473.9243693717453,14
154,129,1166.733048880766,6
154,135,1373.783603394931,5
154,144,2867.254804091108,6
154,147,3863.4018290441663,9
154,151,7714.274720665831,10
154,152,7975.87544828239,17
154,153,2276.2662948376455,13
154,155,1000.3219880958258,5
154,156,10905.257994582727,26
154,158,5747.849400876681,11
154,159,5207.1092329340945,9
154,165,1167.0590307302248,5
155,151,1936.77772074849,10
155,154,1000.3219880958258,5
155,156,4047.6019371223297,20
155,370,1378.505386785507,7
156,151,4394.591500356895,7
156,154,10860.320069115418,26
156,155,4047.6019371223297,20
156,157,704.1798919507779,5
156,159,8014.739848384822,19
157,156,865.8760720302394,6
157,158,854.7047158332952,6
157,159,9751.867566233266,29
158,154,5747.849400876681,11
158,157,845.0774133874075,6
158,159,5552.595733140161,12
158,163,3282.5319601463275,10
159,154,5541.411476565872,10
159,156,9921.52968022048,20
159,157,9705.443079631164,28
159,158,4995.516732688388,11
159,160,3393.8853386008045,7
159,162,2734.7592497601086,7
160,159,3393.8853386008045,7
160,161,3018.9259390538527,6
160,162,4600.814488469185,14
160,163,7022.85763684887,12
161,160,3036.4709648174153,6
161,162,5545.063071643533,13
162,159,2177.6802493083355,6
162,160,4600.814488469185,14
162,161,5545.063071643533,13
162,164,900.9561125823566,5
163,9,1488.1007883463178,5
163,128,157.12805485632964,6
163,129,987.0985624788575,9
163,130,263.1915847873957,8
163,135,2307.297046673326,7
163,152,1751.064834939756,6
163,158,3176.5907032420973,8
163,160,5093.642811808936,11
163,164,1138.5932779250165,9
163,165,2926.375139239548,22
164,11,205.92773229012846,7
164,162,1338.5845582509373,6
164,163,1032.6520210207868,7
164,165,178.99855877453666,5
165,12,231.43071483993853,5
165,129,141.5847018395565,5
165,130,323.39537384725884,9
165,135,421.9918424692539,5
165,154,1167.0590307302248,5
165,163,997.1603141996142,21
165,164,178.99855877453666,5
166,39,767.4460082291776,5
166,41,801.8127202381482,5
166,48,1402.823593658809,6
166,167,2721.578871638648,10
166,168,3183.133331931377,10
166,169,3735.052336386017,14
166,208,8656.578956280231,22
166,210,5269.868132519589,18
167,39,1207.1741594962061,9
167,41,576.2309040379357,5
167,43,1186.8086172679316,6
167,48,915.3835245831206,6
167,166,2721.578871638648,10
167,168,2717.13825444941,11
167,169,2502.994533940904,10
167,170,1995.7773594161724,6
167,171,1732.7459314063358,5
167,208,2050.9494477047965,6
167,210,2255.6881352904584,6
167,213,2745.848715344189,6
167,214,1905.9544547596524,8
168,39,1898.14596693495,10
168,41,1508.4244360251666,9
168,43,888.9975417772373,6
168,48,3416.6294173309534,15
168,166,3355.347704530517,10
168,167,2507.3099748651134,10
168,169,3968.015408469406,12
168,210,2402.2574344646837,9
169,41,415.18835381007295,5
169,48,1258.3005047934823,6
169,166,3941.698978077421,14
169,167,1282.320395537321,5
169,168,4187.291221726239,14
169,170,5156.935900498904,15
169,171,1991.7646787769781,5
169,190,1450.8253856590682,5
169,198,1907.028675638442,5
169,209,2630.6012494183187,6
169,210,1157.263751716858,5
169,403,2266.5910656111178,6
170,167,1696.013669736754,5
170,169,6511.164136719908,18
170,171,1900.6235506987155,7
170,174,5857.057264988332,12
170,175,1528.6778199778023,5
170,176,2832.896890732322,9
170,177,2133.9543108529188,18
170,180,4703.162804249277,8
170,183,4396.234693985735,12
170,214,2108.8103578124974,5
170,219,4258.106461346105,6
171,167,1726.9547849135597,5
171,169,2102.9109330058254,6
171,170,2099.2374890217448,8
171,172,5385.186794629684,19
171,175,2458.3214092565368,5
171,176,4916.552249292726,11
172,171,5654.518505806376,20
172,173,2568.4090674096815,12
172,182,1999.4848645437883,6
172,183,1924.8657904775152,5
173,172,2355.37453868155,11
173,183,3292.528489868034,9
174,170,5857.057264988332,12
174,175,2331.575388054644,5
174,176,6869.266461640567,9
175,171,2458.3214092565368,5
175,174,2331.575388054644,5
175,176,2255.479722806842,5
176,170,2345.1180710364342,8
176,171,4916.552249292726,11
176,174,6881.127663815254,9
176,175,2255.479722806842,5
176,177,3506.75846790049,28
177,11,245.92559511290148,5
177,170,2012.07887779063,17
177,176,3673.264187111602,29
178,180,7237.368242181375,11
180,170,4703.162804249277,8
180,178,6746.263359287276,10
180,181,12725.395996328518,27
180,182,1003.9885107444336,5
180,194,954.507735695369,5
181,180,12698.949397624716,27
181,182,6738.7209490543155,11
181,184,1638.4792551881824,9
181,187,3544.527882781126,14
182,172,1836.248413837072,5
182,173,1109.1142883041111,5
182,180,1003.9885107444336,5
182,181,6738.7209490543155,11
182,183,5813.750381078273,13
182,184,936.9125326225579,5
182,188,2795.4468538980923,5
182,197,2545.53148413867,6
183,170,4396.234693985735,12
183,172,1924.8657904775152,5
183,173,3741.3864715509167,10
183,182,6308.898330760897,14
183,184,925.092515055751,5
183,217,5295.38487183317,9
184,181,1638.4792551881824,9
184,182,936.9125326225579,5
184,183,925.092515055751,5
184,185,1290.7191093859321,7
184,193,1881.4479919706039,10
185,184,1290.7191093859321,7
185,186,4391.4471732779875,33
185,188,990.374303815371,5
186,185,4288.575853633951,32
186,187,1268.3371953260405,6
186,188,353.24628583012367,6
186,198,354.5982822207145,6
187,181,3281.35922113616,13
187,186,1268.3371953260405,6
187,197,2699.6411686312504,9
187,198,2543.4889070118493,7
187,199,2818.361176555084,5
188,182,2795.4468538980923,5
188,185,990.374303815371,5
188,186,440.49704435371524,7
188,195,4913.502928440417,11
188,196,2870.5864416516742,11
188,197,5440.7416288089935,15
188,198,3887.6545144957868,14
188,206,1831.0561295854764,5
189,190,2867.731135494045,8
189,226,6374.691286838357,11
190,169,1450.8253856590682,5
190,189,2831.82935997525,8
190,196,1271.2809825333472,7
190,222,2059.080796202375,9
190,223,4141.878128576377,16
190,226,3984.0439885550613,10
191,203,2777.9266908075015,10
191,226,2395.0513887229895,5
192,193,1735.4014453737807,7
192,194,3869.61112755442,11
193,184,1881.4479919706039,10
193,192,1735.4014453737807,7
193,194,838.45769583327,5
193,195,1247.6955724452062,6
193,217,835.1114900861212,6
194,180,954.507735695369,5
194,192,4009.0341198621068,12
194,193,838.45769583327,5
194,195,1606.8048124975178,5
195,188,4613.190742455369,10
195,193,1247.6955724452062,6
195,194,1606.8048124975178,5
195,196,4734.265977613485,15
196,188,2541.908633969269,9
196,190,1271.2809825333472,7
196,195,4856.286393967223,16
196,197,2402.264212274618,10
196,198,3286.576089479177,12
196,202,2045.139753622073,7
196,203,3430.895776832376,6
197,182,2517.751331644437,6
197,187,2699.6411686312504,9
197,188,6222.979235168822,17
197,196,2228.6045017229794,9
197,198,7311.6782728782255,29
197,199,3255.80775056816,6
198,186,813.3653995776815,7
198,187,2543.4889070118493,7
198,188,3788.3659502184073,13
198,195,928.6019802772837,5
198,196,4159.195735240281,15
198,197,7311.6782728782255,29
198,199,5789.296611550277,7
198,200,1208.753900958061,6
198,201,2587.581317872899,5
198,202,4597.844930874643,10
198,206,1188.0552841726949,5
199,187,2818.361176555084,5
199,197,3255.80775056816,6
199,198,6215.525275848957,8
199,200,1487.3186256452725,9
199,201,2773.9637289584102,5
200,198,1237.640934902869,6
200,199,1677.3265027308312,10
200,201,1738.4283566578065,5
200,206,3972.348424938724,19
200,207,6445.9758129582515,29
201,198,2587.581317872899,5
201,199,2773.9637289584102,5
201,200,1738.4283566578065,5
201,202,4927.785521510779,11
201,205,4461.945198334008,7
201,206,6757.575217071011,18
202,196,1645.0772457783764,5
202,198,5024.855685201235,12
202,201,5597.167803936076,12
202,203,5592.7660817168435,16
202,206,2027.0998908630022,6
203,191,2777.9266908075015,10
203,196,3430.895776832376,6
203,202,5592.7660817168435,16
203,204,2299.8017518637525,7
203,227,1635.6140669505705,7
204,203,1464.870202292624,6
204,206,3086.1239562752,5
204,227,6038.312384985011,11
204,396,2193.3813473388063,5
205,201,4461.945198334008,7
205,206,5631.023237936946,11
205,207,9726.996541593357,15
205,396,6113.822647870924,11
205,399,3343.1589546480914,7
206,188,1831.0561295854764,5
206,198,1159.1682502278868,5
206,200,4001.2354588835324,19
206,201,6757.575217071011,18
206,202,2407.3960086626994,7
206,204,3570.813397242819,6
206,205,6440.896515907631,13
206,207,4687.716562125842,15
207,200,6635.98369004381,30
207,205,9322.059902608014,14
207,206,4718.69933428521,15
207,399,11261.632058698731,20
207,400,1165.9995168954906,5
208,166,8191.038376251762,20
208,167,2420.75435557608,7
208,170,1911.4279402226011,5
208,209,4008.070463824004,11
209,208,3822.637126151826,11
209,210,3566.5038350237596,8
209,211,3144.215024796145,8
209,213,2212.1629453244263,5
209,219,3131.847304502497,6
210,166,5269.868132519589,18
210,167,2496.065274712333,7
210,168,2402.2574344646837,9
210,209,3771.411815959987,9
210,211,5346.584358019732,10
210,212,1626.0597288126414,5
210,213,4229.97933006265,9
210,219,2413.922150074475,5
211,209,2952.1566001996543,7
211,210,5540.749171335888,11
211,212,2756.6898724288753,7
211,257,3603.6656282683434,8
212,210,2141.813529903246,6
212,211,2237.608210398731,6
212,213,7274.358664252637,20
213,167,3467.8695151976017,7
213,209,2212.1629453244263,5
213,210,3689.615029629426,8
213,212,7763.071890786365,21
213,221,4146.472416589184,9
214,167,1516.4472252079631,6
214,170,2108.8103578124974,5
214,215,4145.887652233865,10
214,216,2020.6454253653376,7
214,219,4173.397960008077,9
215,214,4145.887652233865,10
215,216,3580.034863062275,9
215,218,3505.628689310592,5
215,219,5652.339158952985,18
216,214,2020.6454253653376,7
216,215,3580.034863062275,9
216,218,5698.567452826057,14
217,183,5295.38487183317,9
217,193,835.1114900861212,6
218,215,3505.628689310592,5
218,216,5698.567452826057,14
218,220,3930.8678998680157,9
218,222,2373.1653471636805,5
219,170,4258.106461346105,6
219,209,3131.847304502497,6
219,210,2413.922150074475,5
219,214,4173.397960008077,9
219,215,5389.679662664839,17
219,221,4228.519188463666,14
220,169,1643.9799033410313,5
220,218,3942.072863899754,9
220,222,5621.69560016168,21
221,213,4129.673845739078,9
221,219,4228.519188463666,14
221,222,4547.360079872741,10
222,190,587.6834332273945,5
222,218,2365.182343584798,5
222,219,1383.6318970958155,5
222,220,5621.69560016168,21
222,221,4271.024093387229,8
222,223,3775.3159263671578,15
222,224,3384.4363703639287,6
222,226,2091.9509470475364,6
223,190,4148.247176091856,16
223,222,3664.625878721077,14
223,225,1688.358148936764,7
223,229,1462.045478451248,5
223,232,2337.7825707776756,5
224,222,3384.4363703639287,6
225,223,1688.358148936764,7
225,226,1049.8912577204096,5
225,227,2601.19230039544,6
225,229,9231.626888736999,23
225,232,2972.4868412257515,9
225,267,1391.4353532947378,5
226,189,6374.691286838357,11
226,190,3791.461506782722,9
226,191,2559.7395747502583,6
226,222,2083.3164722971997,6
226,225,1049.8912577204096,5
226,227,5882.266780796274,13
227,203,1635.6140669505705,7
227,204,6919.272666073228,13
227,225,2601.19230039544,6
227,226,6527.331035688763,15
227,228,4124.075037431527,12
227,229,9927.573977561888,14
227,398,3990.187984910189,7
228,43,5206.175170550345,5
228,227,4124.075037431527,12
228,229,3155.4687967888963,8
229,223,1462.045478451248,5
229,225,9596.839485364937,24
229,227,9216.152857433855,15
229,228,3292.1533306515166,8
229,230,19336.58785934461,38
229,233,3105.526000378151,6
230,227,2830.0041081421477,5
230,229,18705.96251886014,36
231,125,1306.2410620030096,6
231,232,3001.2331317595954,11
231,265,1346.6323260858321,5
232,223,2337.7825707776756,5
232,225,2594.374743059611,8
232,231,3001.2331317595954,11
233,229,3105.526000378151,6
233,235,3553.77461070667,7
233,254,3280.164365759195,5
233,264,4057.431520584292,6
233,267,2797.122575962116,7
234,235,7781.297793259868,17
234,265,2114.4171168725848,5
235,233,3553.77461070667,7
235,234,7781.297793259868,17
235,264,4051.7345841112437,6
235,267,4716.535848253798,9
236,54,419.75962403285905,5
236,237,1321.7055811182709,16
236,238,2014.0392882781712,9
236,239,2456.364390272473,21
236,240,1058.014842504736,10
236,241,878.4111185422445,8
236,250,925.6572549137857,6
236,252,873.3579350542423,5
236,254,1000.1286761900816,5
237,236,1321.7055811182709,16
237,239,3747.799093395766,16
237,240,1176.9012410390621,5
237,241,898.0253539608769,13
237,242,4340.898398752644,16
237,244,2832.56267784004,5
237,245,2231.4757525575037,7
238,236,1898.4823642599306,8
238,239,2852.0938025523037,18
238,240,870.598396267974,6
238,243,1849.211195209264,5
238,252,1436.000258856215,6
239,48,1526.650549174154,5
239,236,2287.9186956652998,20
239,237,2968.3892276822844,12
239,238,2731.831620879209,17
239,240,2409.180527369534,9
239,250,431.090814752203,5
240,51,1773.6452914657373,7
240,236,1144.8302759145477,11
240,237,1410.8139902091643,7
240,238,882.2280470744117,6
240,239,2245.4801528911353,7
240,241,2883.5174349167182,23
241,18,469.29703150914963,5
241,236,1296.4475335884122,11
241,237,719.7372445859221,10
241,240,2950.290308473901,24
241,242,1026.4347047049473,5
241,243,369.66053231440804,6
241,253,347.89307045910243,7
242,237,4340.898398752644,16
242,241,1026.4347047049473,5
242,243,3233.2110436562452,13
242,244,7952.3298982061315,22
243,238,1849.211195209264,5
243,241,369.03814923140925,6
243,242,3233.2110436562452,13
243,244,16246.50260507252,30
243,245,1882.4238454724314,13
243,247,4836.780645621251,5
243,252,6074.147905049418,11
244,237,2832.56267784004,5
244,242,7686.345801226069,21
244,243,19141.579992656763,31
245,237,2244.491207152306,7
245,243,1882.4238454724314,13
246,58,656.1747621627278,5
246,247,7832.570056577694,14
247,243,4836.780645621251,5
247,246,7805.352344920177,14
247,249,6041.067958709101,9
247,252,876.2346804100533,6
249,247,6041.067958709101,9
249,250,4879.947373078627,14
249,251,1827.281663881813,5
249,252,3033.1391456952088,9
250,58,1388.9005802784836,8
250,59,4637.993468825593,14
250,61,1874.8727886563831,8
250,236,925.6572549137857,6
250,239,431.090814752203,5
250,243,2244.9705449721246,5
250,249,4879.947373078627,14
250,251,912.1848130287503,6
250,252,4692.401647859709,17
250,301,851.077986249172,5
251,58,754.4501276983483,5
251,249,1827.281663881813,5
251,250,1049.4173817451644,7
252,236,1000.366733532783,6
252,238,1141.0364121980883,6
252,243,5092.274406757273,10
252,247,1250.6313296845192,7
252,249,3033.1391456952088,9
252,250,5945.234883314456,19
253,44,129.49474062819806,5
253,45,1634.4220500123486,15
253,241,347.89307045910243,7
253,254,3985.135519222711,72
253,255,277.3766430446996,9
254,40,160.24243971223717,6
254,43,661.7500250280233,5
254,44,1980.0616084572905,6
254,45,3448.667265940638,11
254,46,4063.6601373455887,8
254,47,2266.5832203786176,6
254,213,1993.2753649888443,5
254,233,3280.164365759195,5
254,236,1000.1286761900816,5
254,253,3879.2352317877867,70
254,255,5432.602955685679,10
254,256,3743.6193118531714,14
254,257,1422.92098156547,5
254,261,3314.649655372733,7
255,253,365.8893778979734,11
255,254,5344.090220832406,8
255,256,1473.5625388285846,5
256,40,1087.0429181021955,5
256,254,4081.404613965791,16
256,255,1473.5625388285846,5
256,258,5355.068535826897,7
257,1,2396.671639525278,5
257,211,3603.6656282683434,8
257,256,612.0869441580634,5
257,261,2496.099983426108,5
258,256,5323.223679016395,7
258,261,3557.9840002818964,6
259,260,3826.4259412095607,9
259,263,2405.8112859486396,5
259,435,5338.348275602201,12
260,259,3826.4259412095607,9
260,261,4170.5328426804645,6
261,254,3314.649655372733,7
261,257,2496.099983426108,5
261,258,3557.9840002818964,6
261,260,4170.5328426804645,6
261,262,8594.82449507827,11
262,261,8689.378771675205,11
262,264,2534.0123386351315,6
262,265,4903.0392327430145,9
263,259,2405.8112859486396,5
263,264,4437.112435861898,8
263,436,3277.618319600853,6
264,233,4057.431520584292,6
264,235,3776.249924565005,5
264,262,2534.0123386351315,6
264,263,3996.319017141032,7
264,265,7346.823488290855,18
264,266,2911.6363247960335,14
264,267,3363.464166581547,6
265,231,1346.6323260858321,5
265,234,2114.4171168725848,5
265,262,4928.704376851562,9
265,264,6906.030069569989,17
265,266,7129.883245122912,21
266,221,636.7675541379596,5
266,264,2820.1111533656576,13
266,265,7383.2114264731235,23
267,225,1407.522632421691,5
267,233,2797.122575962116,7
267,235,3050.0566797013703,8
267,264,3460.0534391811248,7
268,62,264.6517976589497,7
268,64,258.91465070491216,7
268,65,323.6979542823064,7
268,66,383.535437513087,11
268,68,232.22523317185707,6
268,69,224.28917115901208,5
268,71,395.0774428302885,7
268,72,1596.229774214762,24
268,73,354.82373527011947,10
268,96,234.9526093618011,5
268,269,1930.0360305781364,22
268,270,688.2714833368366,15
268,272,455.9045361903144,7
268,273,664.6193144243489,11
268,278,1530.410645164601,5
268,280,234.74821901595226,6
268,281,217.57388245990973,5
268,301,893.8936068325781,23
268,302,446.58904532703275,9
268,320,279.67522185120185,7
269,54,494.3537582640651,6
269,64,1128.3618649865743,6
269,65,1553.555067480496,7
269,66,1365.3882060278213,6
269,68,1120.8274094462388,6
269,71,1726.4357682366378,5
269,268,1616.1995191375267,20
269,270,3645.2560439823806,23
269,272,662.9285397538913,7
270,31,219.00980197424457,5
270,60,528.6333461295378,5
270,64,1132.4932453100682,13
270,66,1088.3366196561392,13
270,70,389.3727275507053,5
270,268,687.2916198237252,15
270,269,3532.018673699896,21
270,303,1134.498114251485,8
272,72,729.0696188525843,6
272,73,722.3582389706744,5
272,268,455.9045361903144,7
272,269,662.9285397538913,7
272,273,6118.757144075787,25
272,274,1317.2513977617682,10
272,275,671.1303293947647,8
272,280,562.3036062191314,5
272,282,633.082860796499,5
272,301,795.4676157687549,6
273,268,639.712435353959,10
273,272,6118.757144075787,25
273,274,5701.37741242949,14
273,276,8264.029257889444,14
273,277,3329.995502599747,6
274,272,1317.2513977617682,10
274,273,5701.37741242949,14
274,275,5246.960407289657,21
274,276,13378.551227728582,14
274,277,1156.985455398692,5
274,278,2353.8145382024145,9
275,5,2429.515190727004,5
275,27,478.84333084284566,5
275,59,1959.5946866414372,7
275,60,2806.7025213134357,6
275,272,671.1303293947647,8
275,274,5246.960407289657,21
275,276,4824.67204395018,7
276,273,8991.056896467255,15
276,274,10680.76590768281,13
276,275,4824.67204395018,7
276,277,9230.537290726641,10
276,278,10570.16263808769,24
276,301,4537.764064694687,7
276,463,2404.9980308564764,5
277,273,3329.995502599747,6
277,274,1127.76551108587,5
277,276,8465.797366048104,10
277,278,7215.11616809858,27
277,282,2086.1192279466995,7
278,58,1503.419230506789,6
278,70,3705.8013353861916,10
278,73,2162.3178503282575,6
278,274,2353.8145382024145,9
278,276,10513.386930959272,24
278,277,6976.208467806666,26
278,279,10511.02781517077,36
278,281,1896.195577450228,6
278,282,1850.9898803089386,6
278,284,5075.767378398165,14
278,285,8467.245575138848,8
278,463,3144.6863006210024,14
279,278,8721.307297285912,31
279,281,2266.8684387516896,5
279,282,2587.6194455643367,6
279,284,6897.380988886782,11
279,303,2817.7050193354753,8
280,268,261.0331993611099,7
280,272,562.3036062191314,5
280,281,4485.74281090215,10
280,282,3482.073750318818,10
280,283,1970.1523331534052,9
280,284,2279.712379192485,6
280,287,2166.071220050146,9
280,290,2619.2166017796694,7
280,301,2097.499829984134,9
280,302,686.3717996736666,6
280,304,378.49831668266324,6
281,268,217.57388245990973,5
281,278,2864.118923448318,10
281,280,4273.7166907472265,10
281,282,2628.325360104995,7
281,283,1338.8071503975073,9
281,302,779.7860098209335,7
281,303,2795.5613890695963,8
282,272,633.082860796499,5
282,277,2166.836366727019,8
282,278,2137.4488037269375,6
282,279,2053.26458686382,5
282,280,3723.627876877271,11
282,281,2628.325360104995,7
282,283,2274.2573481809936,12
282,303,1319.5134287127203,5
283,280,2084.3146412629335,9
283,281,1338.8071503975073,9
283,282,2312.567417606583,12
283,301,2353.3769367971627,7
284,278,4827.871443115649,13
284,279,6897.380988886782,11
284,280,2050.8227494441635,5
284,285,7345.255222953528,6
285,278,8467.245575138848,8
285,284,7345.255222953528,6
285,463,13141.48199740385,13
285,466,6503.814798203202,6
285,467,2356.7037382764966,5
286,287,3402.01744424926,17
286,301,726.5827610506931,5
286,304,357.96427204845867,5
286,307,10158.986152809744,6
286,312,1813.8810472028683,6
287,280,1950.7474980054926,8
287,286,3152.9338355956597,16
287,288,5117.593934924531,19
287,289,2969.71947493047,12
287,290,1870.1232334255133,5
288,287,3616.4762583862353,18
288,289,10691.337805576964,25
288,291,15111.53762700686,35
288,298,2147.105818389982,6
288,301,780.2997715732205,7
289,286,995.0490426305125,5
289,287,2813.5806543773488,11
289,288,10691.337805576964,25
289,290,9045.010627799455,26
289,291,11522.929691907799,17
289,292,3882.9690899489883,6
289,293,4882.8069712634915,9
289,298,2213.261362134703,6
290,82,2738.6812150779724,5
290,280,2619.2166017796694,7
290,287,1870.1232334255133,5
290,289,9220.500597308695,27
290,293,3084.640159592487,5
290,303,2581.449401777803,6
291,288,15001.324436885689,34
291,289,10064.072241493031,14
291,292,3152.8063255570382,6
291,293,8098.159236761426,13
291,294,2974.66070279375,5
291,295,2983.57001952829,6
291,296,534.2646527245817,5
291,298,4176.668867828372,12
292,289,3882.9690899489883,6
292,291,3152.8063255570382,6
292,295,4187.936844484644,5
293,289,4882.8069712634915,9
293,291,8098.159236761426,13
293,294,3849.451900986562,7
294,291,2974.66070279375,5
294,293,3849.451900986562,7
294,295,8461.815219300666,9
295,291,2983.57001952829,6
295,292,4187.936844484644,5
295,294,8461.815219300666,9
295,296,3326.2647356285443,11
296,291,534.2646527245817,5
296,295,3326.2647356285443,11
297,298,2103.1143062245046,14
298,288,1560.7649000446556,5
298,289,3036.9457900402144,8
298,291,2880.4126278251433,9
298,297,2103.1143062245046,14
298,299,2626.218922097156,17
298,301,3299.0003718839976,5
298,481,2449.2393087819173,10
299,298,2626.218922097156,17
299,481,491.2756984105087,5
301,28,544.6719086384161,5
301,66,517.4857717040728,5
301,70,1513.8199704282702,6
301,72,2047.7797900338307,15
301,73,1081.5005946241606,7
301,80,1007.2603414025497,5
301,88,796.273049945605,6
301,268,991.4302525507304,26
301,272,853.1671914099368,7
301,276,4178.609987517042,6
301,280,2097.499829984134,9
301,283,758.0192762375755,6
301,288,870.1864629191839,8
301,298,3299.0003718839976,5
301,302,4402.616708672666,22
301,303,3322.952614186976,15
301,304,2815.925713477616,17
301,305,8353.595692076675,11
301,306,3681.25881078685,7
301,316,2795.5565728381785,9
301,320,93.09441525413439,5
301,321,5141.006622594657,16
301,322,1860.724630686069,12
301,323,1386.5002541693816,6
301,326,1480.0379531397439,5
301,328,865.1087125907812,9
301,329,1682.5388628254864,6
301,476,2476.410387331203,5
302,64,487.37793728233464,6
302,71,1298.1844208150542,5
302,72,420.83611814452115,5
302,73,715.8120996361639,8
302,268,446.58904532703275,9
302,280,686.3717996736666,6
302,281,779.7860098209335,7
302,301,4592.216006514278,23
302,303,1406.290636768152,8
302,304,1040.398685730951,10
303,79,707.9484684437967,5
303,270,982.7158954853566,6
303,279,2500.6136419464483,7
303,281,2795.5613890695963,8
303,282,1319.5134287127203,5
303,286,437.1885881478017,5
303,290,2581.449401777803,6
303,301,3306.7585397873368,16
303,302,1406.290636768152,8
303,304,3051.86329427037,33
303,305,674.730700464628,5
303,306,2144.590053572688,5
303,309,2837.6912659984027,7
303,310,1077.4940189661263,6
303,322,1339.9737856039453,8
303,323,1285.7495528759378,6
303,476,4681.590007935497,9
304,64,561.5536951825843,5
304,280,378.49831668266324,6
304,286,354.82813090205286,5
304,301,2885.966419921615,18
304,302,560.2923661341529,9
304,303,2539.635408425038,31
304,306,2201.0597124491787,7
304,316,1953.0300526895612,7
305,64,2055.9240573175803,5
305,301,8531.987504058628,12
305,303,674.730700464628,5
305,306,7353.422731815407,9
305,307,3439.5906250008115,5
305,313,6557.491230446652,8
305,322,3419.981475580288,12
305,324,6996.213304396548,9
306,301,5042.66250838337,9
306,303,2438.2183732038,6
306,304,1878.815871399285,6
306,305,7929.13880901522,10
306,307,3200.134467895671,8
306,309,1588.1455365920845,5
306,312,8041.335819128831,13
306,313,5717.6631294351855,16
306,314,2229.0583251441126,7
306,315,1647.2371179851175,5
306,316,2480.261114457989,5
306,322,1641.6710618064076,5
307,286,10158.986152809744,6
307,305,3439.5906250008115,5
307,306,1807.3167244397962,6
307,312,4128.0099669997735,11
308,309,5572.537044486162,13
308,312,5715.188255976668,12
308,476,1676.0720903492631,5
309,303,2324.0275769878954,6
309,306,1588.1455365920845,5
309,308,5572.537044486162,13
309,312,1915.808122166257,7
310,73,1315.1880336494705,5
310,303,1077.4940189661263,6
310,311,3731.039266981636,15
310,312,1603.3587127982507,6
310,315,8612.50353549569,17
311,310,3548.6364642390536,14
311,312,1222.1686565908794,7
311,314,1660.9289950218006,8
311,315,2796.453693092959,6
312,286,1813.8810472028683,6
312,306,7649.139149530067,12
312,307,4128.0099669997735,11
312,308,5715.188255976668,12
312,309,1529.8170599681107,6
312,310,1603.3587127982507,6
312,311,1216.6070516919985,7
312,476,3138.7351710614153,5
313,305,5097.393228954901,7
313,306,5833.862232837929,17
313,314,2003.95316976288,11
313,315,3712.6590789837956,8
313,316,4876.765454699704,15
313,324,3834.179867861089,9
313,326,1179.1275064565298,5
314,306,2229.0583251441126,7
314,311,1675.756320582294,8
314,313,2253.6796640089774,12
314,315,4915.894196113,13
315,306,1633.289041042401,5
315,310,8621.481318354508,17
315,311,2796.453693092959,6
315,313,3581.8407589185013,9
315,314,4915.894196113,13
315,316,6525.632917736123,20
315,476,6710.359994763705,8
316,301,2941.832643481522,9
316,304,1953.0300526895612,7
316,305,1511.2699490059504,5
316,313,4543.323919543717,14
316,315,6854.814460626039,21
316,324,3696.768187743288,8
316,325,7834.195920953771,20
316,471,2032.9445795434845,5
316,474,945.9557530108273,5
317,81,370.34551050187906,5
317,82,505.42617861279666,6
317,318,529.680164886201,9
317,320,1261.8932712626508,23
317,321,1043.233609687102,5
317,330,1683.7781584924985,16
317,342,1044.2465592486574,14
318,68,93.195551457671,10
318,69,80.31999023717846,7
318,73,51.45623518840366,6
318,79,133.80885227209936,7
318,81,267.75715091670764,16
318,95,64.9684281767972,5
318,317,572.1911951130763,11
318,319,401.60642234736946,8
318,320,263.7684375435902,12
318,323,702.9641121833395,8
318,328,711.010719918688,12
318,341,87.41771926432955,6
319,68,979.195212005955,6
319,73,1045.44707576451,7
319,81,731.6597550266366,5
319,268,1455.352211243905,6
319,318,501.4215529099033,11
319,320,1242.0806633447369,14
319,321,2186.5475415864294,8
319,323,2551.6303661052825,8
319,330,906.3319072219655,5
320,29,224.80389715059,6
320,68,315.26293874046394,6
320,70,451.5073524595035,7
320,77,471.8499375035638,5
320,81,877.6528792740403,28
320,97,137.86627648063921,5
320,268,207.6424917683182,5
320,301,89.82214177179294,5
320,317,1184.7580142170036,22
320,318,172.71033059333976,9
320,319,1364.2538189951904,18
320,321,3457.215381360157,23
320,322,1013.1423036840724,9
320,323,1700.9227840529488,21
320,328,3155.3096763205185,26
320,330,1207.9816606930494,18
320,342,109.34204269569624,5
320,343,306.70352362726356,9
321,68,2020.3448966047783,7
321,82,1482.7784152589259,7
321,301,5009.621959206094,15
321,317,1027.934443015895,5
321,319,1957.713357265432,7
321,320,3382.4978392360103,23
321,322,8407.0556258656,37
321,323,2952.795515077627,13
321,328,1701.5080314800493,6
321,330,3293.222984688843,9
322,64,856.8300038440848,5
322,73,2084.3690537405582,12
322,301,2011.2843818470433,13
322,303,1179.1516259100154,7
322,305,4042.284415428169,15
322,306,1641.6710618064076,5
322,320,1134.3393179673108,11
322,321,8197.231576077083,36
322,323,6176.15350192841,33
322,329,734.2117145855915,5
322,330,2128.3727936789996,8
323,27,910.4215608323507,6
323,65,1338.4902388509493,5
323,68,1134.6296943060427,5
323,73,2559.4533734418824,13
323,81,1104.0855071322067,5
323,82,1029.5824243685252,5
323,301,1386.5002541693816,6
323,303,1467.2291318063453,7
323,318,702.9641121833395,8
323,319,3136.6927198007124,11
323,320,1700.9227840529488,21
323,321,3000.468218265105,13
323,322,6176.15350192841,33
323,324,3006.6799607534604,5
323,328,1207.4864352028728,10
323,329,2609.298675567414,11
323,330,1230.8298965093888,5
324,305,6463.378903126987,8
324,313,3834.179867861089,9
324,316,3612.084494540073,8
324,323,3006.6799607534604,5
324,325,5174.373890742045,5
324,326,10277.570760358138,23
325,316,8115.258545380163,21
325,324,5174.373890742045,5
325,326,2485.3516988606925,6
326,301,1480.0379531397439,5
326,313,1179.1275064565298,5
326,324,11370.60855844605,25
326,325,2113.5928596170215,6
326,327,12235.775114266493,18
326,329,1176.2509761574956,5
326,330,1334.8313722550615,6
327,323,812.2061620623668,5
327,326,12235.775114266493,18
327,468,2184.8101475748135,5
328,72,646.0437656770325,5
328,73,2556.665182132528,5
328,81,814.0068710495046,8
328,82,678.9643011864945,6
328,301,865.1087125907812,9
328,318,711.010719918688,12
328,320,3132.951651232599,25
328,321,1701.5080314800493,6
328,323,1315.508743885072,11
328,329,2201.4221394345072,18
328,330,3703.8683410010294,18
329,301,1682.5388628254864,6
329,322,837.0328196159453,6
329,323,2274.007633066912,10
329,326,1330.7921560256468,6
329,328,2309.4444481167066,19
329,330,1518.4060148415565,13
329,468,1067.0856760872737,7
329,473,876.8652558864287,5
330,81,1044.1950713400906,6
330,317,1483.9587580176085,15
330,319,906.3319072219655,5
330,320,1061.5658816847122,18
330,321,3820.0264858158594,12
330,322,1767.988992729509,6
330,323,1230.8298965093888,5
330,326,1334.8313722550615,6
330,328,3588.201298408526,16
330,329,1387.4389132583767,13
330,342,1549.1881437369784,10
331,343,3122.0994558369475,7
332,333,4068.753320482272,6
332,337,1676.3189577520297,5
332,468,2214.218765642144,8
333,80,1571.596730475615,5
333,332,4068.753320482272,6
333,334,2141.3604857925684,8
333,468,7284.138463443879,13
334,333,2141.3604857925684,8
335,336,2760.7846890392098,8
335,337,3044.7457418448457,7
335,338,1101.9624760486267,5
335,340,5206.780329621966,10
336,331,2353.766618237088,8
336,335,2760.7846890392098,8
336,337,4593.388942434408,11
336,340,2192.8498143640095,5
336,343,4314.761665529388,10
337,79,1744.5541641782795,5
337,335,3023.686856722145,7
337,336,4798.311157412467,12
337,338,4049.032088631518,10
337,339,839.1302615789754,6
337,500,4519.1059958628175,11
337,501,3036.1795567410295,8
338,335,1101.9624760486267,5
338,337,2792.3198212261696,6
338,339,6223.850694001507,24
338,340,1290.8778248395731,9
339,80,2077.944461859449,6
339,338,6343.543672169777,24
339,340,1066.45143056664,5
339,500,1200.826965768611,9
340,30,326.13347573071724,6
340,32,106.85352729589954,5
340,80,684.5555319763854,9
340,81,291.6392515397126,5
340,82,762.3603138774746,5
340,83,729.055701985176,8
340,97,541.8912953405725,12
340,103,71.75070962591026,5
340,335,5206.780329621966,10
340,336,2192.8498143640095,5
340,338,1177.71217148181,8
340,341,2183.620264942257,25
340,342,518.9256434659123,6
340,343,2458.8760714716173,5
341,80,264.20328663783175,5
341,82,528.771737816975,9
341,340,1782.8953890440318,24
341,342,1130.8362507973638,14
342,82,262.78732910882786,5
342,317,1323.1384242573279,17
342,322,1070.9675941810724,5
342,330,1087.9204898446305,9
342,336,3149.738357312989,6
342,340,524.6534367203943,6
342,341,960.4528841359611,12
342,343,2873.134487696229,11
343,320,306.70352362726356,9
343,331,3084.747622609576,7
343,336,2775.671717405812,7
343,340,2458.8760714716173,5
343,342,4412.224435819804,14
344,345,2695.5554113003086,40
344,360,232.8373665434088,5
345,119,6588.401929623587,11
345,344,2695.5554113003086,40
345,346,7509.01841842859,29
345,352,2482.8023599130443,5
345,356,1866.1052781278972,5
346,345,7326.4348612639615,29
346,351,2488.588354464766,7
348,349,13596.760335554169,49
348,352,3287.8682285736413,7
348,357,4587.2800814488355,13
348,526,5808.933273117809,16
349,348,13734.728912758252,50
351,346,2488.588354464766,7
351,352,10415.961523039801,22
351,356,3664.8268727529203,7
351,357,3831.6586967334806,11
352,345,2482.8023599130443,5
352,348,2571.930672116278,5
352,351,9972.183648127875,22
352,357,1948.987658837816,8
356,345,1866.1052781278972,5
356,351,3664.8268727529203,7
356,357,12405.100066918889,31
356,358,236.80137850978053,8
357,348,4587.2800814488355,13
357,351,4281.081878200374,13
357,352,2102.8556448673216,8
357,356,13376.759072309633,33
357,358,2686.9727348058,22
358,356,375.0748230939103,9
358,357,2686.9727348058,22
359,360,3025.935754177774,12
359,361,4438.987158547568,22
359,362,4166.458417382323,21
360,128,1472.739354146364,5
360,344,232.8373665434088,5
360,359,3025.935754177774,12
361,359,4438.987158547568,22
361,362,7039.421119301425,31
362,359,4166.458417382323,21
362,361,7039.421119301425,31
363,364,7412.749807191623,24
363,366,924.7910099256602,7
363,367,4648.188905433393,15
363,368,2579.223588087941,15
363,369,2501.9728748081384,13
363,370,3434.7527179459566,8
363,371,11657.159500665337,15
363,372,4517.726766893444,7
363,376,2945.663483356811,10
363,378,5093.260036790136,8
363,379,5371.912723267029,10
363,383,4133.249774355057,6
363,384,6326.101789015508,10
364,363,7618.527199765982,24
364,365,1508.2342934460867,8
364,366,2755.4928283561917,34
364,367,3284.016528812109,7
364,368,1882.0709135634409,9
364,371,3337.911233008497,8
364,372,6443.397619614275,13
364,373,6506.243633258451,12
364,374,4718.729074034507,10
364,375,1525.482477042524,5
364,376,1769.5815205106892,5
364,378,2373.5968033261347,7
364,380,4287.636000163652,6
364,381,8840.188323946262,11
364,385,1232.7198391439888,5
365,364,1542.3453855536666,9
365,366,437.8950317573805,6
365,367,999.6560726061749,6
365,368,1122.1609027896209,7
365,371,1158.2943408109797,5
365,373,316.8061257663313,6
365,376,1230.724089378618,13
365,378,4572.453355286832,13
365,379,5143.765566674634,44
366,363,924.7910099256602,7
366,364,2780.6201785045955,35
366,365,437.8950317573805,6
366,373,817.7754972031576,8
367,363,4401.448141547321,14
367,364,3530.757292698181,8
367,365,999.6560726061749,6
367,368,3841.5485892601705,15
367,369,5901.8213982706675,15
367,370,2402.212326190553,7
367,372,6750.712173831755,10
367,376,3661.903592799936,7
367,381,5254.020981458484,9
368,363,2579.223588087941,15
368,364,1882.0709135634409,9
368,365,1122.1609027896209,7
368,367,3841.5485892601705,15
368,369,5200.37274484314,12
368,371,8459.02954101553,9
368,372,1782.1850783707287,5
368,376,943.662890143239,5
369,363,2501.9728748081384,13
369,367,5901.8213982706675,15
369,368,5200.37274484314,12
369,370,6222.552965265014,20
369,371,2079.65346741955,6
369,378,1844.702042820351,5
370,155,1378.505386785507,7
370,363,3434.7527179459566,8
370,367,2368.2663831439518,6
370,369,5223.2184031873185,18
370,371,13032.693198404635,20
370,376,4150.224187948783,7
370,378,2945.9248502517116,6
371,363,12059.444120688599,16
371,364,3716.0317241562557,9
371,365,1158.2943408109797,5
371,368,8459.02954101553,9
371,369,2058.9223967427756,7
371,370,12033.35863632694,18
371,372,5449.392875663958,9
371,380,6913.954581491818,10
372,363,4517.726766893444,7
372,364,6443.397619614275,13
372,367,6750.712173831755,10
372,368,1782.1850783707287,5
372,371,5449.392875663958,9
372,374,5101.662133359386,5
372,381,6366.787527631999,11
373,364,6316.647677035219,11
373,365,316.8061257663313,6
373,366,817.7754972031576,8
373,374,1515.183737633929,5
374,364,2896.3342936694753,10
374,372,5101.662133359386,5
374,373,1515.183737633929,5
374,375,3932.5638935908178,6
374,381,16726.35626350398,29
374,383,4917.761812208654,7
375,364,1303.052214451852,5
375,374,3039.621414002564,5
375,377,1155.275375223047,5
375,384,6844.774818471226,8
376,363,2945.663483356811,10
376,364,1769.5815205106892,5
376,365,1230.724089378618,13
376,367,4002.7390252436767,7
376,368,943.662890143239,5
376,370,4150.224187948783,7
376,377,9596.435244749116,17
376,378,5445.648307553143,8
376,379,5832.289969977029,11
376,380,1945.0831485308959,7
376,383,3662.414639352491,6
377,375,1155.275375223047,5
377,376,9596.435244749116,17
377,378,4503.515148334087,9
377,384,3099.1139407162254,7
377,385,5887.897222974552,20
378,363,4516.955854175119,8
378,364,2653.906804765295,8
378,365,4792.476889632718,14
378,370,2945.9248502517116,6
378,376,5445.648307553143,8
378,377,4144.65977462928,8
378,379,19853.89580237575,30
378,401,3018.173424766262,5
379,363,5371.912723267029,10
379,365,5734.480907962374,45
379,376,5619.52952746628,11
379,378,20490.569845881757,30
379,383,5899.786244843398,8
380,364,4287.636000163652,6
380,371,6913.954581491818,10
380,376,1945.0831485308959,7
381,364,9155.434715943149,11
381,367,5254.020981458484,9
381,372,6366.787527631999,11
381,374,16726.35626350398,29
383,363,4133.249774355057,6
383,374,4917.761812208654,7
383,376,3662.414639352491,6
383,379,5899.786244843398,8
383,384,4693.4849308802395,7
384,363,6326.101789015508,10
384,375,5849.93649696869,7
384,377,2877.357114094571,7
384,383,5078.680991816476,8
385,364,1232.7198391439888,5
385,377,5887.897222974552,20
387,388,4329.284153277276,44
388,387,4329.284153277276,44
388,389,6771.973742539125,27
388,400,2231.5084501884894,7
388,401,2922.4840879176572,10
389,388,6771.973742539125,27
390,388,1491.9308984769914,5
390,391,6744.170287841863,40
390,407,675.5982556861702,5
391,390,6744.170287841863,40
394,396,15257.102689343988,31
394,397,909.0738780849917,6
394,398,9352.366914187789,10
394,403,3642.23334810984,6
396,204,2594.439358488027,6
396,205,6526.281780840325,11
396,394,15144.164082953941,31
396,398,3115.5191484635407,5
396,403,1521.319945933475,5
397,394,1315.8403781596442,7
397,398,5361.238887081585,37
397,404,601.0244017094108,5
398,227,4226.933151462079,7
398,394,9330.252999633158,10
398,396,3573.490431659355,6
398,397,5405.191178969804,38
398,399,7602.566292013397,17
398,400,4879.815046686012,9
398,402,1738.0760325626134,6
398,403,8380.289540845764,11
398,404,13445.89795542001,16
398,407,4353.717188082828,5
399,205,3343.1589546480914,7
399,207,11772.912683439508,21
399,398,10904.789023114932,20
399,400,9981.117152638948,41
399,401,8510.348248449916,16
399,402,1958.8063455908514,8
400,207,1165.9995168954906,5
400,388,3770.5724341405307,8
400,398,1433.9353924210484,5
400,399,15172.754840281275,46
400,401,17999.3925146075,33
400,402,14462.879825588994,53
400,404,4114.979319219718,11
401,378,3018.173424766262,5
401,388,2922.4840879176572,10
401,399,9059.63312085723,17
401,400,17793.938734297488,32
401,402,12220.697377109453,36
402,398,1738.0760325626134,6
402,399,1958.8063455908514,8
402,400,14635.440631420714,53
402,401,12015.243596799437,35
402,403,4694.3589469887565,18
402,404,3216.810448937681,14
402,405,1756.7729238780307,6
402,412,4603.296492319301,17
403,169,1773.9714102306316,5
403,394,3642.23334810984,6
403,398,8462.877495136217,12
403,402,4931.602837919395,19
403,404,23964.170190195277,63
403,405,2433.9320844679964,8
403,406,876.8632974330422,5
403,412,1085.2116669949792,5
404,398,14518.095790890628,19
404,400,6985.167553332714,13
404,402,3216.810448937681,14
404,403,23267.294721995175,62
404,405,4726.99264205739,20
404,406,5832.371005698402,33
404,410,2670.4243235865442,6
404,411,2724.921625275129,10
405,402,1571.8688105882638,6
405,403,2433.9320844679964,8
405,404,4105.569302631768,17
405,406,3840.6439657142078,21
406,403,817.1330478490947,5
406,404,5782.606792269656,32
406,405,3324.6229310552826,20
407,390,675.5982556861702,5
407,398,4353.717188082828,5
407,408,8523.591928469385,18
407,409,17127.019054048353,47
407,410,23386.85894429132,32
407,411,7315.216757549508,23
407,412,1132.1994819513607,6
407,413,1709.8651048285028,13
407,414,3530.8673793691855,25
407,415,8661.574300994618,25
407,416,2106.9729882251195,6
407,418,320.80780041580806,6
407,490,2416.9313669884805,6
408,407,8636.26910064203,19
408,409,6220.063608238015,14
408,410,6198.230681653825,12
408,411,2087.9747857368793,9
408,412,2039.7147877114353,9
408,413,976.1910040584522,12
408,415,5290.883451834115,11
408,418,745.7513264477438,6
409,407,16443.517310902986,44
409,408,7124.97319454618,15
409,410,9360.461996305294,14
409,411,3477.875278368307,9
409,413,2337.3465374615203,8
409,414,654.2331079194248,6
409,415,3100.3327338755466,12
410,404,2091.351692584498,5
410,407,22746.51269773995,32
410,408,5293.32109534566,11
410,409,10806.374187049845,16
410,411,5892.232007282686,15
410,412,5440.80721180166,7
410,413,2022.7928947976593,5
410,414,568.9320457723466,5
410,415,4710.881507359934,6
410,416,4237.494432303623,9
411,404,2343.8091378744566,9
411,407,7364.222887066215,23
411,408,2087.9747857368793,9
411,409,3435.95619949737,9
411,410,5892.232007282686,15
412,402,4246.931656440581,17
412,403,1085.2116669949792,5
412,407,1099.410062194946,6
412,408,2039.7147877114353,9
412,410,5440.80721180166,7
413,407,1709.8651048285028,13
413,408,976.1910040584522,12
413,409,2337.3465374615203,8
413,410,2022.7928947976593,5
413,422,1333.8808412908481,6
414,407,3588.3829038918047,25
414,409,654.2331079194248,6
414,410,568.9320457723466,5
414,415,1074.4874817679467,7
415,407,9386.205876823213,27
415,408,5290.883451834115,11
415,409,2656.2485736332055,11
415,410,4710.881507359934,6
415,414,1074.4874817679467,7
416,407,2106.9729882251195,6
416,410,4237.494432303623,9
418,407,320.80780041580806,6
418,408,745.7513264477438,6
418,420,585.0909627058423,7
420,418,585.0909627058423,7
422,413,1333.8808412908481,6
424,425,11187.256447896916,28
424,426,7891.437906565726,29
424,427,5091.660488670768,31
424,428,9539.336590291248,44
424,429,7077.524806258942,12
424,456,2639.4610991383215,7
425,424,10193.167220320345,25
425,426,10691.111675608883,29
425,427,4610.016627742943,16
425,428,5195.167167935481,15
425,429,2714.0683802773915,6
425,433,3640.5658238751425,8
425,454,1266.6392440640116,6
426,424,7464.454020933027,28
426,425,10550.888895026632,29
426,427,1831.803227074612,21
426,428,3940.6471673663646,16
426,429,2722.6377477623673,8
426,432,2282.6359437262668,10
426,454,2444.2392515136216,10
427,245,307.17874141190197,5
427,424,5383.730196157412,31
427,425,4652.538842313778,16
427,426,1449.4677724043308,19
427,428,2396.982924431877,21
427,456,337.2054098716234,5
428,424,9461.253183908131,42
428,425,4426.804163653902,14
428,426,5003.277955544597,19
428,427,2532.737308012599,23
428,429,1532.597746136718,5
428,435,4201.74676844795,5
428,443,2974.7046730312613,7
428,444,1848.5016018866902,5
429,424,7077.524806258942,12
429,425,3003.765232612636,6
429,426,3013.260350752011,9
429,428,1532.597746136718,5
429,430,7270.2433234483415,25
429,431,12014.149119408834,42
429,432,1944.0542555235081,15
429,433,6808.346439101692,25
429,434,7987.394992451834,18
429,435,4219.098980934127,15
429,436,7211.546639534184,16
429,437,10814.914374984728,28
429,438,18304.830116283785,32
429,439,20244.37098455181,32
429,440,9956.766353633113,19
429,442,1313.901383870573,6
429,443,6326.974879121359,18
429,444,4152.628369074637,11
429,454,2481.0411268170783,8
429,455,2771.2626789258375,7
429,456,4945.7972695201715,10
429,457,2240.638415462259,10
429,462,3725.589076352373,7
430,429,7270.2433234483415,25
430,439,6370.986532497317,9
431,429,12014.149119408834,42
431,432,811.4167166835898,5
431,440,4764.161567975962,6
431,454,3032.0497565705095,11
431,455,2686.531121974973,8
432,426,2282.6359437262668,10
432,429,2249.901333178734,16
432,431,811.4167166835898,5
432,438,1550.331641476689,6
432,454,1295.4332569073676,9
433,425,3640.5658238751425,8
433,429,7559.633258170222,27
433,434,2568.6909064133824,5
433,435,2069.2487981953986,5
433,439,3773.963931311515,6
434,429,7759.2295653934525,18
434,433,2568.6909064133824,5
434,435,4659.442059687657,10
434,436,2483.0829751165516,6
434,437,2554.2455378975324,7
434,438,2779.3182793975784,5
434,440,1715.759697477852,6
435,259,4638.901364989867,11
435,429,4396.331441487626,16
435,433,2235.0579573651125,6
435,434,4659.442059687657,10
435,436,3462.9376675415515,7
435,437,8172.583599154106,15
436,263,2290.1524353564896,5
436,429,6668.868477480593,13
436,433,990.1571863642218,5
436,434,2988.662245315172,7
436,435,3084.562930005356,7
436,437,5144.683380611486,7
437,429,10323.282730985002,28
437,434,2554.2455378975324,7
437,435,7787.717579499873,14
437,436,4803.767895210121,7
437,442,5918.3042649474955,12
438,429,20258.06212350053,33
438,432,1550.331641476689,6
438,434,2779.3182793975784,5
438,439,19059.541355526966,14
438,440,13822.245389670818,19
438,442,6774.85125752844,6
438,443,13191.340832472108,16
438,447,5167.152492380478,7
439,429,20244.37098455181,32
439,430,6370.986532497317,9
439,433,3773.963931311515,6
439,438,19040.89069536115,13
439,440,6191.605873489072,11
439,444,3422.776307494883,5
439,455,7286.74032671424,7
439,457,2358.3888115179634,5
440,429,10019.712976860508,19
440,431,4764.161567975962,6
440,434,1715.759697477852,6
440,438,13924.757187417934,20
440,439,6191.605873489072,11
440,441,193.08460127841306,7
440,442,3987.2643580558592,7
441,440,193.08460127841306,7
441,447,174.91074401201087,10
441,451,473.54882620461666,10
442,429,1388.7411473132674,7
442,437,5918.3042649474955,12
442,438,12181.744321298882,11
442,440,3987.2643580558592,7
442,443,11710.584085203775,35
442,444,11041.915769333653,35
442,445,4745.824664216793,8
442,446,2549.9933222577592,6
443,428,2974.7046730312613,7
443,429,6621.648450594335,18
443,438,10945.155774550922,15
443,442,15151.5386219125,37
443,444,20830.244482909016,62
443,445,31447.19960666678,38
443,446,897.7655185303795,12
443,447,7324.441606757329,17
444,428,1848.5016018866902,5
444,429,4152.628369074637,11
444,439,3584.778849971301,5
444,442,11901.783071434707,36
444,443,21850.682484754132,63
444,445,6877.702819420186,12
444,446,1960.031996400237,8
445,442,4745.824664216793,8
445,443,31758.940296576733,41
445,444,6877.702819420186,12
445,446,4873.058245352074,15
446,442,2327.8415649178414,5
446,443,803.7623736655713,12
446,444,2279.223097279434,9
446,445,4873.058245352074,15
447,438,4579.398462608548,6
447,441,174.91074401201087,10
447,443,6893.641201045138,17
447,448,9345.024442903505,40
447,449,2611.26956750197,22
447,450,1645.5914137498194,15
447,451,3455.2180448033773,14
448,447,7691.692495994351,39
448,449,1181.9054173838708,8
449,447,2646.835928020591,22
449,448,1293.2316767290104,9
450,447,1645.5914137498194,15
450,451,4550.385063413259,37
451,441,473.54882620461666,10
451,447,3286.532300237346,13
451,450,4476.527432089266,37
452,453,3469.97446692053,8
452,455,7936.862099674301,18
452,456,14571.124946409958,29
452,457,8202.495559403154,15
452,458,15393.304742052067,22
452,459,3796.2032747584763,11
452,460,1973.9272088781954,5
452,462,26452.55627735205,38
453,452,3760.465831560673,10
453,454,4300.101484981883,11
453,455,3873.771750528635,9
453,456,7431.529354266417,11
453,457,2387.8419760806323,7
453,458,1891.3895447648592,5
453,463,2588.364749439779,7
453,464,7007.676078399047,16
453,465,10843.775318219581,12
454,425,1266.6392440640116,6
454,426,2444.2392515136216,10
454,429,2175.1940491618525,7
454,431,2736.356068539145,10
454,432,1482.316073212062,9
454,452,3552.620373249255,6
454,453,3471.79090255965,9
454,455,8081.7579953320155,21
454,456,7203.125172483421,20
454,457,5691.961443501816,13
454,458,4069.9794793722303,9
454,462,3470.7457412031936,8
454,463,2015.2582379619325,5
454,464,2259.926850787307,5
455,429,4114.750726039785,9
455,431,2686.531121974973,8
455,439,7286.74032671424,7
455,452,7109.718900232453,14
455,453,4032.6750018216785,10
455,454,5665.047399139704,17
455,456,13568.621366183552,33
455,457,7399.30243803567,16
455,458,5852.355614025614,12
455,459,3854.6626149086633,5
455,462,6484.7088323602675,15
456,424,2063.821121438772,5
456,426,1553.7748499309018,5
456,429,3685.988304961248,10
456,452,12080.367279879949,22
456,453,8752.739018785795,12
456,454,9714.847789802438,23
456,455,13538.734585684975,32
456,457,47192.766291156506,95
456,458,16195.392457965529,25
456,459,5176.385966144472,19
456,460,2674.951686230892,11
456,462,8136.288436290657,22
456,463,1139.8041792386691,5
456,465,3095.1547233695983,8
457,424,1993.5969813404586,5
457,429,2365.470133595311,11
457,439,3206.9707048174637,6
457,452,8812.86776204599,17
457,453,2044.2057987637775,6
457,454,5691.961443501816,13
457,455,8407.904313695457,18
457,456,48286.58108814608,94
457,458,9664.448687678763,18
457,459,11896.47686683078,30
457,462,3769.860780700768,7
458,452,14530.330542958858,20
458,453,1891.3895447648592,5
458,454,4642.416191516793,11
458,455,5955.101430252197,13
458,456,13601.89929161609,23
458,457,9355.088075905403,17
458,459,3024.350432584461,8
458,462,18212.221507869617,37
459,452,2988.5697193809333,11
459,455,5037.33091612421,5
459,456,5185.603107341616,19
459,457,11896.47686683078,30
459,458,2793.3125048907523,8
459,462,4019.9840780009617,7
460,452,1973.9272088781954,5
460,456,2826.4418324899434,12
462,429,3725.589076352373,7
462,452,26138.90322092852,40
462,454,2812.981268306328,6
462,455,6171.94243049738,14
462,456,6869.870561198883,19
462,457,4985.504199203577,10
462,458,17801.48926058129,36
462,459,4019.9840780009617,7
462,464,1818.7705938281033,5
462,465,6849.527933873827,11
462,467,1885.9403339269488,6
463,278,3105.0969907121225,15
463,285,13141.48199740385,13
463,453,2929.5313573802096,8
463,454,2009.0428662762847,6
463,456,1139.8041792386691,5
463,464,14259.971361648353,30
463,465,7163.583304144651,9
463,466,10906.453822306325,24
463,467,14943.283678026703,22
464,452,2115.536928553422,5
464,453,7556.063378567239,17
464,454,2259.926850787307,5
464,463,13007.262417657259,28
464,465,8263.662861537277,15
465,452,2337.517180024149,6
465,453,10843.775318219581,12
465,456,3095.1547233695983,8
465,462,6849.527933873827,11
465,463,8375.00275409314,11
465,464,6847.107610088588,12
465,466,6446.201080155387,10
465,467,10294.603981239063,13
466,285,6503.814798203202,6
466,463,10162.412272691861,22
466,464,4688.6894058604275,6
466,465,6446.201080155387,10
466,467,10613.702469910566,14
467,462,1885.9403339269488,6
467,463,17515.217160886375,24
467,465,10294.603981239063,13
467,466,8822.28736234736,12
468,327,5258.252265707967,6
468,329,910.1739085064403,6
468,332,2214.218765642144,8
468,333,7201.446423867028,13
468,469,6632.7732273890015,15
468,470,4531.751189086529,11
468,471,5000.593520788232,9
468,473,8163.560468269976,10
468,474,2750.4081113934058,7
469,468,6403.630772623641,15
469,470,11742.643376295038,23
470,468,4531.751189086529,11
470,469,11742.643376295038,23
470,471,5459.236050637315,8
470,474,3729.3606713669574,5
471,316,2032.9445795434845,5
471,468,4393.53590418114,7
471,470,5459.236050637315,8
471,475,1628.8069095563403,5
472,471,3359.0422827800194,6
472,473,16095.775348659323,19
472,474,3396.2732690693456,6
473,313,3475.7723823829465,5
473,329,1495.5840017637902,6
473,468,3825.228953137508,6
473,472,16095.775348659323,19
473,474,10637.144882841432,13
474,468,2750.4081113934058,7
474,470,3729.3606713669574,5
474,472,3396.2732690693456,6
474,473,10371.389827648,13
474,475,3320.8083455001497,18
474,476,1420.8645313893278,5
474,478,506.7777432213885,8
474,519,839.4263049834558,6
475,471,1628.8069095563403,5
475,474,3164.0687433805538,18
475,478,1617.6994933765363,10
476,301,2635.621075027014,6
476,303,4379.628433651432,8
476,308,1676.0720903492631,5
476,312,3138.7351710614153,5
476,313,1875.9344192963963,5
476,315,8645.036893773857,10
476,474,1420.8645313893278,5
476,477,1198.9643970985396,17
476,478,473.999876299613,8
476,479,681.573297919109,7
476,480,694.9490011678852,5
477,476,1198.9643970985396,17
477,478,1721.6368601230597,13
478,474,506.7777432213885,8
478,475,1617.6994933765363,10
478,476,473.999876299613,8
478,477,1721.6368601230597,13
478,519,813.8469312205176,6
479,476,650.51712912415,6
479,483,768.4235219922684,7
480,476,694.9490011678852,5
480,481,2601.5233386456407,25
480,482,2714.5693060857725,24
481,298,1470.3001671395534,8
481,299,550.122572300909,5
481,480,2735.050771364379,26
482,480,2714.5693060857725,24
483,479,818.7184482661102,8
486,487,11335.940968898198,10
486,488,5821.840558346361,9
486,490,3173.1624719122606,9
486,491,6406.494367229456,13
486,492,14410.309223567867,35
486,493,864.0698915854314,20
486,494,2809.614181403953,7
486,507,795.5069241063943,8
486,514,7201.091690195813,13
486,515,474.3609528474449,10
486,526,7870.084797933863,19
487,486,10766.319568120774,11
487,488,9211.102864738834,20
487,494,2203.040569328549,7
487,499,1500.2128091484954,7
487,507,879.8644905186775,11
487,509,3515.425434115334,14
487,515,300.28250665251545,5
487,526,18584.820276494644,37
488,486,6167.931021616066,9
488,487,8086.28527637797,18
488,490,2469.3596157849975,8
488,491,4178.897183760344,6
488,492,1566.1375350456813,10
488,493,299.1190353646741,9
488,494,2746.604150329173,12
488,497,982.5311453849503,8
488,507,454.64233720349335,9
488,509,1387.7864245667658,5
488,514,4340.011396185285,5
488,515,386.4729926718406,5
488,524,2221.4385408687976,6
488,526,7703.943483137821,21
489,491,2582.8939330176595,5
490,407,2416.9313669884805,6
490,486,4163.98935519763,10
490,488,2469.3596157849975,8
490,491,6131.061286184823,13
490,494,3120.502157104356,7
490,515,2355.478872642118,27
490,526,1771.329631468543,5
491,486,6841.435599534307,14
491,488,4178.897183760344,6
491,490,6131.061286184823,13
491,492,1158.2131728613729,7
491,493,1007.4159452878553,5
491,514,7659.271354287271,8
491,515,573.3990149562514,8
491,525,2220.792062973178,7
492,486,13193.534829220947,35
492,488,1238.0436841144274,9
492,489,1147.9947826385023,6
492,491,924.8941471043495,5
492,513,656.8137066278681,9
492,514,1553.8013136908305,5
493,486,864.0698915854314,20
493,488,690.6250896402826,9
493,491,1007.4159452878553,5
493,513,114.66976013704831,5
493,514,1159.8337685610315,5
493,526,4421.2161743180795,16
494,486,3117.7963525284968,7
494,487,2203.040569328549,7
494,488,2746.604150329173,12
494,490,3120.502157104356,7
494,495,13285.670922873995,32
494,496,4109.400178701144,9
494,498,7617.409597695157,19
494,499,1960.1263880154029,6
494,526,1390.7407432203204,6
495,494,13510.027074823625,32
495,496,6238.147758222995,14
495,497,1554.7163304203261,8
495,498,3050.0072645884916,6
495,499,3645.9548303291344,10
495,506,4067.809279439022,9
495,514,4067.568019506016,5
495,526,3034.222549697469,5
496,494,4109.400178701144,9
496,495,6238.147758222995,14
496,497,4103.33642291008,12
496,498,7179.656862043984,14
497,488,893.1259397229443,7
497,495,883.3386913050532,5
497,496,4823.128709366014,14
497,498,5005.155423073985,7
497,499,2551.753654006688,9
497,502,1645.3512354505908,7
497,516,1725.18713329164,6
498,494,7617.409597695157,19
498,495,3050.0072645884916,6
498,496,6631.281866266607,13
498,497,3902.752360933888,7
498,516,6655.793393287762,16
499,487,915.8205209777465,7
499,494,1960.1263880154029,6
499,495,3645.9548303291344,10
499,497,1975.1137821644131,7
499,500,1704.7566727071244,20
499,501,2606.9511265637757,8
499,502,8596.451405887527,36
499,503,2212.1598552779983,6
499,504,5625.536000955097,11
499,505,6114.516923456208,19
499,506,5003.007610603582,8
499,507,1585.335111051533,21
499,508,1693.9066522188027,12
499,509,7596.801583445525,29
499,510,1087.195940483977,5
499,511,4703.694825293913,10
499,512,3962.1776134397483,11
500,337,4836.2283851623315,14
500,339,906.5346967869614,6
500,499,1965.0360111241073,22
500,501,6697.729779823122,16
500,502,3592.2166388898668,12
500,504,5364.571549580864,7
500,505,4572.092522376784,11
500,506,2807.2920528138443,6
500,507,927.1337671220364,9
500,509,5122.961749778666,18
500,511,3001.967240881847,8
500,512,2172.652686818146,5
501,337,3036.1795567410295,8
501,499,2346.6717881467926,6
501,500,6958.009118240105,18
501,502,5363.271492353968,13
502,66,8803.339527694367,11
502,339,556.5090340858115,5
502,495,2180.0560172527917,6
502,497,2601.7685205798944,8
502,499,8019.811534045251,34
502,500,3313.6991344367593,10
502,501,5363.271492353968,13
502,503,2984.8499687162966,6
502,504,3064.8925407426855,6
502,505,10326.208918068338,21
502,506,13304.677882670147,14
502,507,555.2795957457851,9
502,509,1625.595963561048,5
502,510,3476.080380261357,6
503,499,2212.1598552779983,6
503,502,2984.8499687162966,6
503,504,6129.729929344615,15
503,505,2940.8615839541126,7
504,499,5625.536000955097,11
504,500,5364.571549580864,7
504,502,3064.8925407426855,6
504,503,5775.677621649428,14
504,505,7730.329498611671,9
505,341,1748.2300210361836,5
505,499,5300.424389932661,17
505,500,3854.10280029767,10
505,502,10326.208918068338,21
505,503,3315.846246787297,8
505,504,7730.329498611671,9
505,506,2651.5226416742103,6
505,509,2017.7081282575173,6
506,495,4067.809279439022,9
506,499,5311.804647370512,9
506,500,2807.2920528138443,6
506,502,13304.677882670147,14
506,505,2651.5226416742103,6
507,486,795.5069241063943,8
507,487,1071.9373773504224,12
507,488,480.9964671042097,10
507,499,1615.8964978725562,21
507,500,809.7426393329898,8
507,502,521.029544838187,9
507,508,485.78922074588274,7
507,509,3028.21821205694,22
507,510,612.6897532041069,5
508,107,869.0479546132211,6
508,499,1693.9066522188027,12
508,507,485.78922074588274,7
508,510,641.3380991597156,5
509,73,1475.7787634917372,5
509,106,1847.272940220053,7
509,487,3976.084102322843,16
509,488,1387.7864245667658,5
509,495,3202.0030514581604,6
509,499,7288.004546678595,28
509,500,5240.352877567712,19
509,502,1625.595963561048,5
509,505,2017.7081282575173,6
509,507,2910.8270842678935,21
509,510,5548.268170740208,16
509,512,5774.990948444594,28
510,502,3476.080380261357,6
510,507,612.6897532041069,5
510,508,641.3380991597156,5
510,509,5548.268170740208,16
510,511,10001.457047619,19
510,512,4238.499385922764,16
511,100,2574.483337388236,5
511,105,456.6644548080243,5
511,108,554.2398529910321,9
511,113,8382.898348890389,17
511,499,4703.694825293913,10
511,500,3426.489546819486,9
511,508,1441.9946721688357,5
511,510,10216.02867406944,20
512,499,4246.613661600634,12
512,500,2172.652686818146,5
512,509,5745.69086219817,27
512,510,4446.714167748109,18
513,492,656.8137066278681,9
513,493,135.28414988160696,5
513,514,7776.5457890772495,25
513,515,2343.3195306163307,25
514,486,8255.061781080614,12
514,488,4522.334216102511,6
514,491,7659.271354287271,8
514,492,1996.4046679475953,7
514,493,1256.392213349188,6
514,495,4067.568019506016,5
514,513,7776.5457890772495,25
514,515,1527.3318686875828,22
514,524,10976.373561413928,13
514,525,7601.544812946267,8
515,486,363.4824338234106,9
515,487,411.1610256765498,6
515,488,438.16782519731873,6
515,490,2494.2941464594146,28
515,491,573.3990149562514,8
515,513,2204.504256799034,24
515,514,1527.3318686875828,22
516,497,3287.0360545968047,8
516,498,5265.361762661154,15
516,517,1884.8462174987533,9
516,518,9330.594806981433,22
516,522,3348.2658127598447,6
517,516,1923.5044253499268,9
517,518,21786.691788966928,49
518,105,342.65001309577264,5
518,516,9437.41078072902,23
518,517,21620.028248801857,49
518,521,6628.757139425987,16
518,522,4977.792361197086,9
518,523,2646.0523544142147,22
519,474,839.4263049834558,6
519,478,813.8469312205176,6
521,518,6628.757139425987,16
522,516,3348.2658127598447,6
522,518,4977.792361197086,9
523,518,2646.0523544142147,22
523,525,406.9021527024254,5
524,488,3687.8300808966756,7
524,514,9184.163736314647,11
524,525,21586.36935514348,36
525,491,2058.1382244961637,6
525,514,7698.103257734423,9
525,523,406.9021527024254,5
525,524,21596.13351323734,37
526,348,4823.19311251899,16
526,486,7989.148017746341,18
526,487,19636.070262766185,38
526,488,6817.949649546661,19
526,490,1771.329631468543,5
526,493,4421.2161743180795,16
526,494,1390.7407432203204,6
526,527,1542.566933795769,17
527,526,1606.3282634563025,17
