origem,destino,classe_media,classe_moda,n_amostras
1,2,3.3333333333333335,C1,15
1,3,3.4166666666666665,B2,12
1,5,3.142857142857143,B2,14
1,6,3.75,B2,8
1,16,4.0,C2,5
1,24,3.4,B2,5
1,26,4.2,C1,5
1,27,3.8,C1,5
1,31,3.0,B2,7
1,34,2.4,B1,5
1,35,3.4,B2,5
1,36,2.25,B2,8
1,41,3.2,A,5
1,79,2.4,B2,5
1,152,3.2,B1,5
1,257,4.0,B2,5
2,1,3.3333333333333335,C1,15
2,3,4.916666666666667,C2,12
2,6,4.363636363636363,B2,11
2,7,3.1,B1,10
2,12,4.0,B2,5
2,17,4.666666666666667,C1,9
2,18,3.2,B2,5
2,24,4.0,C1,8
2,129,4.4,B2,5
3,1,3.230769230769231,B2,13
3,2,4.75,C2,12
3,5,4.5,C1,6
3,24,4.0,C1,8
3,27,2.7777777777777777,A,9
3,32,2.4,B1,5
4,1,3.2,C1,5
4,5,4.142857142857143,C2,7
4,25,3.6666666666666665,C1,6
4,26,5.083333333333333,C2,12
4,31,2.8,B2,5
5,1,3.2857142857142856,B2,14
5,3,4.666666666666667,C2,6
5,4,3.7142857142857144,B2,7
5,6,4.230769230769231,C1,13
5,9,4.5,C2,6
5,31,3.2,B2,10
5,35,3.7142857142857144,C2,7
5,36,2.5,B1,6
5,41,2.8,B1,5
5,49,3.8,B2,5
5,54,2.6,B2,5
5,62,3.0,B2,6
5,80,2.5,B1,6
5,93,3.4285714285714284,B2,14
5,194,4.0,C1,5
5,301,2.8,B2,5
6,1,3.75,B2,8
6,2,4.3,B2,10
6,5,4.230769230769231,C1,13
6,35,4.454545454545454,C2,11
7,1,3.2,B2,5
7,2,3.1,B1,10
7,8,3.5384615384615383,B2,13
7,9,4.291666666666667,C2,24
7,12,3.7142857142857144,C1,7
7,35,4.333333333333333,C1,9
8,7,3.875,B2,8
8,37,4.333333333333333,B2,18
8,136,3.6666666666666665,C1,6
9,5,4.4,C2,5
9,7,4.260869565217392,C1,23
9,10,4.666666666666667,C1,6
9,12,5.4,C2,5
9,131,4.0,C1,5
10,9,4.666666666666667,C1,6
10,11,4.733333333333333,C2,15
10,12,4.6,C2,35
10,16,4.0,C1,6
10,130,4.2,C1,5
10,131,4.0,C1,6
11,10,4.714285714285714,C2,14
11,12,4.1,C2,30
11,14,4.8,C1,5
11,38,4.238095238095238,C2,21
11,39,4.0,C1,7
11,42,4.142857142857143,B2,7
11,164,4.285714285714286,C1,7
11,177,4.8,C2,5
12,2,4.0,B2,5
12,7,3.875,C1,8
12,9,5.2,C2,5
12,10,4.625,C2,32
12,11,4.1,C2,30
12,13,4.352941176470588,C2,17
12,14,4.181818181818182,C1,22
12,17,4.5,C1,6
12,38,3.56,B2,25
12,42,4.666666666666667,C2,12
12,130,4.428571428571429,C2,7
12,165,4.0,C1,5
13,12,4.352941176470588,C2,17
13,14,4.0,C1,20
13,15,3.909090909090909,B2,11
14,12,4.0,C1,21
14,13,4.0,C1,20
14,15,4.846153846153846,D-E,13
14,16,4.166666666666667,C1,6
14,17,4.043478260869565,C1,23
14,38,4.625,C2,8
14,41,5.090909090909091,D-E,11
14,42,5.05,D-E,20
15,13,3.909090909090909,B2,11
15,14,4.4,B2,15
15,16,5.2,C2,5
15,43,3.875,C1,8
16,1,4.0,C2,5
16,10,4.0,C1,6
16,14,4.166666666666667,C1,6
16,15,5.2,C2,5
16,17,4.972222222222222,C2,36
16,18,4.625,C1,8
16,41,3.4,C2,5
17,2,4.666666666666667,C1,9
17,12,4.5,C1,6
17,14,4.090909090909091,C1,22
17,15,4.6,B2,5
17,16,4.972222222222222,C2,36
17,39,4.833333333333333,C2,6
17,41,5.0,C2,5
18,2,3.6,B2,5
18,12,3.4,B2,5
18,16,4.5,C1,6
18,19,3.642857142857143,B2,14
18,43,2.8333333333333335,B2,6
18,45,4.25,C1,12
18,241,3.6,B2,5
19,18,3.642857142857143,B2,14
19,20,3.125,C1,8
19,50,3.4545454545454546,B2,11
19,51,1.8571428571428572,A,7
19,237,2.8333333333333335,B2,6
20,19,3.125,C1,8
20,22,3.8,B2,5
20,24,4.375,C2,8
21,23,2.3333333333333335,B1,6
21,24,2.9,B1,10
21,49,3.0,B2,5
21,240,3.2,B2,5
22,20,3.8,B2,5
22,21,3.4,B2,5
22,23,2.8181818181818183,B2,11
22,24,4.428571428571429,C1,7
22,27,3.4,B2,5
22,49,2.4285714285714284,B2,7
22,53,3.0,B1,5
23,21,2.3333333333333335,B1,6
23,22,2.8333333333333335,B2,12
23,24,3.25,C1,8
24,1,3.4,B2,5
24,2,4.0,C1,8
24,3,4.142857142857143,C1,7
24,20,4.375,C2,8
24,21,2.9,B1,10
24,22,4.125,C1,8
24,23,3.4285714285714284,C1,7
24,27,3.6666666666666665,C1,6
24,49,2.6,B1,5
24,63,2.1666666666666665,B1,6
25,4,3.4,C1,5
25,27,2.75,A,8
25,29,3.3333333333333335,B2,6
25,31,4.428571428571429,C2,7
26,1,4.2,C1,5
26,4,4.857142857142857,C2,14
26,27,2.5,A,14
26,29,4.142857142857143,C1,7
27,1,4.0,C1,6
27,3,2.7777777777777777,A,9
27,22,3.4,B2,5
27,24,3.6666666666666665,C1,6
27,25,2.75,A,8
27,26,2.6153846153846154,A,13
27,28,2.888888888888889,B2,27
27,29,2.857142857142857,C1,7
27,31,1.5714285714285714,A,7
27,32,2.2222222222222223,B1,9
27,41,2.142857142857143,B2,7
27,53,3.0,B2,5
27,55,1.6,B1,5
27,57,3.076923076923077,B1,13
27,58,3.2857142857142856,C1,7
27,62,2.8,B2,5
27,73,3.8,C1,5
27,74,2.5,B1,12
27,75,2.5714285714285716,B2,7
27,76,1.8333333333333333,B1,6
27,78,2.3333333333333335,A,9
27,79,1.75,A,12
27,80,2.2857142857142856,B1,7
27,83,1.8333333333333333,B1,6
27,275,3.8,B2,5
27,323,1.6666666666666667,A,6
28,27,3.0,B2,23
28,29,2.263157894736842,B1,19
28,30,3.0,B1,5
28,31,2.7,B1,10
28,32,2.8,B2,10
28,34,1.1666666666666667,A,6
28,57,2.2142857142857144,B2,14
28,74,2.7777777777777777,B1,18
28,75,2.9285714285714284,B2,14
28,78,1.6,B1,5
28,79,2.6,B2,10
28,83,2.0,B1,8
28,278,4.4,C1,5
29,25,3.3333333333333335,B2,6
29,26,3.75,C1,8
29,27,2.857142857142857,C1,7
29,28,2.380952380952381,B1,21
29,30,2.0,A,5
29,31,3.0,B2,12
29,32,2.8666666666666667,B2,15
29,33,1.0,A,5
29,36,2.0,A,5
29,40,3.6,B2,5
29,54,2.2,B1,5
29,56,3.0,B2,6
29,57,2.7777777777777777,B2,9
29,62,2.7777777777777777,B2,9
29,68,3.25,B2,8
29,70,2.0,B1,5
29,74,2.9,B1,10
29,78,1.6,A,15
29,79,2.5294117647058822,B2,17
29,80,2.5555555555555554,B2,9
29,81,1.8888888888888888,A,9
29,82,2.8,B2,5
29,84,2.2,B1,5
29,88,2.142857142857143,A,7
29,89,2.4,B1,5
29,93,2.4285714285714284,B1,7
30,28,2.4,B1,5
30,29,1.7142857142857142,A,7
30,31,2.0689655172413794,A,29
30,32,2.9,B2,10
30,33,1.5625,A,16
30,34,1.8431372549019607,A,51
30,35,3.0,C1,11
30,36,2.28,B1,25
30,54,1.1666666666666667,A,6
30,80,1.8,A,5
30,83,2.2,B2,5
30,84,2.0,B1,8
30,85,1.75,B1,8
30,87,2.625,B2,8
30,340,1.8333333333333333,B1,6
31,1,3.0,B2,6
31,4,2.857142857142857,B2,7
31,5,3.3,C1,10
31,25,4.428571428571429,C2,7
31,27,2.2222222222222223,A,9
31,28,2.7777777777777777,B1,9
31,29,2.909090909090909,B2,11
31,30,2.0,A,32
31,32,3.4,B2,20
31,33,1.0,A,6
31,34,1.7272727272727273,A,11
31,35,3.625,C1,8
31,36,3.2222222222222223,B2,9
31,51,1.4,A,5
31,58,3.4285714285714284,B2,7
31,73,2.6,B2,5
31,74,2.2857142857142856,A,7
31,75,3.0,B1,5
31,78,2.4545454545454546,A,11
31,79,2.5384615384615383,B2,13
31,80,2.75,B2,8
31,81,1.8,A,5
31,82,3.1666666666666665,C1,6
31,83,2.5714285714285716,B2,7
31,87,1.875,A,8
31,88,2.8333333333333335,B2,6
31,90,1.7142857142857142,A,7
31,93,3.0,B1,6
31,97,1.3333333333333333,A,9
31,340,3.0,B1,5
32,27,2.375,B1,8
32,28,3.0,B2,10
32,29,3.1538461538461537,B2,13
32,30,2.727272727272727,B2,11
32,31,3.1818181818181817,B2,22
32,34,2.7142857142857144,B2,7
32,57,2.2,B1,5
32,62,2.0,A,10
32,68,3.0,B2,5
32,73,2.2,B1,5
32,74,2.3076923076923075,B1,13
32,75,2.6666666666666665,B2,6
32,76,2.0,B1,6
32,77,3.3,B2,10
32,78,1.7333333333333334,A,15
32,79,2.269230769230769,B2,26
32,81,2.2666666666666666,B2,15
32,83,2.8,B2,5
32,87,2.25,A,8
32,340,2.8,B1,5
33,29,1.0,A,5
33,30,1.8421052631578947,B1,19
33,31,1.0,A,6
33,34,1.6,B1,5
33,79,2.2857142857142856,B2,7
33,88,2.6,B2,5
33,93,1.1666666666666667,A,6
34,1,2.1666666666666665,A,6
34,30,1.8222222222222222,A,45
34,31,1.4166666666666667,A,12
34,32,2.875,B2,8
34,33,1.6,B1,5
34,35,2.9,B1,10
34,36,2.5416666666666665,B1,24
34,77,1.1666666666666667,A,6
34,79,2.0,A,11
34,84,2.0,A,5
34,85,1.0,A,8
35,5,4.166666666666667,C2,6
35,6,4.076923076923077,C2,13
35,7,4.333333333333333,C1,9
35,30,2.769230769230769,C1,13
35,31,3.625,C1,8
35,34,3.0,B1,9
35,36,3.2222222222222223,B2,18
35,37,3.6666666666666665,C1,6
35,84,3.2,C2,5
36,1,2.4285714285714284,B2,7
36,5,2.2,B1,5
36,29,2.0,A,5
36,30,2.28,B1,25
36,31,3.2222222222222223,B2,9
36,34,2.3333333333333335,B1,24
36,35,3.1578947368421053,B2,19
36,37,2.0,A,8
36,54,2.4,B1,5
36,79,2.6,A,5
36,91,1.8,A,5
36,92,2.3333333333333335,B2,15
36,93,2.533333333333333,A,15
37,7,3.2222222222222223,B2,9
37,8,4.571428571428571,C1,14
37,35,4.2,C1,5
37,36,2.0,A,7
37,91,1.4,A,5
37,92,2.5714285714285716,B2,7
37,93,3.142857142857143,B2,7
37,137,1.0,A,5
38,11,4.2,B2,20
38,12,3.5,B2,22
38,14,4.625,C2,8
38,39,4.285714285714286,C2,7
38,42,5.090909090909091,D-E,11
39,11,4.166666666666667,C1,6
39,17,4.8,C2,5
39,38,4.285714285714286,C2,7
39,41,3.586206896551724,B2,29
39,42,4.882352941176471,C2,17
39,166,4.0,C1,5
39,167,4.4,C1,5
39,168,4.3,C1,10
40,29,3.6,B2,5
40,41,2.933333333333333,B2,15
40,43,3.2222222222222223,B2,45
40,45,3.3333333333333335,B2,12
40,48,3.066666666666667,B2,30
40,254,3.3333333333333335,B2,6
41,1,3.2,A,5
41,14,5.090909090909091,D-E,11
41,16,3.5,C2,6
41,17,5.0,C2,6
41,27,2.0,A,8
41,39,3.5357142857142856,B2,28
41,40,2.933333333333333,B2,15
41,42,4.3076923076923075,C1,13
41,43,3.2142857142857144,B1,14
41,45,2.1666666666666665,B1,6
41,166,3.0,B2,5
41,167,2.875,B2,8
41,168,3.4444444444444446,B2,9
41,169,2.8,B1,5
42,11,4.142857142857143,B2,7
42,12,4.666666666666667,C2,12
42,14,5.05,D-E,20
42,38,5.090909090909091,D-E,11
42,39,5.133333333333334,C2,15
42,41,4.214285714285714,C1,14
43,15,4.0,C1,9
43,18,2.8333333333333335,B2,6
43,31,2.6,B2,5
43,40,3.227272727272727,B2,44
43,41,3.3076923076923075,B1,13
43,44,2.3333333333333335,A,15
43,45,2.9655172413793105,C1,58
43,46,3.2,B2,5
43,47,3.090909090909091,B2,11
43,48,2.7777777777777777,B2,9
43,73,1.8,A,5
43,167,2.6666666666666665,B2,6
43,168,2.857142857142857,B2,7
43,169,3.2,B2,5
43,228,4.4,C2,5
43,254,3.6666666666666665,B2,6
44,43,2.3333333333333335,A,15
44,45,2.9,B2,10
44,46,2.3333333333333335,A,6
44,47,3.5,B2,10
44,253,4.8,C1,5
44,254,2.6666666666666665,B1,6
45,18,4.090909090909091,C1,11
45,40,3.3076923076923075,B2,13
45,41,2.142857142857143,B1,7
45,43,2.9655172413793105,C1,58
45,44,2.9,B2,10
45,47,4.0,B2,7
45,253,3.9411764705882355,C2,17
45,254,2.3333333333333335,B2,9
46,43,3.2,B2,5
46,44,2.3333333333333335,A,6
46,47,2.5714285714285716,B2,7
46,48,3.2,B2,5
46,254,3.375,B2,8
46,256,5.0,C2,5
47,43,3.090909090909091,B2,11
47,44,3.5,B2,10
47,45,4.0,B2,7
47,46,2.5714285714285716,B2,7
47,254,2.6666666666666665,B1,6
48,40,3.066666666666667,B2,30
48,43,2.857142857142857,B2,7
48,46,3.2,B2,5
48,166,2.7142857142857144,B2,7
48,167,3.6666666666666665,C2,6
48,168,2.142857142857143,A,14
48,169,2.1666666666666665,B1,6
48,210,3.0,B2,6
48,239,2.0,B1,5
49,5,3.8,B2,5
49,21,3.0,B2,5
49,22,2.4285714285714284,B2,7
49,24,2.6,B1,5
49,52,3.272727272727273,C1,11
49,55,2.4285714285714284,B2,14
49,56,2.25,B1,16
49,58,2.375,B1,8
49,74,2.6,B2,5
49,77,2.375,B1,8
50,19,3.7,B2,10
50,51,3.590909090909091,C1,22
50,53,3.6,C2,5
50,73,2.2,A,5
51,19,1.8571428571428572,A,7
51,50,3.590909090909091,C1,22
51,53,1.8181818181818181,A,11
51,54,2.1666666666666665,B2,6
51,55,2.0,A,7
51,58,1.4,A,5
51,61,2.0,A,5
51,86,1.4,A,5
51,240,3.4285714285714284,C1,7
52,49,3.2222222222222223,C1,9
52,53,3.0,B2,7
52,54,3.0,B2,6
52,55,3.1666666666666665,B1,6
53,22,3.0,B1,5
53,27,3.0,B2,5
53,51,1.8181818181818181,A,11
53,52,3.0,B2,6
53,54,2.625,B2,8
53,55,3.3333333333333335,B2,9
53,56,3.375,C1,8
53,58,4.0,C2,12
53,59,2.8333333333333335,B1,6
54,5,2.6,B2,5
54,27,2.0,A,5
54,29,2.2,B1,5
54,30,1.2,A,5
54,36,2.4,B1,5
54,51,2.1666666666666665,B2,6
54,52,3.0,B2,6
54,53,2.9,B2,10
54,55,2.2222222222222223,A,9
54,56,2.230769230769231,B1,13
54,57,3.0,B1,9
54,58,2.6666666666666665,B1,9
54,59,3.875,C1,8
54,61,3.6363636363636362,B2,11
54,62,2.5625,B1,16
54,63,2.0,B1,5
54,87,1.6,A,5
54,236,2.2,B1,5
54,269,2.6666666666666665,B1,6
55,49,2.642857142857143,B2,14
55,51,2.1666666666666665,B2,6
55,52,2.3333333333333335,B2,6
55,53,3.4166666666666665,B2,12
55,54,2.2222222222222223,A,9
55,56,2.6956521739130435,B2,23
55,58,2.8,B1,5
55,61,3.1666666666666665,B2,6
55,79,2.8333333333333335,B2,6
56,29,3.0,B2,6
56,49,2.25,B1,16
56,53,3.375,C1,8
56,54,2.230769230769231,B1,13
56,55,2.727272727272727,B2,22
56,57,3.090909090909091,C1,11
56,58,3.5,B2,8
56,61,3.3333333333333335,B1,6
56,62,2.7,B2,10
57,27,3.125,B2,16
57,28,2.4545454545454546,B2,11
57,29,2.7777777777777777,B2,9
57,32,2.5,B1,6
57,54,3.0,B1,9
57,56,3.0,C1,10
57,62,3.75,C1,8
57,67,2.4,B2,5
57,68,2.8,B1,5
57,74,2.25,B1,12
57,75,2.2857142857142856,B1,7
57,76,3.0,B2,10
57,78,2.888888888888889,B2,9
57,79,2.3333333333333335,B2,12
57,322,1.4,A,5
58,27,3.3333333333333335,C1,6
58,31,3.5,B2,6
58,49,2.4444444444444446,B1,9
58,51,1.4,A,5
58,53,3.923076923076923,C2,13
58,54,2.8181818181818183,B2,11
58,55,2.8,B1,5
58,56,3.857142857142857,B2,7
58,59,1.8,A,5
58,61,3.1,B2,10
58,246,2.4,B1,5
58,250,2.25,B1,8
58,251,4.4,C2,5
58,278,4.0,B2,6
59,52,3.0,B2,5
59,53,2.8333333333333335,B1,6
59,54,3.875,C1,8
59,58,1.8,A,5
59,60,3.6666666666666665,C1,6
59,61,4.0,C1,7
59,250,2.0,A,10
59,275,2.888888888888889,B2,9
60,59,3.5714285714285716,C1,7
60,64,3.9,C2,10
60,270,2.4,B1,5
60,275,4.5,B2,6
61,51,2.0,A,5
61,54,3.6363636363636362,B2,11
61,55,3.0,B2,7
61,56,3.3333333333333335,B1,6
61,58,3.2222222222222223,B2,9
61,59,3.75,C1,8
61,250,3.25,B2,8
62,5,3.0,B2,6
62,27,2.8,B2,5
62,29,2.7777777777777777,B2,9
62,32,2.25,B1,8
62,54,2.5625,B1,16
62,56,2.7777777777777777,B2,9
62,57,3.2,C1,10
62,63,1.8333333333333333,A,12
62,67,2.5,B1,6
62,74,2.0,B1,7
62,75,3.1666666666666665,C1,12
62,81,2.2,B2,5
62,268,2.0,A,7
63,24,2.1666666666666665,B1,6
63,54,2.0,B1,5
63,62,1.8333333333333333,A,12
63,64,2.090909090909091,B1,11
63,65,2.5,B2,6
63,66,2.3,B2,10
63,68,2.5,B1,8
63,77,2.5,B1,6
64,60,3.9,C2,10
64,63,2.1666666666666665,B1,12
64,65,2.263157894736842,A,19
64,66,2.0526315789473686,A,38
64,67,2.125,B1,8
64,68,2.0,B1,8
64,69,2.5,B2,8
64,71,1.8333333333333333,B1,6
64,73,2.0,A,7
64,81,1.8,A,5
64,102,2.2,A,5
64,268,2.2857142857142856,B1,7
64,269,2.142857142857143,A,7
64,270,2.5454545454545454,B1,11
64,302,1.6666666666666667,B1,6
64,304,2.8,B2,5
64,305,3.0,B1,5
64,322,2.6,B2,5
65,63,2.5,B2,6
65,64,2.2222222222222223,A,18
65,66,2.1904761904761907,B1,21
65,67,2.2,A,20
65,68,2.125,B2,8
65,69,2.0,A,9
65,70,1.8888888888888888,A,9
65,73,1.3636363636363635,A,11
65,74,1.3333333333333333,A,6
65,75,3.3333333333333335,B2,6
65,76,2.125,B1,8
65,77,2.2857142857142856,A,7
65,268,1.3333333333333333,A,6
65,269,1.1428571428571428,A,7
65,323,1.2,A,5
66,63,2.2222222222222223,A,9
66,64,2.0,A,38
66,65,2.05,B1,20
66,68,2.75,B2,8
66,69,2.4444444444444446,B1,9
66,70,2.7777777777777777,B2,9
66,268,3.0,A,12
66,269,2.5,B2,6
66,270,2.076923076923077,B1,13
66,502,2.0,B1,11
67,62,2.5,B1,6
67,64,2.5,B1,6
67,65,2.2,A,20
67,66,3.0,B2,5
67,68,2.5,B1,14
67,69,2.8,A,10
67,75,2.0,A,5
68,29,3.25,B2,8
68,31,2.0,A,6
68,32,3.0,B2,5
68,57,2.8,B1,5
68,63,2.5,B1,8
68,64,2.0,B1,8
68,65,2.0,A,7
68,66,2.5,B2,8
68,67,2.8,B1,10
68,69,2.68,B2,25
68,70,3.0,B2,12
68,71,2.0,A,5
68,73,2.7241379310344827,B1,29
68,74,2.4285714285714284,B2,7
68,75,3.5,B2,10
68,76,2.32,B2,25
68,78,2.0,A,5
68,79,2.142857142857143,A,7
68,80,2.8333333333333335,B2,6
68,81,2.4705882352941178,A,17
68,82,2.5384615384615383,B2,13
68,83,2.625,B1,8
68,97,1.2,A,5
68,268,2.6,A,5
68,269,2.0,B1,5
68,304,1.8,A,5
68,318,1.4545454545454546,A,11
68,319,2.0,A,6
68,320,1.6666666666666667,A,6
68,321,4.285714285714286,C2,7
68,322,1.6,A,5
68,323,1.4,A,5
69,62,2.0,A,5
69,64,2.25,A,8
69,65,2.0,A,11
69,66,2.4,B1,10
69,67,2.6363636363636362,A,11
69,68,2.7142857142857144,B2,28
69,70,2.3,B2,10
69,73,2.1739130434782608,B2,23
69,80,2.7142857142857144,B1,7
69,81,1.4,A,15
69,82,2.4444444444444446,B2,9
69,88,3.0,B2,5
69,268,1.6,B1,5
69,318,1.0,A,6
70,28,4.2,C1,5
70,65,2.0,A,8
70,66,3.0,C1,11
70,68,3.0,B2,12
70,69,2.3,B2,10
70,73,1.125,A,8
70,75,2.8,C1,5
70,76,3.4285714285714284,C1,14
70,84,2.8,B1,5
70,270,2.6,B2,5
70,278,4.6,C1,5
70,301,1.8333333333333333,A,6
70,320,1.0,A,6
70,321,5.0,C1,5
71,64,1.8333333333333333,B1,6
71,72,2.4285714285714284,B1,7
71,73,3.090909090909091,B2,11
71,268,1.8333333333333333,A,6
71,302,1.6,B1,5
72,71,2.1666666666666665,B1,6
72,73,2.909090909090909,C1,11
72,268,2.9,B2,20
72,272,2.8333333333333335,B2,6
72,301,1.8823529411764706,A,17
72,302,1.6,A,5
72,328,1.2,A,5
73,31,2.6666666666666665,B1,6
73,32,2.2,B1,5
73,43,1.8,A,5
73,50,2.2,A,5
73,64,1.875,A,8
73,65,1.4,A,10
73,68,2.6785714285714284,B1,28
73,69,2.1666666666666665,B2,24
73,70,1.3333333333333333,A,9
73,71,3.0,B1,9
73,72,2.909090909090909,C1,11
73,75,3.0,B1,7
73,76,1.9,B1,10
73,79,1.6,A,5
73,80,2.4,B1,5
73,82,1.2857142857142858,A,7
73,83,2.3333333333333335,A,6
73,88,2.0,A,5
73,268,2.6,B2,10
73,272,2.8,B2,5
73,278,4.5,B2,6
73,301,2.75,B2,8
73,302,2.25,B1,8
73,306,3.6,B2,5
73,318,1.0,A,6
73,319,3.2857142857142856,C2,7
73,322,1.9230769230769231,A,13
73,323,2.5,B1,14
73,328,2.2,B2,5
73,337,1.1666666666666667,A,6
73,509,3.4,B2,5
74,27,2.6923076923076925,B1,13
74,28,2.7777777777777777,B1,18
74,29,2.9,B1,10
74,31,1.8333333333333333,A,6
74,32,2.3846153846153846,B1,13
74,43,2.4,B1,5
74,57,2.090909090909091,B1,11
74,62,2.0,B1,7
74,65,1.3333333333333333,A,6
74,68,2.4285714285714284,B2,7
74,75,2.4444444444444446,A,9
74,76,1.8,A,5
74,78,2.0833333333333335,B2,12
74,79,1.95,A,40
74,97,1.4,A,5
75,27,2.5714285714285716,B2,7
75,28,2.75,B2,16
75,31,3.0,B1,5
75,32,2.7142857142857144,B2,7
75,57,2.5,B1,6
75,62,3.090909090909091,C1,11
75,65,3.3333333333333335,B2,6
75,67,2.0,A,5
75,68,3.5454545454545454,C1,11
75,69,2.6,B2,5
75,70,2.8,C1,5
75,73,3.0,B1,7
75,74,2.4444444444444446,A,9
75,76,2.142857142857143,B1,21
75,78,1.5217391304347827,A,23
75,79,1.6153846153846154,A,13
75,81,1.6666666666666667,B1,6
75,82,2.8333333333333335,B1,6
75,84,2.0,A,5
76,27,1.8333333333333333,B1,6
76,32,2.0,B1,6
76,57,2.875,B2,8
76,65,2.125,B1,8
76,67,2.2857142857142856,B1,7
76,68,2.4,B2,20
76,70,3.5,C1,16
76,73,1.9,B1,10
76,74,1.8,A,5
76,75,2.090909090909091,B1,22
76,77,2.0,A,6
76,78,1.25,A,8
76,79,1.9230769230769231,B1,13
76,80,1.625,A,8
76,81,2.2666666666666666,B2,15
76,82,2.5,B1,6
76,88,2.0,A,5
76,320,1.8,A,5
77,32,3.090909090909091,A,11
77,34,1.1666666666666667,A,6
77,49,2.375,B1,8
77,63,2.5,B1,6
77,65,2.5,B1,6
77,74,1.8,B1,5
77,76,2.0,A,6
77,78,2.1904761904761907,B1,21
77,79,1.8,A,5
77,80,2.823529411764706,B2,17
77,81,2.3333333333333335,B2,6
77,83,3.2222222222222223,C1,9
77,85,1.4,A,5
77,87,2.357142857142857,B1,14
77,88,2.8,B2,10
77,95,1.1428571428571428,A,7
77,97,1.8333333333333333,B1,12
77,320,1.2,A,5
78,27,2.3333333333333335,A,9
78,28,1.6,B1,5
78,29,1.6,A,15
78,31,2.4,A,10
78,32,1.875,A,16
78,57,2.888888888888889,B2,9
78,68,1.8,A,5
78,74,2.0833333333333335,B2,12
78,75,1.5217391304347827,A,23
78,76,1.2857142857142858,A,7
78,77,2.1904761904761907,B1,21
78,79,2.1,A,40
78,80,2.1666666666666665,B2,6
78,81,1.5454545454545454,B1,11
78,82,1.6,A,5
78,87,2.5,B1,6
79,1,2.4,B2,5
79,26,2.4,A,5
79,27,1.75,A,12
79,28,2.7142857142857144,B2,7
79,29,2.4444444444444446,B2,18
79,31,2.466666666666667,B2,15
79,32,2.4074074074074074,B2,27
79,33,2.1666666666666665,B2,6
79,34,2.0,A,11
79,36,2.6,A,5
79,55,3.4285714285714284,C1,7
79,57,2.3,B2,10
79,68,2.25,A,8
79,74,1.9743589743589745,A,39
79,75,1.6923076923076923,A,13
79,76,1.8125,A,16
79,77,1.6666666666666667,A,6
79,78,2.1578947368421053,A,38
79,82,2.5714285714285716,A,7
79,83,1.3333333333333333,A,6
79,88,2.0,A,6
79,96,1.3333333333333333,A,6
79,303,2.6,B2,5
79,318,1.5714285714285714,A,7
79,340,1.4,A,5
80,5,2.5,B1,6
80,27,2.111111111111111,B1,9
80,29,2.5,B2,8
80,30,1.5714285714285714,A,7
80,31,2.7777777777777777,B2,9
80,68,2.6,B2,5
80,69,2.7142857142857144,B1,7
80,76,1.625,A,8
80,77,2.8125,B2,16
80,78,2.0,A,5
80,81,2.0833333333333335,A,12
80,82,2.789473684210526,B1,38
80,83,3.1666666666666665,C1,24
80,84,2.4166666666666665,B1,12
80,87,2.6666666666666665,B1,6
80,88,2.7777777777777777,B1,9
80,96,1.6666666666666667,A,6
80,105,2.2,B1,5
80,301,2.8,B2,5
80,333,4.6,C2,5
80,339,2.5,B2,6
80,340,2.6666666666666665,B2,9
80,341,2.0,A,5
81,29,1.9,A,10
81,31,1.8,A,5
81,32,2.2666666666666666,B2,15
81,68,2.4375,A,16
81,69,1.4,A,15
81,73,2.2,B2,5
81,75,1.8571428571428572,B1,7
81,76,2.2142857142857144,B2,14
81,77,2.3333333333333335,B2,6
81,78,1.5,A,12
81,80,2.0833333333333335,A,12
81,82,2.2,B1,25
81,83,2.6,B1,5
81,95,1.3333333333333333,A,6
81,96,1.625,A,16
81,317,1.6,B1,5
81,318,1.0,A,17
81,319,2.6,B2,5
81,320,1.3793103448275863,A,29
81,323,1.4,A,5
81,328,2.25,A,8
81,330,1.7142857142857142,A,7
81,340,2.0,A,5
82,31,3.1666666666666665,C1,6
82,68,2.5384615384615383,B2,13
82,69,2.3,B2,10
82,73,1.4444444444444444,A,9
82,75,2.8333333333333335,B1,6
82,76,2.5,B1,6
82,78,1.6,A,5
82,79,2.5714285714285716,A,7
82,80,2.810810810810811,B2,37
82,81,2.2083333333333335,B1,24
82,83,2.6818181818181817,B2,22
82,85,1.2,A,5
82,87,2.1,A,10
82,88,2.0,A,6
82,94,2.0,A,6
82,95,1.8181818181818181,B1,11
82,96,2.0,A,15
82,97,1.5384615384615385,A,13
82,103,1.6,A,5
82,105,2.0,A,8
82,290,3.8,B2,5
82,321,3.6666666666666665,A,6
82,322,2.0,A,5
82,323,1.6666666666666667,A,6
82,326,3.6,B2,5
82,328,2.3333333333333335,B2,6
82,341,2.3,A,10
82,342,3.0,B2,5
83,27,1.8333333333333333,B1,6
83,28,2.0,B1,9
83,30,2.2,B2,5
83,31,2.7142857142857144,B2,7
83,32,2.8333333333333335,B2,6
83,68,2.625,B1,8
83,73,2.3333333333333335,A,6
83,77,3.2222222222222223,C1,9
83,79,1.5714285714285714,A,7
83,80,3.08,C1,25
83,81,2.6,B1,5
83,82,2.727272727272727,B2,22
83,84,2.3333333333333335,B2,6
83,87,2.5454545454545454,A,22
83,88,2.090909090909091,A,11
83,89,3.857142857142857,C2,7
83,90,2.4,B2,5
83,95,2.5294117647058822,A,17
83,96,1.875,A,8
83,97,1.6666666666666667,A,6
83,103,1.1666666666666667,A,6
83,104,2.0,A,6
83,340,2.375,A,8
84,30,2.142857142857143,B1,7
84,31,3.0,B2,5
84,35,3.6,B2,5
84,70,2.8,B1,5
84,75,2.0,A,5
84,80,2.0,B1,12
84,83,2.3333333333333335,B2,6
84,85,2.5517241379310347,B2,29
84,86,2.8461538461538463,B2,13
84,87,1.4444444444444444,A,9
84,88,3.142857142857143,B1,21
84,89,3.0,B2,5
84,93,2.2916666666666665,B2,24
84,94,2.8333333333333335,B2,6
84,97,1.7777777777777777,A,9
85,30,2.0,B1,6
85,34,1.0,A,6
85,36,1.6,A,5
85,82,1.2,A,5
85,84,2.533333333333333,B2,30
85,87,1.5714285714285714,B1,7
85,88,1.5416666666666667,A,24
85,93,2.0,A,30
85,94,2.125,B1,8
86,51,1.4,A,5
86,77,2.6,B2,5
86,84,2.8461538461538463,B2,13
86,87,2.3636363636363638,B2,11
86,88,2.9166666666666665,B2,12
87,3,1.4,A,5
87,31,1.7777777777777777,A,9
87,32,2.142857142857143,A,7
87,77,2.357142857142857,B1,14
87,78,2.5,B1,6
87,80,2.875,B1,8
87,82,1.9166666666666667,A,12
87,83,2.5,A,22
87,84,1.5,A,8
87,85,1.6666666666666667,B1,6
87,86,2.3636363636363638,B2,11
87,88,2.5,B2,42
87,92,2.2,B1,5
87,93,2.875,B1,8
87,95,2.6,B2,10
87,100,2.1818181818181817,B1,11
88,29,2.142857142857143,A,7
88,31,3.2,B2,5
88,68,2.2,B1,5
88,69,3.0,B2,5
88,77,2.75,B2,8
88,79,2.0,A,6
88,80,2.8,B1,10
88,82,2.0,A,6
88,83,2.3333333333333335,B1,9
88,84,3.0,B1,23
88,85,1.5454545454545454,A,22
88,86,2.8,B2,15
88,87,2.4878048780487805,B2,41
88,89,1.8333333333333333,A,6
88,90,2.6818181818181817,B2,22
88,93,2.3333333333333335,B2,12
88,94,2.923076923076923,B2,13
88,96,2.1666666666666665,B2,6
88,100,2.15,A,20
88,101,1.2,A,5
88,301,2.857142857142857,B2,7
89,29,2.4,B1,5
89,83,3.2222222222222223,A,9
89,93,2.5714285714285716,B2,7
89,94,2.0,A,5
89,95,2.6153846153846154,B1,13
89,100,3.625,B2,8
90,31,1.7142857142857142,A,7
90,83,2.4,B2,5
90,88,2.625,B2,24
90,93,3.1666666666666665,B2,6
90,94,3.0,B2,5
90,97,1.8333333333333333,B1,6
90,100,3.5384615384615383,C2,13
90,101,2.625,B2,8
90,104,2.25,B1,8
91,36,1.8,A,5
91,37,2.2,A,5
91,90,1.6666666666666667,A,6
91,92,2.3333333333333335,A,6
91,99,4.166666666666667,B2,6
91,100,4.25,C2,8
91,109,2.6,A,5
91,127,4.25,C1,12
92,36,2.4,B2,15
92,37,2.5714285714285716,B2,7
92,87,2.2,B1,5
92,91,2.4285714285714284,B2,7
92,140,1.6666666666666667,A,6
93,5,3.4285714285714284,B2,14
93,29,2.4285714285714284,B1,7
93,31,3.3333333333333335,C1,6
93,33,1.0,A,5
93,36,2.3846153846153846,A,13
93,37,3.2,B2,5
93,84,2.3703703703703702,B2,27
93,85,2.0,A,30
93,87,2.875,B1,8
93,88,2.272727272727273,B2,11
93,89,2.5,B2,6
93,90,3.1666666666666665,B2,6
93,94,3.0714285714285716,B1,14
93,103,1.6,A,5
93,116,4.444444444444445,C1,9
94,33,2.2,B2,5
94,84,2.75,B2,8
94,85,2.142857142857143,B1,7
94,87,2.6,B2,5
94,88,3.0,B2,14
94,89,2.0,A,5
94,90,3.0,B2,5
94,93,3.0833333333333335,B1,12
94,100,2.7142857142857144,B2,7
94,101,1.5,A,8
94,105,2.1666666666666665,A,6
95,77,1.1428571428571428,A,7
95,80,2.142857142857143,B1,7
95,81,1.4,A,5
95,82,1.5833333333333333,A,12
95,83,2.6,A,15
95,87,2.272727272727273,B2,11
95,89,2.6153846153846154,B1,13
95,96,1.4285714285714286,A,7
95,97,1.45,A,20
95,101,2.4285714285714284,A,7
95,104,2.0,B1,6
95,107,1.4285714285714286,A,7
96,69,1.3333333333333333,A,6
96,79,1.3333333333333333,A,6
96,80,1.875,A,8
96,81,1.625,A,16
96,82,2.1538461538461537,B1,13
96,83,1.6666666666666667,A,12
96,88,2.1666666666666665,B2,6
96,95,1.5,A,6
96,97,1.9268292682926829,A,41
96,101,2.6,B2,5
96,102,2.6,B2,5
96,105,1.4285714285714286,A,7
96,268,2.2,B1,5
97,31,1.7,A,10
97,68,1.2,A,5
97,74,1.4,A,5
97,77,1.7692307692307692,B1,13
97,82,1.6153846153846154,A,13
97,83,1.8,A,5
97,84,2.0,A,7
97,90,1.8333333333333333,B1,6
97,95,1.4761904761904763,A,21
97,96,1.9047619047619047,A,42
97,100,1.8235294117647058,A,17
97,102,2.2666666666666666,B2,15
97,104,2.1,A,10
97,105,2.2222222222222223,A,9
97,107,1.3,A,10
97,320,1.8,A,5
97,340,1.0,A,12
98,100,3.5238095238095237,C1,21
98,102,3.142857142857143,B2,7
98,113,4.2,C1,5
99,91,4.166666666666667,B2,6
99,100,3.4444444444444446,B2,27
100,87,2.1818181818181817,B1,11
100,88,2.15,A,20
100,89,3.625,B2,8
100,90,3.2222222222222223,B2,18
100,91,4.0,C2,9
100,95,2.0,A,6
100,97,1.8235294117647058,A,17
100,98,3.5714285714285716,C1,21
100,99,3.423076923076923,B2,26
100,102,2.5,A,12
100,103,1.72,A,25
100,104,2.2941176470588234,B1,17
100,105,1.7,B1,10
100,106,3.5,B1,6
100,107,2.75,B2,8
100,109,3.4615384615384617,C1,13
100,110,4.125,B2,8
100,111,2.2222222222222223,B2,9
100,116,4.0,C1,10
100,117,4.0,C1,5
100,118,4.545454545454546,C2,11
100,122,4.8,C2,5
100,511,4.166666666666667,C2,6
101,88,1.2,A,5
101,90,2.5714285714285716,A,7
101,94,1.5,A,8
101,95,2.25,A,8
101,96,2.6,B2,5
101,102,3.875,C2,8
101,104,2.1818181818181817,A,11
102,64,2.2,A,5
102,96,2.6,B2,5
102,97,2.2142857142857144,A,14
102,98,3.0,B2,7
102,100,2.5,A,12
102,101,3.875,C2,8
102,103,1.4285714285714286,A,7
102,104,1.5,A,12
102,105,2.2857142857142856,B2,7
102,107,1.875,A,8
103,82,1.6,A,5
103,83,1.1666666666666667,A,6
103,100,1.7692307692307692,A,26
103,102,1.0,A,6
103,104,2.3333333333333335,B2,9
103,340,1.2,A,5
104,83,2.0,A,6
104,90,2.142857142857143,B1,7
104,95,2.0,B1,6
104,97,2.0,A,9
104,100,2.3333333333333335,B1,18
104,101,2.0833333333333335,A,12
104,102,1.4545454545454546,A,11
104,103,2.3333333333333335,B2,9
104,105,1.8571428571428572,A,28
104,106,3.727272727272727,B2,11
104,107,2.4482758620689653,B1,29
104,108,2.8181818181818183,A,11
105,80,2.2,B1,5
105,82,2.0,A,8
105,96,1.3333333333333333,A,6
105,97,2.2222222222222223,A,9
105,100,1.7,B1,10
105,102,2.1666666666666665,B2,6
105,104,1.8571428571428572,A,28
105,106,4.678571428571429,C2,28
105,107,1.872340425531915,B1,47
105,108,3.3846153846153846,C1,13
105,111,2.6,B1,5
105,511,2.4,A,5
105,518,4.0,C1,5
106,100,3.8,C2,5
106,104,3.8,B2,10
106,105,4.814814814814815,C2,27
106,108,4.733333333333333,C2,30
106,509,4.285714285714286,C2,7
107,82,1.8,B1,5
107,95,1.5,A,8
107,97,1.3,A,10
107,100,2.6666666666666665,B2,9
107,102,1.875,A,8
107,104,2.4482758620689653,B1,29
107,105,1.872340425531915,B1,47
107,106,3.6666666666666665,B2,6
107,108,2.8181818181818183,A,11
107,508,3.3333333333333335,C1,6
107,511,2.2,B1,5
108,104,2.8181818181818183,A,11
108,105,3.5,C1,12
108,106,4.96,C2,25
108,107,2.9375,B2,16
108,113,3.8,B2,10
108,511,4.111111111111111,C1,9
109,82,2.0,A,5
109,91,2.3333333333333335,A,6
109,100,3.4615384615384617,C1,13
109,110,3.9444444444444446,B2,18
109,111,3.7058823529411766,B2,17
109,112,4.266666666666667,C2,15
109,115,3.5,B2,10
109,116,4.333333333333333,C1,15
109,125,4.4,C1,10
109,127,3.25,B2,8
110,100,3.888888888888889,B2,9
110,109,3.9444444444444446,B2,18
110,127,3.4285714285714284,B1,7
111,100,2.3,B2,10
111,109,3.7058823529411766,B2,17
111,112,3.6666666666666665,C1,9
111,113,3.0,A,10
111,126,3.8,B2,5
112,109,4.285714285714286,C2,14
112,111,3.6666666666666665,C1,9
112,113,2.857142857142857,B2,7
112,116,3.1666666666666665,B1,6
113,98,4.2,C1,5
113,108,3.727272727272727,B2,11
113,111,3.0,A,10
113,112,2.857142857142857,B2,7
113,117,4.333333333333333,C1,6
113,511,4.0,C1,17
115,109,3.8333333333333335,B2,6
115,112,3.6,B2,5
115,116,3.409090909090909,C1,22
115,118,4.2727272727272725,C1,11
116,93,4.444444444444445,C1,9
116,100,4.25,C1,8
116,109,4.333333333333333,C1,15
116,112,2.8,B1,5
116,115,3.391304347826087,C1,23
116,118,3.8333333333333335,C1,6
116,119,4.285714285714286,C1,7
116,121,3.8333333333333335,B2,6
116,122,4.166666666666667,B2,12
116,126,3.8333333333333335,C1,6
117,113,3.5,C1,8
117,118,4.666666666666667,C2,9
117,119,5.0,C1,5
118,100,4.545454545454546,C2,11
118,115,4.2727272727272725,C1,11
118,116,3.8333333333333335,C1,6
118,117,4.666666666666667,C2,9
119,116,4.285714285714286,C1,7
119,117,5.0,C1,5
119,345,2.6,A,10
121,116,3.8333333333333335,B2,6
121,123,4.833333333333333,C2,6
121,124,3.4444444444444446,C2,9
121,127,4.666666666666667,C2,6
121,144,4.8,C2,10
122,100,4.8,C2,5
122,116,4.153846153846154,B2,13
122,125,4.083333333333333,C2,12
122,127,4.571428571428571,B2,7
123,121,4.857142857142857,C2,7
123,124,3.6842105263157894,C1,19
123,126,4.6,C2,5
124,121,3.25,A,8
124,122,4.0,B2,6
124,123,3.7222222222222223,C1,18
124,126,4.28,C2,25
124,127,4.5,B2,12
124,138,4.4,C1,5
124,142,5.5,D-E,10
125,109,4.444444444444445,C1,9
125,122,4.166666666666667,C2,12
125,126,3.2857142857142856,B1,7
125,127,3.411764705882353,C1,17
125,231,4.333333333333333,C2,6
126,111,3.8,B2,5
126,116,3.8333333333333335,C1,6
126,123,4.6,C2,5
126,124,4.296296296296297,C2,27
126,125,3.2857142857142856,B1,7
126,127,3.45,B2,20
126,139,3.8333333333333335,C1,6
126,140,3.1666666666666665,B2,6
127,91,4.25,C1,12
127,109,3.25,B2,8
127,110,3.5,B1,8
127,121,4.666666666666667,C2,6
127,122,4.571428571428571,B2,7
127,124,4.454545454545454,B2,11
127,125,3.5,C1,16
127,126,3.5238095238095237,B2,21
127,138,3.923076923076923,C1,13
127,139,3.4,B2,5
128,129,3.5384615384615383,B2,13
128,131,3.857142857142857,C1,7
128,133,3.727272727272727,B2,11
128,163,3.5714285714285716,B2,7
128,360,2.6,B2,5
129,2,4.4,B2,5
129,10,4.0,C1,5
129,128,3.125,B2,16
129,130,4.666666666666667,C2,6
129,133,3.769230769230769,C1,13
129,134,4.25,C1,8
129,135,3.2,B1,5
129,144,3.4285714285714284,B2,7
129,147,3.0,B2,6
129,153,2.4,B1,5
129,154,4.0,C2,6
129,163,3.375,C1,8
130,10,4.2,C1,5
130,12,4.428571428571429,C2,7
130,129,4.666666666666667,C2,6
130,131,4.7,D-E,10
130,132,4.875,D-E,8
130,135,4.666666666666667,C2,6
130,163,4.375,D-E,8
130,165,4.75,C2,8
131,9,4.0,C1,5
131,10,4.0,C1,6
131,128,3.857142857142857,C1,7
131,130,4.7,D-E,10
131,133,4.363636363636363,C2,11
131,136,3.6,C1,5
132,130,4.875,D-E,8
133,128,3.727272727272727,B2,11
133,129,3.769230769230769,C1,13
133,131,4.363636363636363,C2,11
133,134,3.2222222222222223,B2,9
133,135,3.0714285714285716,B2,14
133,137,2.727272727272727,B1,11
133,144,3.1666666666666665,B2,12
133,152,3.142857142857143,B2,7
133,165,4.8,D-E,5
134,129,4.25,C1,8
134,133,3.2222222222222223,B2,9
134,135,3.125,B2,8
134,136,2.3333333333333335,B1,12
134,137,3.6666666666666665,B2,12
134,141,4.8,C2,5
134,144,2.0526315789473686,A,19
134,152,3.25,B2,8
135,130,4.666666666666667,C2,6
135,133,3.0588235294117645,B2,17
135,134,2.7,B2,10
135,144,3.6363636363636362,C1,11
135,147,4.0,C1,5
135,152,2.6666666666666665,C1,12
135,154,3.6,B2,5
135,163,3.5,B2,6
135,165,3.0,A,5
136,8,3.6666666666666665,C1,6
136,131,3.6,C1,5
136,134,2.3333333333333335,B1,12
136,137,4.041666666666667,C2,24
136,138,4.8,C2,5
136,140,4.333333333333333,C2,6
137,37,1.0,A,5
137,133,2.727272727272727,B1,11
137,134,3.6666666666666665,B2,12
137,136,4.041666666666667,C2,24
137,140,4.875,C1,8
137,141,3.4285714285714284,B2,7
137,144,4.285714285714286,B2,7
138,124,4.333333333333333,C1,6
138,127,3.923076923076923,C1,13
138,136,4.8,C2,5
138,139,2.9375,A,16
138,140,3.75,B2,12
138,144,3.2,B2,5
139,84,3.0,B2,6
139,126,3.8333333333333335,C1,6
139,127,3.4,B2,5
139,138,2.9375,A,16
139,140,4.0,C1,8
139,141,3.2222222222222223,B2,9
140,92,1.8,A,5
140,126,3.1666666666666665,B2,6
140,136,4.333333333333333,C2,6
140,137,5.0,C2,7
140,138,3.8181818181818183,B2,11
140,139,4.0,C1,8
141,134,4.5,C2,6
141,137,3.4285714285714284,B2,7
141,139,3.2,B2,10
141,142,4.857142857142857,C2,14
141,144,4.357142857142857,C2,14
141,145,3.8,C2,10
142,124,5.5,D-E,10
142,141,4.857142857142857,C2,14
144,121,4.8,C2,10
144,129,3.5,B2,6
144,133,3.1818181818181817,C1,11
144,134,2.0,A,20
144,135,3.4615384615384617,C1,13
144,137,4.285714285714286,B2,7
144,141,4.357142857142857,C2,14
144,145,3.375,B1,16
144,147,3.8333333333333335,B2,6
144,148,2.8181818181818183,C1,11
144,153,3.1666666666666665,B2,6
144,154,2.3333333333333335,A,6
145,141,3.8,C2,10
145,144,3.375,B1,16
147,129,3.142857142857143,B2,7
147,135,4.0,C1,5
147,144,3.8333333333333335,B2,6
147,148,3.727272727272727,B2,11
147,151,3.3333333333333335,B1,6
147,154,3.6,C1,10
148,144,2.6363636363636362,C1,11
148,147,3.727272727272727,B2,11
148,152,1.8,A,5
148,153,3.272727272727273,B2,11
150,151,4.222222222222222,B2,9
150,153,3.4,B2,5
151,147,3.3333333333333335,B1,6
151,150,4.222222222222222,B2,9
151,154,3.909090909090909,C1,11
151,155,4.2,C1,10
151,156,4.125,B2,8
152,129,2.6,B2,5
152,133,3.142857142857143,B2,7
152,134,3.2857142857142856,B2,7
152,135,2.8181818181818183,B2,11
152,148,1.8,A,5
152,153,2.230769230769231,B2,13
152,154,3.411764705882353,B2,17
152,158,3.4,B2,5
152,163,2.6666666666666665,B2,6
153,129,2.2857142857142856,A,7
153,144,3.1666666666666665,B2,6
153,148,3.272727272727273,B2,11
153,150,3.4,B2,5
153,152,2.076923076923077,B2,13
153,154,3.0714285714285716,B2,14
154,129,4.0,C2,6
154,135,3.6,B2,5
154,144,2.3333333333333335,A,6
154,147,3.7777777777777777,C1,9
154,151,3.8,C1,10
154,152,3.411764705882353,B2,17
154,153,3.076923076923077,B2,13
154,155,4.2,C2,5
154,156,3.1923076923076925,B2,26
154,158,3.090909090909091,C1,11
154,159,4.0,B1,9
154,165,3.0,B2,5
155,151,4.2,C1,10
155,154,4.2,C2,5
155,156,4.55,C2,20
155,370,4.571428571428571,C2,7
156,151,4.142857142857143,B2,7
156,154,3.1923076923076925,B2,26
156,155,4.55,C2,20
156,157,4.0,C1,5
156,159,3.8947368421052633,B2,19
157,156,3.8333333333333335,C1,6
157,158,3.5,B2,6
157,159,4.482758620689655,C2,29
158,154,3.090909090909091,C1,11
158,157,3.5,B2,6
158,159,4.333333333333333,C2,12
158,163,4.6,C2,10
159,154,3.9,B2,10
159,156,3.9,B2,20
159,157,4.428571428571429,C2,28
159,158,4.363636363636363,C2,11
159,160,3.5714285714285716,B2,7
159,162,3.857142857142857,C2,7
160,159,3.5714285714285716,B2,7
160,161,4.5,C1,6
160,162,4.214285714285714,C2,14
160,163,4.083333333333333,C1,12
161,160,4.5,C1,6
161,162,4.615384615384615,C1,13
162,159,3.8333333333333335,C2,6
162,160,4.214285714285714,C2,14
162,161,4.615384615384615,C1,13
162,164,4.2,C2,5
163,9,2.2,B2,5
163,128,3.6666666666666665,B2,6
163,129,3.3333333333333335,C1,9
163,130,4.375,D-E,8
163,135,3.142857142857143,B2,7
163,152,2.6666666666666665,B2,6
163,158,4.5,C1,8
163,160,4.090909090909091,C1,11
163,164,4.0,B2,9
163,165,3.6818181818181817,C1,22
164,11,4.285714285714286,C1,7
164,162,4.0,B2,6
164,163,3.7142857142857144,B2,7
164,165,4.0,C1,5
165,12,4.0,C1,5
165,129,3.6,B1,5
165,130,4.555555555555555,C2,9
165,135,3.0,A,5
165,154,3.0,B2,5
165,163,3.6666666666666665,C1,21
165,164,4.0,C1,5
166,39,4.0,C1,5
166,41,3.0,B2,5
166,48,2.8333333333333335,B2,6
166,167,3.0,B1,10
166,168,3.1,B2,10
166,169,2.642857142857143,B2,14
166,208,2.9545454545454546,B2,22
166,210,2.2777777777777777,B2,18
167,39,3.7777777777777777,B2,9
167,41,2.8,B2,5
167,43,2.6666666666666665,B2,6
167,48,3.5,A,6
167,166,3.0,B1,10
167,168,2.5454545454545454,B2,11
167,169,2.6,B1,10
167,170,3.6666666666666665,C1,6
167,171,3.4,B2,5
167,208,3.1666666666666665,C1,6
167,210,2.1666666666666665,B2,6
167,213,2.8333333333333335,A,6
167,214,3.5,B2,8
168,39,4.3,C1,10
168,41,3.4444444444444446,B2,9
168,43,2.8333333333333335,A,6
168,48,2.1333333333333333,B1,15
168,166,3.2,B2,10
168,167,2.5,B2,10
168,169,3.75,B2,12
168,210,2.888888888888889,B2,9
169,41,2.8,B1,5
169,48,2.1666666666666665,B1,6
169,166,2.5714285714285716,B2,14
169,167,2.4,B1,5
169,168,3.857142857142857,B2,14
169,170,3.3333333333333335,B2,15
169,171,3.6,B2,5
169,190,3.2,B2,5
169,198,3.6,B2,5
169,209,3.3333333333333335,C1,6
169,210,2.6,B2,5
169,403,4.0,C1,6
170,167,3.6,C1,5
170,169,3.388888888888889,B2,18
170,171,3.857142857142857,C1,7
170,174,3.6666666666666665,C1,12
170,175,2.6,A,5
170,176,3.888888888888889,C1,9
170,177,4.277777777777778,C2,18
170,180,4.75,C2,8
170,183,3.9166666666666665,C1,12
170,214,3.2,B2,5
170,219,2.8333333333333335,B1,6
171,167,4.2,B2,5
171,169,3.5,B2,6
171,170,3.75,C1,8
171,172,3.526315789473684,C1,19
171,175,3.6,B2,5
171,176,3.1818181818181817,C1,11
172,171,3.5,C1,20
172,173,3.0,B2,12
172,182,4.0,B2,6
172,183,4.6,C2,5
173,172,3.0,B2,11
173,183,3.888888888888889,B2,9
174,170,3.6666666666666665,C1,12
174,175,3.6,C1,5
174,176,4.555555555555555,C2,9
175,171,3.6,B2,5
175,174,3.6,C1,5
175,176,3.8,B2,5
176,170,3.875,B2,8
176,171,3.1818181818181817,C1,11
176,174,4.555555555555555,C2,9
176,175,3.8,B2,5
176,177,4.678571428571429,C2,28
177,11,4.8,C2,5
177,170,4.294117647058823,C2,17
177,176,4.655172413793103,C2,29
178,180,5.454545454545454,C2,11
180,170,4.75,C2,8
180,178,5.5,C2,10
180,181,4.111111111111111,C1,27
180,182,3.6,B2,5
180,194,2.2,B1,5
181,180,4.111111111111111,C1,27
181,182,3.727272727272727,B2,11
181,184,3.888888888888889,C1,9
181,187,3.857142857142857,B1,14
182,172,4.2,B2,5
182,173,3.6,B2,5
182,180,3.6,B2,5
182,181,3.727272727272727,B2,11
182,183,4.230769230769231,C1,13
182,184,3.4,C1,5
182,188,3.4,B2,5
182,197,2.0,A,6
183,170,3.9166666666666665,C1,12
183,172,4.6,C2,5
183,173,3.8,B2,10
183,182,4.214285714285714,C1,14
183,184,4.2,C1,5
183,217,2.5555555555555554,B1,9
184,181,3.888888888888889,C1,9
184,182,3.4,C1,5
184,183,4.2,C1,5
184,185,4.571428571428571,C2,7
184,193,4.3,C2,10
185,184,4.571428571428571,C2,7
185,186,4.0,C1,33
185,188,4.6,C2,5
186,185,3.96875,C1,32
186,187,3.3333333333333335,B2,6
186,188,3.8333333333333335,B2,6
186,198,4.0,B2,6
187,181,3.923076923076923,B1,13
187,186,3.3333333333333335,B2,6
187,197,4.888888888888889,C2,9
187,198,5.0,C1,7
187,199,5.0,C2,5
188,182,3.4,B2,5
188,185,4.6,C2,5
188,186,3.5714285714285716,B1,7
188,195,4.090909090909091,C1,11
188,196,3.6363636363636362,B2,11
188,197,3.533333333333333,B2,15
188,198,4.142857142857143,B2,14
188,206,3.2,C1,5
189,190,3.625,B2,8
189,226,3.909090909090909,C1,11
190,169,3.2,B2,5
190,189,3.875,B2,8
190,196,3.2857142857142856,B2,7
190,222,3.3333333333333335,B2,9
190,223,3.875,C1,16
190,226,4.1,C1,10
191,203,3.6,B2,10
191,226,4.0,C1,5
192,193,3.7142857142857144,C2,7
192,194,5.0,C1,11
193,184,4.3,C2,10
193,192,3.7142857142857144,C2,7
193,194,4.6,C2,5
193,195,3.0,B1,6
193,217,4.0,C1,6
194,180,2.2,B1,5
194,192,5.0,C1,12
194,193,4.6,C2,5
194,195,4.0,C1,5
195,188,4.1,C1,10
195,193,3.0,B1,6
195,194,4.0,C1,5
195,196,3.533333333333333,B2,15
196,188,3.6666666666666665,B2,9
196,190,3.2857142857142856,B2,7
196,195,3.625,B2,16
196,197,3.6,B2,10
196,198,3.6666666666666665,B2,12
196,202,3.857142857142857,B2,7
196,203,3.5,B2,6
197,182,2.0,A,6
197,187,4.888888888888889,C2,9
197,188,3.3529411764705883,B2,17
197,196,3.6666666666666665,B2,9
197,198,3.896551724137931,B2,29
197,199,3.5,B2,6
198,186,4.142857142857143,C2,7
198,187,5.0,C1,7
198,188,4.230769230769231,B2,13
198,195,3.6,B2,5
198,196,3.533333333333333,B2,15
198,197,3.896551724137931,B2,29
198,199,4.142857142857143,C2,7
198,200,4.5,C1,6
198,201,3.6,B2,5
198,202,3.8,B2,10
198,206,3.6,B2,5
199,187,5.0,C2,5
199,197,3.5,B2,6
199,198,3.875,C2,8
199,200,4.0,C1,9
199,201,3.8,C2,5
200,198,4.5,C1,6
200,199,3.9,C1,10
200,201,4.0,B2,5
200,206,4.7368421052631575,C2,19
200,207,4.379310344827586,C1,29
201,198,3.6,B2,5
201,199,3.8,C2,5
201,200,4.0,B2,5
201,202,4.363636363636363,B2,11
201,205,4.428571428571429,C2,7
201,206,4.555555555555555,C1,18
202,196,4.2,C2,5
202,198,3.6666666666666665,B2,12
202,201,4.333333333333333,B2,12
202,203,4.1875,C2,16
202,206,4.333333333333333,C1,6
203,191,3.6,B2,10
203,196,3.5,B2,6
203,202,4.1875,C2,16
203,204,4.285714285714286,C1,7
203,227,4.714285714285714,C2,7
204,203,4.166666666666667,C1,6
204,206,4.6,C2,5
204,227,4.0,B2,11
204,396,4.0,C1,5
205,201,4.428571428571429,C2,7
205,206,4.545454545454546,C2,11
205,207,4.066666666666666,C1,15
205,396,4.181818181818182,C1,11
205,399,4.571428571428571,C2,7
206,188,3.2,C1,5
206,198,3.6,B2,5
206,200,4.7368421052631575,C2,19
206,201,4.555555555555555,C1,18
206,202,4.285714285714286,C1,7
206,204,4.5,C1,6
206,205,4.615384615384615,C2,13
206,207,4.733333333333333,C2,15
207,200,4.333333333333333,C1,30
207,205,4.0,C1,14
207,206,4.733333333333333,C2,15
207,399,5.4,D-E,20
207,400,4.4,C1,5
208,166,3.0,B2,20
208,167,3.2857142857142856,C1,7
208,170,4.2,C1,5
208,209,3.1818181818181817,B2,11
209,208,3.272727272727273,B2,11
209,210,2.25,A,8
209,211,3.625,B2,8
209,213,3.8,B2,5
209,219,4.166666666666667,C1,6
210,166,2.2777777777777777,B2,18
210,167,2.4285714285714284,B2,7
210,168,2.888888888888889,B2,9
210,209,2.6666666666666665,A,9
210,211,3.1,B2,10
210,212,4.0,C1,5
210,213,3.5555555555555554,C2,9
210,219,2.8,B2,5
211,209,3.2857142857142856,B2,7
211,210,3.3636363636363638,B2,11
211,212,3.142857142857143,B2,7
211,257,3.375,B2,8
212,210,4.166666666666667,C1,6
212,211,3.1666666666666665,B2,6
212,213,3.85,C1,20
213,167,2.857142857142857,A,7
213,209,3.8,B2,5
213,210,3.375,B2,8
213,212,3.9047619047619047,C1,21
213,221,3.0,B1,9
214,167,3.6666666666666665,C1,6
214,170,3.2,B2,5
214,215,3.3,C1,10
214,216,3.142857142857143,B2,7
214,219,3.0,B1,9
215,214,3.3,C1,10
215,216,4.777777777777778,C2,9
215,218,4.4,C2,5
215,219,3.611111111111111,C1,18
216,214,3.142857142857143,B2,7
216,215,4.777777777777778,C2,9
216,218,3.642857142857143,B1,14
217,183,2.5555555555555554,B1,9
217,193,4.0,C1,6
218,215,4.4,C2,5
218,216,3.642857142857143,B1,14
218,220,3.7777777777777777,B2,9
218,222,3.4,B1,5
219,170,2.8333333333333335,B1,6
219,209,4.166666666666667,C1,6
219,210,2.8,B2,5
219,214,3.0,B1,9
219,215,3.7058823529411766,C1,17
219,221,3.7142857142857144,C1,14
220,169,4.0,C1,5
220,218,3.6666666666666665,B2,9
220,222,3.4761904761904763,B2,21
221,213,3.0,B1,9
221,219,3.7142857142857144,C1,14
221,222,3.8,B1,10
222,190,3.6,B2,5
222,218,3.4,B1,5
222,219,3.4,B2,5
222,220,3.4761904761904763,B2,21
222,221,4.25,D-E,8
222,223,3.8,C2,15
222,224,3.3333333333333335,B2,6
222,226,4.666666666666667,D-E,6
223,190,3.75,C1,16
223,222,3.7857142857142856,C2,14
223,225,4.0,C1,7
223,229,4.8,C2,5
223,232,5.4,C2,5
224,222,3.3333333333333335,B2,6
225,223,4.0,C1,7
225,226,3.6,C1,5
225,227,4.666666666666667,C2,6
225,229,3.8260869565217392,B2,23
225,232,4.333333333333333,C2,9
225,267,4.4,C1,5
226,189,3.909090909090909,C1,11
226,190,3.888888888888889,C1,9
226,191,4.333333333333333,C1,6
226,222,4.666666666666667,D-E,6
226,225,3.6,C1,5
226,227,4.230769230769231,C1,13
227,203,4.714285714285714,C2,7
227,204,4.0,B2,13
227,225,4.666666666666667,C2,6
227,226,4.266666666666667,C1,15
227,228,4.916666666666667,C2,12
227,229,4.5,C2,14
227,398,4.714285714285714,D-E,7
228,43,4.4,C2,5
228,227,4.916666666666667,C2,12
228,229,4.25,C1,8
229,223,4.8,C2,5
229,225,3.875,B2,24
229,227,4.533333333333333,C2,15
229,228,4.25,C1,8
229,230,4.473684210526316,C2,38
229,233,3.6666666666666665,B2,6
230,227,4.4,C1,5
230,229,4.444444444444445,C2,36
231,125,4.333333333333333,C2,6
231,232,4.909090909090909,D-E,11
231,265,4.6,C2,5
232,223,5.4,C2,5
232,225,4.25,C2,8
232,231,4.909090909090909,D-E,11
233,229,3.6666666666666665,B2,6
233,235,4.571428571428571,C2,7
233,254,4.8,C2,5
233,264,4.666666666666667,C1,6
233,267,4.428571428571429,C1,7
234,235,4.823529411764706,C2,17
234,265,5.2,C2,5
235,233,4.571428571428571,C2,7
235,234,4.823529411764706,C2,17
235,264,3.6666666666666665,B2,6
235,267,4.444444444444445,C1,9
236,54,2.2,B1,5
236,237,3.1875,B1,16
236,238,2.5555555555555554,B1,9
236,239,3.238095238095238,B2,21
236,240,3.6,B2,10
236,241,3.375,B2,8
236,250,2.0,B1,6
236,252,3.0,B2,5
236,254,1.8,A,5
237,236,3.1875,B1,16
237,239,3.4375,B2,16
237,240,2.8,C1,5
237,241,3.3846153846153846,C1,13
237,242,4.1875,B2,16
237,244,3.8,C1,5
237,245,3.7142857142857144,B2,7
238,236,2.5,B1,8
238,239,3.388888888888889,B2,18
238,240,3.3333333333333335,B1,6
238,243,2.2,A,5
238,252,2.5,A,6
239,48,2.0,B1,5
239,236,3.4,B2,20
239,237,3.25,B2,12
239,238,3.411764705882353,B1,17
239,240,3.7777777777777777,C1,9
239,250,2.0,A,5
240,51,3.4285714285714284,C1,7
240,236,3.3636363636363638,B2,11
240,237,3.0,C1,7
240,238,3.3333333333333335,B1,6
240,239,3.5714285714285716,B2,7
240,241,3.4782608695652173,B2,23
241,18,3.6,B2,5
241,236,3.272727272727273,B2,11
241,237,3.4,C1,10
241,240,3.4166666666666665,B2,24
241,242,3.6,C1,5
241,243,3.3333333333333335,B2,6
241,253,5.0,C2,7
242,237,4.1875,B2,16
242,241,3.6,C1,5
242,243,3.923076923076923,B2,13
242,244,4.454545454545454,C2,22
243,238,2.2,A,5
243,241,3.3333333333333335,B2,6
243,242,3.923076923076923,B2,13
243,244,4.266666666666667,C1,30
243,245,4.6923076923076925,C2,13
243,247,3.2,B1,5
243,252,3.5454545454545454,C1,11
244,237,3.8,C1,5
244,242,4.476190476190476,C2,21
244,243,4.32258064516129,C1,31
245,237,3.7142857142857144,B2,7
245,243,4.6923076923076925,C2,13
246,58,2.4,B1,5
246,247,3.5,B2,14
247,243,3.2,B1,5
247,246,3.5,B2,14
247,249,4.111111111111111,C2,9
247,252,2.6666666666666665,A,6
249,247,4.111111111111111,C2,9
249,250,3.2857142857142856,B2,14
249,251,3.6,B2,5
249,252,3.7777777777777777,C1,9
250,58,2.25,B1,8
250,59,2.4285714285714284,B2,14
250,61,3.375,B2,8
250,236,2.0,B1,6
250,239,2.0,A,5
250,243,3.6,C1,5
250,249,3.2857142857142856,B2,14
250,251,3.3333333333333335,C2,6
250,252,3.8823529411764706,B2,17
250,301,2.2,B1,5
251,58,4.4,C2,5
251,249,3.6,B2,5
251,250,3.2857142857142856,C2,7
252,236,3.0,B2,6
252,238,2.3333333333333335,A,6
252,243,3.4,B2,10
252,247,2.857142857142857,A,7
252,249,3.7777777777777777,C1,9
252,250,3.8947368421052633,B2,19
253,44,4.8,C1,5
253,45,4.0,C2,15
253,241,5.0,C2,7
253,254,4.513888888888889,C2,72
253,255,5.0,C2,9
254,40,3.3333333333333335,B2,6
254,43,3.8,B2,5
254,44,2.6666666666666665,B1,6
254,45,2.4545454545454546,B2,11
254,46,3.375,B2,8
254,47,2.6666666666666665,B1,6
254,213,1.4,A,5
254,233,4.8,C2,5
254,236,1.8,A,5
254,253,4.5285714285714285,C2,70
254,255,3.5,B2,10
254,256,3.2857142857142856,B1,14
254,257,3.4,B2,5
254,261,3.5714285714285716,B2,7
255,253,5.0,C2,11
255,254,3.125,B2,8
255,256,3.8,B2,5
256,40,3.0,B2,5
256,254,3.1875,B1,16
256,255,3.8,B2,5
256,258,3.7142857142857144,C2,7
257,1,4.0,B2,5
257,211,3.375,B2,8
257,256,2.0,A,5
257,261,3.6,C1,5
258,256,3.7142857142857144,C2,7
258,261,3.5,B2,6
259,260,4.555555555555555,C2,9
259,263,4.2,C1,5
259,435,3.9166666666666665,B2,12
260,259,4.555555555555555,C2,9
260,261,3.8333333333333335,C2,6
261,254,3.5714285714285716,B2,7
261,257,3.6,C1,5
261,258,3.5,B2,6
261,260,3.8333333333333335,C2,6
261,262,4.363636363636363,C1,11
262,261,4.363636363636363,C1,11
262,264,4.5,C1,6
262,265,4.444444444444445,C1,9
263,259,4.2,C1,5
263,264,3.75,B2,8
263,436,4.166666666666667,C2,6
264,233,4.666666666666667,C1,6
264,235,3.8,B2,5
264,262,4.5,C1,6
264,263,3.5714285714285716,B2,7
264,265,3.9444444444444446,C2,18
264,266,3.2857142857142856,B2,14
264,267,3.5,B2,6
265,231,4.6,C2,5
265,234,5.2,C2,5
265,262,4.444444444444445,C1,9
265,264,3.8823529411764706,C2,17
265,266,3.9047619047619047,C1,21
266,221,3.0,B1,5
266,264,3.3076923076923075,B2,13
266,265,3.9130434782608696,C1,23
267,225,4.4,C1,5
267,233,4.428571428571429,C1,7
267,235,4.5,C1,8
267,264,3.4285714285714284,B2,7
268,62,2.142857142857143,A,7
268,64,2.2857142857142856,B1,7
268,65,1.2857142857142858,A,7
268,66,3.090909090909091,A,11
268,68,2.6666666666666665,B2,6
268,69,1.6,B1,5
268,71,1.8571428571428572,A,7
268,72,3.0,B2,24
268,73,2.7,B2,10
268,96,2.2,B1,5
268,269,3.272727272727273,B1,22
268,270,2.3333333333333335,A,15
268,272,3.4285714285714284,C2,7
268,273,1.5454545454545454,A,11
268,278,4.0,C1,5
268,280,1.3333333333333333,A,6
268,281,2.2,B1,5
268,301,2.0,A,23
268,302,2.3333333333333335,B1,9
268,320,1.2857142857142858,A,7
269,54,2.6666666666666665,B1,6
269,64,1.8333333333333333,A,6
269,65,1.2857142857142858,A,7
269,66,2.5,B2,6
269,68,1.8333333333333333,B1,6
269,71,1.8,A,5
269,268,3.25,B1,20
269,270,2.9565217391304346,C1,23
269,272,3.5714285714285716,B2,7
270,31,1.8,A,5
270,60,2.4,B1,5
270,64,2.5384615384615383,B1,13
270,66,2.076923076923077,B1,13
270,70,2.6,B2,5
270,268,2.4,A,15
270,269,2.9047619047619047,C1,21
270,303,2.0,A,8
272,72,2.8333333333333335,B2,6
272,73,2.8,B2,5
272,268,3.4285714285714284,C2,7
272,269,3.5714285714285716,B2,7
272,273,2.92,B2,25
272,274,3.9,B1,10
272,275,4.25,B2,8
272,280,2.6,B1,5
272,282,3.0,B2,5
272,301,2.5,B1,6
273,268,1.5,A,10
273,272,2.92,B2,25
273,274,3.642857142857143,C1,14
273,276,4.357142857142857,B2,14
273,277,3.1666666666666665,B2,6
274,272,3.9,B1,10
274,273,3.642857142857143,C1,14
274,275,2.761904761904762,B1,21
274,276,3.642857142857143,B2,14
274,277,3.4,B2,5
274,278,3.7777777777777777,B2,9
275,5,2.6,A,5
275,27,3.6,B2,5
275,59,2.857142857142857,C1,7
275,60,4.5,B2,6
275,272,4.25,B2,8
275,274,2.761904761904762,B1,21
275,276,3.7142857142857144,B2,7
276,273,4.4,B2,15
276,274,3.5384615384615383,B2,13
276,275,3.7142857142857144,B2,7
276,277,3.1,B1,10
276,278,4.625,C2,24
276,301,3.0,B1,7
276,463,5.0,C2,5
277,273,3.1666666666666665,B2,6
277,274,3.4,B2,5
277,276,2.9,B1,10
277,278,4.481481481481482,C1,27
277,282,1.8571428571428572,B1,7
278,58,4.0,B2,6
278,70,4.7,C1,10
278,73,4.5,B2,6
278,274,3.7777777777777777,B2,9
278,276,4.625,C2,24
278,277,4.5,C1,26
278,279,4.5,C2,36
278,281,5.5,C2,6
278,282,3.8333333333333335,B2,6
278,284,4.928571428571429,C1,14
278,285,5.0,C1,8
278,463,4.0,B2,14
279,278,4.709677419354839,C2,31
279,281,3.6,B2,5
279,282,3.8333333333333335,B2,6
279,284,4.2727272727272725,C1,11
279,303,3.5,B2,8
280,268,1.5714285714285714,A,7
280,272,2.6,B1,5
280,281,2.6,B2,10
280,282,2.7,B2,10
280,283,2.888888888888889,B1,9
280,284,3.5,B2,6
280,287,3.0,B2,9
280,290,4.0,C1,7
280,301,2.0,A,9
280,302,1.5,A,6
280,304,3.3333333333333335,B1,6
281,268,2.2,B1,5
281,278,4.5,B2,10
281,280,2.5,B1,10
281,282,3.4285714285714284,B2,7
281,283,3.0,C1,9
281,302,2.5714285714285716,B2,7
281,303,2.25,B2,8
282,272,3.0,B2,5
282,277,2.0,B1,8
282,278,3.5,B2,6
282,279,4.0,B2,5
282,280,2.727272727272727,B2,11
282,281,3.4285714285714284,B2,7
282,283,3.0833333333333335,B1,12
282,303,3.2,B1,5
283,280,2.888888888888889,B1,9
283,281,3.0,C1,9
283,282,3.0833333333333335,B1,12
283,301,2.2857142857142856,B1,7
284,278,4.846153846153846,C1,13
284,279,4.2727272727272725,C1,11
284,280,3.6,B2,5
284,285,3.8333333333333335,C1,6
285,278,5.0,C1,8
285,284,3.8333333333333335,C1,6
285,463,4.6923076923076925,C1,13
285,466,4.333333333333333,C1,6
285,467,5.0,C1,5
286,287,3.176470588235294,B2,17
286,301,3.4,C1,5
286,304,2.8,B1,5
286,307,4.833333333333333,C2,6
286,312,4.333333333333333,C2,6
287,280,3.0,B1,8
287,286,3.25,B2,16
287,288,2.789473684210526,B2,19
287,289,3.0,B2,12
287,290,3.0,B1,5
288,287,2.7777777777777777,B2,18
288,289,4.36,B2,25
288,291,3.5714285714285716,B2,35
288,298,4.5,C1,6
288,301,3.0,A,7
289,286,3.6,B1,5
289,287,3.090909090909091,B2,11
289,288,4.36,B2,25
289,290,3.6538461538461537,B2,26
289,291,3.823529411764706,C2,17
289,292,3.5,C1,6
289,293,3.888888888888889,C1,9
289,298,4.0,B2,6
290,82,3.8,B2,5
290,280,4.0,C1,7
290,287,3.0,B1,5
290,289,3.6296296296296298,B2,27
290,293,3.4,B2,5
290,303,4.0,C1,6
291,288,3.588235294117647,B2,34
291,289,4.071428571428571,C2,14
291,292,3.5,B2,6
291,293,4.3076923076923075,C1,13
291,294,4.4,B2,5
291,295,5.0,C2,6
291,296,4.0,C1,5
291,298,3.5833333333333335,B2,12
292,289,3.5,C1,6
292,291,3.5,B2,6
292,295,3.8,C1,5
293,289,3.888888888888889,C1,9
293,291,4.3076923076923075,C1,13
293,294,4.428571428571429,C2,7
294,291,4.4,B2,5
294,293,4.428571428571429,C2,7
294,295,3.6666666666666665,B2,9
295,291,5.0,C2,6
295,292,3.8,C1,5
295,294,3.6666666666666665,B2,9
295,296,3.5454545454545454,C1,11
296,291,4.0,C1,5
296,295,3.5454545454545454,C1,11
297,298,2.357142857142857,B1,14
298,288,4.6,C2,5
298,289,3.625,B2,8
298,291,3.6666666666666665,B2,9
298,297,2.357142857142857,B1,14
298,299,4.0588235294117645,C1,17
298,301,4.2,C1,5
298,481,4.1,C1,10
299,298,4.0588235294117645,C1,17
299,481,4.2,C2,5
301,28,2.6,B1,5
301,66,2.6,A,5
301,70,1.8333333333333333,A,6
301,72,2.0,A,15
301,73,2.857142857142857,B2,7
301,80,2.8,B2,5
301,88,2.8333333333333335,B2,6
301,268,1.9230769230769231,A,26
301,272,2.7142857142857144,B1,7
301,276,3.0,B1,6
301,280,2.0,A,9
301,283,2.3333333333333335,B1,6
301,288,3.0,A,8
301,298,4.2,C1,5
301,302,1.5909090909090908,A,22
301,303,2.533333333333333,B1,15
301,304,2.823529411764706,B2,17
301,305,3.0,A,11
301,306,3.7142857142857144,B2,7
301,316,4.222222222222222,C1,9
301,320,1.4,A,5
301,321,2.8125,B1,16
301,322,2.3333333333333335,B1,12
301,323,2.1666666666666665,B1,6
301,326,4.4,C1,5
301,328,2.0,B1,9
301,329,3.3333333333333335,C1,6
301,476,3.8,B2,5
302,64,1.6666666666666667,B1,6
302,71,1.6,B1,5
302,72,1.6,A,5
302,73,2.25,B1,8
302,268,2.3333333333333335,B1,9
302,280,1.5,A,6
302,281,2.5714285714285716,B2,7
302,301,1.6521739130434783,A,23
302,303,1.75,B1,8
302,304,2.8,A,10
303,79,2.6,B2,5
303,270,1.6666666666666667,A,6
303,279,3.5714285714285716,B2,7
303,281,2.25,B2,8
303,282,3.2,B1,5
303,286,4.0,C1,5
303,290,4.0,C1,6
303,301,2.25,B1,16
303,302,1.75,B1,8
303,304,3.0,B2,33
303,305,3.4,B2,5
303,306,4.0,C1,5
303,309,4.571428571428571,C2,7
303,310,4.666666666666667,C1,6
303,322,3.5,B2,8
303,323,2.5,A,6
303,476,3.888888888888889,C1,9
304,64,2.8,B2,5
304,280,3.3333333333333335,B1,6
304,286,2.8,B1,5
304,301,2.7777777777777777,B1,18
304,302,2.5555555555555554,A,9
304,303,2.967741935483871,B2,31
304,306,3.7142857142857144,B2,7
304,316,4.285714285714286,C1,7
305,64,3.0,B1,5
305,301,3.0833333333333335,A,12
305,303,3.4,B2,5
305,306,4.111111111111111,C1,9
305,307,4.6,C2,5
305,313,3.5,B1,8
305,322,3.0,A,12
305,324,3.6666666666666665,B2,9
306,301,3.7777777777777777,C1,9
306,303,4.0,C1,6
306,304,3.6666666666666665,B2,6
306,305,4.0,C1,10
306,307,3.375,B2,8
306,309,4.0,B2,5
306,312,3.8461538461538463,B2,13
306,313,4.6875,C2,16
306,314,4.285714285714286,C2,7
306,315,4.0,C1,5
306,316,4.6,C1,5
306,322,2.6,B1,5
307,286,4.833333333333333,C2,6
307,305,4.6,C2,5
307,306,3.5,B2,6
307,312,4.7272727272727275,C2,11
308,309,4.538461538461538,C2,13
308,312,4.25,C1,12
308,476,4.4,C2,5
309,303,4.666666666666667,C1,6
309,306,4.0,B2,5
309,308,4.538461538461538,C2,13
309,312,5.0,C2,7
310,73,4.2,C2,5
310,303,4.666666666666667,C1,6
310,311,4.6,C2,15
310,312,4.166666666666667,C2,6
310,315,3.823529411764706,B2,17
311,310,4.571428571428571,C2,14
311,312,4.714285714285714,C2,7
311,314,4.625,C2,8
311,315,5.0,C2,6
312,286,4.333333333333333,C2,6
312,306,3.75,B2,12
312,307,4.7272727272727275,C2,11
312,308,4.25,C1,12
312,309,5.0,C1,6
312,310,4.166666666666667,C2,6
312,311,4.714285714285714,C2,7
312,476,3.2,B2,5
313,305,3.7142857142857144,C2,7
313,306,4.764705882352941,C2,17
313,314,4.454545454545454,C1,11
313,315,3.625,B2,8
313,316,4.066666666666666,C1,15
313,324,4.333333333333333,C1,9
313,326,2.8,B1,5
314,306,4.285714285714286,C2,7
314,311,4.625,C2,8
314,313,4.333333333333333,C1,12
314,315,4.923076923076923,D-E,13
315,306,4.0,C1,5
315,310,3.823529411764706,B2,17
315,311,5.0,C2,6
315,313,3.6666666666666665,B2,9
315,314,4.923076923076923,D-E,13
315,316,4.35,C1,20
315,476,4.375,C1,8
316,301,4.444444444444445,C1,9
316,304,4.285714285714286,C1,7
316,305,3.6,C1,5
316,313,4.142857142857143,C1,14
316,315,4.285714285714286,C1,21
316,324,3.75,C2,8
316,325,4.8,C2,20
316,471,4.2,C1,5
316,474,4.2,C2,5
317,81,1.6,B1,5
317,82,2.1666666666666665,B1,6
317,318,2.4444444444444446,B2,9
317,320,1.8695652173913044,A,23
317,321,3.0,A,5
317,330,2.375,B1,16
317,342,2.2857142857142856,A,14
318,68,1.5,A,10
318,69,1.0,A,7
318,73,1.0,A,6
318,79,1.5714285714285714,A,7
318,81,1.0,A,16
318,95,1.0,A,5
318,317,2.1818181818181817,A,11
318,319,2.25,A,8
318,320,1.0,A,12
318,323,1.75,A,8
318,328,1.5833333333333333,A,12
318,341,1.8333333333333333,A,6
319,68,2.0,A,6
319,73,3.2857142857142856,C2,7
319,81,2.6,B2,5
319,268,3.0,B2,6
319,318,1.9090909090909092,A,11
319,320,1.3571428571428572,A,14
319,321,4.5,C1,8
319,323,2.5,B2,8
319,330,2.8,B2,5
320,29,1.3333333333333333,A,6
320,68,1.5,A,6
320,70,1.0,A,7
320,77,1.2,A,5
320,81,1.3928571428571428,A,28
320,97,1.8,A,5
320,268,1.4,A,5
320,301,1.4,A,5
320,317,1.8636363636363635,A,22
320,318,1.0,A,9
320,319,1.2777777777777777,A,18
320,321,3.869565217391304,C1,23
320,322,1.6666666666666667,A,9
320,323,1.1904761904761905,A,21
320,328,1.5384615384615385,A,26
320,330,2.111111111111111,A,18
320,342,1.6,B1,5
320,343,1.0,A,9
321,68,4.285714285714286,C2,7
321,82,3.2857142857142856,A,7
321,301,3.1333333333333333,B1,15
321,317,3.0,A,5
321,319,4.571428571428571,C1,7
321,320,3.869565217391304,C1,23
321,322,3.189189189189189,A,37
321,323,4.0,C2,13
321,328,4.333333333333333,C2,6
321,330,4.666666666666667,C2,9
322,64,2.6,B2,5
322,73,2.0,A,12
322,301,2.230769230769231,B1,13
322,303,3.5714285714285716,B2,7
322,305,2.6,A,15
322,306,2.6,B1,5
322,320,1.5454545454545454,A,11
322,321,3.25,A,36
322,323,1.7272727272727273,A,33
322,329,2.2,B1,5
322,330,2.125,B2,8
323,27,1.6666666666666667,A,6
323,65,1.2,A,5
323,68,1.4,A,5
323,73,2.3846153846153846,B1,13
323,81,1.4,A,5
323,82,1.4,A,5
323,301,2.1666666666666665,B1,6
323,303,2.5714285714285716,A,7
323,318,1.75,A,8
323,319,2.8181818181818183,B2,11
323,320,1.1904761904761905,A,21
323,321,4.076923076923077,C2,13
323,322,1.7272727272727273,A,33
323,324,3.0,B1,5
323,328,2.0,B1,10
323,329,1.7272727272727273,A,11
323,330,1.8,A,5
324,305,3.75,B2,8
324,313,4.333333333333333,C1,9
324,316,3.75,C2,8
324,323,3.0,B1,5
324,325,3.4,B2,5
324,326,3.5217391304347827,C2,23
325,316,4.809523809523809,C2,21
325,324,3.4,B2,5
325,326,3.3333333333333335,B1,6
326,301,4.4,C1,5
326,313,2.8,B1,5
326,324,3.52,C2,25
326,325,3.8333333333333335,C1,6
326,327,4.222222222222222,C2,18
326,329,3.0,B1,5
326,330,2.5,B2,6
327,323,4.4,C2,5
327,326,4.222222222222222,C2,18
327,468,3.0,B2,5
328,72,1.2,A,5
328,73,2.2,B2,5
328,81,2.25,A,8
328,82,2.3333333333333335,B2,6
328,301,2.0,B1,9
328,318,1.5833333333333333,A,12
328,320,1.56,A,25
328,321,4.333333333333333,C2,6
328,323,2.0,B1,11
328,329,2.1666666666666665,B1,18
328,330,2.5,A,18
329,301,3.3333333333333335,C1,6
329,322,2.0,A,6
329,323,1.7,A,10
329,326,3.0,B1,6
329,328,2.1578947368421053,B1,19
329,330,3.3846153846153846,B2,13
329,468,1.5714285714285714,A,7
329,473,4.0,B1,5
330,81,1.8333333333333333,A,6
330,317,2.2666666666666666,B1,15
330,319,2.8,B2,5
330,320,1.8888888888888888,A,18
330,321,4.0,C2,12
330,322,2.5,B2,6
330,323,1.8,A,5
330,326,2.5,B2,6
330,328,2.6875,B1,16
330,329,3.3076923076923075,B2,13
330,342,2.8,B2,10
331,343,5.142857142857143,D-E,7
332,333,4.5,C2,6
332,337,4.0,C1,5
332,468,3.125,B2,8
333,80,4.6,C2,5
333,332,4.5,C2,6
333,334,3.375,C2,8
333,468,2.8461538461538463,C1,13
334,333,3.375,C2,8
335,336,3.5,B1,8
335,337,3.7142857142857144,C1,7
335,338,1.6,A,5
335,340,4.0,B2,10
336,331,2.375,B1,8
336,335,3.5,B1,8
336,337,3.3636363636363638,B2,11
336,340,2.2,B2,5
336,343,4.3,C2,10
337,79,3.6,C1,5
337,335,3.7142857142857144,C1,7
337,336,3.5,B2,12
337,338,1.6,A,10
337,339,3.0,B2,6
337,500,3.0,B2,11
337,501,3.125,B2,8
338,335,1.6,A,5
338,337,1.8333333333333333,A,6
338,339,3.1666666666666665,C1,24
338,340,2.2222222222222223,B2,9
339,80,2.5,B2,6
339,338,3.3333333333333335,C1,24
339,340,2.2,A,5
339,500,3.6666666666666665,B2,9
340,30,1.8333333333333333,B1,6
340,32,2.8,B1,5
340,80,2.6666666666666665,B2,9
340,81,2.0,A,5
340,82,1.8,A,5
340,83,2.375,A,8
340,97,1.0,A,12
340,103,1.2,A,5
340,335,4.0,B2,10
340,336,2.2,B2,5
340,338,2.125,B2,8
340,341,2.2,B2,25
340,342,2.8333333333333335,C1,6
340,343,1.4,A,5
341,80,2.0,A,5
341,82,2.4444444444444446,B1,9
341,340,2.1666666666666665,B2,24
341,342,3.2142857142857144,B2,14
342,82,2.8,B1,5
342,317,2.3529411764705883,B2,17
342,322,1.0,A,5
342,330,2.7777777777777777,B2,9
342,336,4.666666666666667,C2,6
342,340,2.8333333333333335,C1,6
342,341,2.9166666666666665,B2,12
342,343,3.8181818181818183,C1,11
343,320,1.0,A,9
343,331,5.142857142857143,D-E,7
343,336,4.0,C1,7
343,340,1.4,A,5
343,342,4.071428571428571,C1,14
344,345,2.225,B2,40
344,360,4.6,C2,5
345,119,2.6363636363636362,B2,11
345,344,2.225,B2,40
345,346,3.9310344827586206,C2,29
345,352,3.6,C1,5
345,356,3.2,A,5
346,345,3.9310344827586206,C2,29
346,351,4.428571428571429,C2,7
348,349,3.857142857142857,C1,49
348,352,3.142857142857143,B2,7
348,357,4.3076923076923075,C1,13
348,526,4.1875,C1,16
349,348,3.86,C1,50
351,346,4.428571428571429,C2,7
351,352,3.909090909090909,B2,22
351,356,4.285714285714286,C1,7
351,357,4.0,C1,11
352,345,3.6,C1,5
352,348,3.2,B2,5
352,351,3.909090909090909,B2,22
352,357,4.25,C1,8
356,345,3.2,A,5
356,351,4.285714285714286,C1,7
356,357,4.645161290322581,C2,31
356,358,4.625,C2,8
357,348,4.3076923076923075,C1,13
357,351,4.0,C1,13
357,352,4.25,C1,8
357,356,4.575757575757576,C2,33
357,358,4.7272727272727275,C2,22
358,356,4.444444444444445,C2,9
358,357,4.7272727272727275,C2,22
359,360,2.4166666666666665,A,12
359,361,4.090909090909091,C1,22
359,362,4.333333333333333,C2,21
360,128,2.6,B2,5
360,344,4.6,C2,5
360,359,2.4166666666666665,A,12
361,359,4.090909090909091,C1,22
361,362,4.32258064516129,C1,31
362,359,4.333333333333333,C2,21
362,361,4.32258064516129,C1,31
363,364,2.875,B2,24
363,366,3.7142857142857144,B2,7
363,367,3.6,B2,15
363,368,3.1333333333333333,B2,15
363,369,3.4615384615384617,C1,13
363,370,3.75,C1,8
363,371,3.8666666666666667,C2,15
363,372,4.285714285714286,B2,7
363,376,4.5,C1,10
363,378,4.375,C2,8
363,379,4.0,C1,10
363,383,4.166666666666667,C1,6
363,384,4.9,C2,10
364,363,2.875,B2,24
364,365,4.25,C2,8
364,366,3.676470588235294,B2,34
364,367,2.7142857142857144,B1,7
364,368,3.7777777777777777,B2,9
364,371,3.75,B2,8
364,372,3.769230769230769,B2,13
364,373,4.166666666666667,C1,12
364,374,4.2,C1,10
364,375,4.6,C2,5
364,376,4.0,B2,5
364,378,4.428571428571429,C2,7
364,380,4.333333333333333,C2,6
364,381,4.181818181818182,C1,11
364,385,4.4,C1,5
365,364,4.111111111111111,C2,9
365,366,3.3333333333333335,B2,6
365,367,4.333333333333333,C2,6
365,368,4.285714285714286,C2,7
365,371,3.8,C1,5
365,373,3.8333333333333335,B2,6
365,376,4.3076923076923075,C1,13
365,378,5.0,C2,13
365,379,4.568181818181818,C2,44
366,363,3.7142857142857144,B2,7
366,364,3.6857142857142855,C1,35
366,365,3.3333333333333335,B2,6
366,373,3.375,B2,8
367,363,3.642857142857143,B2,14
367,364,2.75,B2,8
367,365,4.333333333333333,C2,6
367,368,3.6666666666666665,C1,15
367,369,4.066666666666666,C2,15
367,370,3.2857142857142856,B2,7
367,372,3.2,A,10
367,376,4.714285714285714,C1,7
367,381,4.777777777777778,C2,9
368,363,3.1333333333333333,B2,15
368,364,3.7777777777777777,B2,9
368,365,4.285714285714286,C2,7
368,367,3.6666666666666665,C1,15
368,369,4.5,C2,12
368,371,4.444444444444445,C1,9
368,372,3.6,C1,5
368,376,4.0,C1,5
369,363,3.4615384615384617,C1,13
369,367,4.066666666666666,C2,15
369,368,4.5,C2,12
369,370,3.3,C2,20
369,371,3.6666666666666665,B2,6
369,378,4.4,C1,5
370,155,4.571428571428571,C2,7
370,363,3.75,C1,8
370,367,3.3333333333333335,C1,6
370,369,3.5555555555555554,C2,18
370,371,3.2,A,20
370,376,4.428571428571429,C2,7
370,378,4.666666666666667,C1,6
371,363,3.875,C2,16
371,364,3.888888888888889,C2,9
371,365,3.8,C1,5
371,368,4.444444444444445,C1,9
371,369,3.0,B2,7
371,370,3.4444444444444446,B2,18
371,372,3.888888888888889,C2,9
371,380,3.1,C1,10
372,363,4.285714285714286,B2,7
372,364,3.769230769230769,B2,13
372,367,3.2,A,10
372,368,3.6,C1,5
372,371,3.888888888888889,C2,9
372,374,3.6,C2,5
372,381,4.181818181818182,C2,11
373,364,4.2727272727272725,C1,11
373,365,3.8333333333333335,B2,6
373,366,3.375,B2,8
373,374,4.2,C2,5
374,364,4.2,C1,10
374,372,3.6,C2,5
374,373,4.2,C2,5
374,375,4.166666666666667,C1,6
374,381,4.448275862068965,C2,29
374,383,3.7142857142857144,B2,7
375,364,4.6,C2,5
375,374,4.2,C1,5
375,377,3.4,B2,5
375,384,4.625,C2,8
376,363,4.5,C1,10
376,364,4.0,B2,5
376,365,4.3076923076923075,C1,13
376,367,4.714285714285714,C1,7
376,368,4.0,C1,5
376,370,4.428571428571429,C2,7
376,377,4.352941176470588,C2,17
376,378,4.625,C2,8
376,379,4.2727272727272725,C2,11
376,380,3.2857142857142856,C1,7
376,383,3.5,B2,6
377,375,3.4,B2,5
377,376,4.352941176470588,C2,17
377,378,4.666666666666667,C1,9
377,384,3.857142857142857,C1,7
377,385,4.05,C1,20
378,363,4.375,C2,8
378,364,4.5,C2,8
378,365,5.0,C2,14
378,370,4.666666666666667,C1,6
378,376,4.625,C2,8
378,377,4.75,C2,8
378,379,4.2,C2,30
378,401,4.0,C1,5
379,363,4.0,C1,10
379,365,4.5777777777777775,C2,45
379,376,4.2727272727272725,C2,11
379,378,4.133333333333334,C2,30
379,383,4.0,C1,8
380,364,4.333333333333333,C2,6
380,371,3.1,C1,10
380,376,3.2857142857142856,C1,7
381,364,4.181818181818182,C1,11
381,367,4.777777777777778,C2,9
381,372,4.181818181818182,C2,11
381,374,4.448275862068965,C2,29
383,363,4.166666666666667,C1,6
383,374,3.7142857142857144,B2,7
383,376,3.5,B2,6
383,379,4.0,C1,8
383,384,4.285714285714286,C1,7
384,363,4.9,C2,10
384,375,4.714285714285714,C2,7
384,377,3.7142857142857144,C1,7
384,383,4.375,C2,8
385,364,4.4,C1,5
385,377,4.05,C1,20
387,388,4.7272727272727275,C2,44
388,387,4.7272727272727275,C2,44
388,389,3.3703703703703702,C2,27
388,400,4.285714285714286,C2,7
388,401,3.4,C2,10
389,388,3.3703703703703702,C2,27
390,388,4.6,C2,5
390,391,4.275,C2,40
390,407,3.4,B1,5
391,390,4.275,C2,40
394,396,4.064516129032258,B2,31
394,397,3.5,B2,6
394,398,3.9,B2,10
394,403,3.3333333333333335,B2,6
396,204,4.166666666666667,C1,6
396,205,4.181818181818182,C1,11
396,394,4.0,B2,31
396,398,4.6,C2,5
396,403,5.0,C2,5
397,394,3.4285714285714284,B2,7
397,398,4.297297297297297,C2,37
397,404,4.0,B2,5
398,227,4.714285714285714,D-E,7
398,394,3.9,B2,10
398,396,4.333333333333333,B2,6
398,397,4.2105263157894735,C2,38
398,399,3.588235294117647,B2,17
398,400,3.888888888888889,B2,9
398,402,4.166666666666667,C1,6
398,403,3.909090909090909,C1,11
398,404,3.8125,C2,16
398,407,4.2,C1,5
399,205,4.571428571428571,C2,7
399,207,5.285714285714286,D-E,21
399,398,3.5,B2,20
399,400,4.219512195121951,C2,41
399,401,4.375,C1,16
399,402,4.375,C2,8
400,207,4.4,C1,5
400,388,4.0,C2,8
400,398,4.2,B2,5
400,399,4.108695652173913,C2,46
400,401,4.242424242424242,C1,33
400,402,4.528301886792453,C2,53
400,404,4.090909090909091,B2,11
401,378,4.0,C1,5
401,388,3.4,C2,10
401,399,4.294117647058823,C1,17
401,400,4.28125,C1,32
401,402,4.444444444444445,C1,36
402,398,4.166666666666667,C1,6
402,399,4.375,C2,8
402,400,4.528301886792453,C2,53
402,401,4.485714285714286,C1,35
402,403,4.055555555555555,C2,18
402,404,4.642857142857143,C2,14
402,405,4.5,C2,6
402,412,4.588235294117647,C1,17
403,169,4.0,C1,5
403,394,3.3333333333333335,B2,6
403,398,3.8333333333333335,C1,12
403,402,4.105263157894737,C2,19
403,404,4.238095238095238,C2,63
403,405,3.875,B2,8
403,406,3.4,B2,5
403,412,4.8,C2,5
404,398,3.6315789473684212,B2,19
404,400,3.8461538461538463,B2,13
404,402,4.642857142857143,C2,14
404,403,4.241935483870968,C2,62
404,405,4.25,C2,20
404,406,3.8181818181818183,B2,33
404,410,3.0,B1,6
404,411,4.3,C1,10
405,402,4.5,C2,6
405,403,3.875,B2,8
405,404,4.352941176470588,C2,17
405,406,4.333333333333333,C2,21
406,403,3.6,C1,5
406,404,3.8125,B2,32
406,405,4.4,C2,20
407,390,3.4,B1,5
407,398,4.2,C1,5
407,408,4.333333333333333,C1,18
407,409,3.74468085106383,B2,47
407,410,3.96875,C1,32
407,411,3.739130434782609,C2,23
407,412,5.0,C2,6
407,413,3.6153846153846154,B2,13
407,414,3.72,C1,25
407,415,3.92,C1,25
407,416,4.666666666666667,C2,6
407,418,4.333333333333333,C2,6
407,490,4.0,C1,6
408,407,4.2631578947368425,B2,19
408,409,4.071428571428571,C1,14
408,410,4.333333333333333,C1,12
408,411,4.0,C2,9
408,412,3.111111111111111,A,9
408,413,3.0,B2,12
408,415,4.181818181818182,C2,11
408,418,3.8333333333333335,B2,6
409,407,3.75,B2,44
409,408,4.0,C1,15
409,410,4.0,B2,14
409,411,4.111111111111111,B2,9
409,413,3.25,B2,8
409,414,4.0,B2,6
409,415,3.6666666666666665,B2,12
410,404,3.2,B1,5
410,407,3.96875,C1,32
410,408,4.454545454545454,C1,11
410,409,3.9375,B2,16
410,411,4.6,C2,15
410,412,4.857142857142857,D-E,7
410,413,3.6,B1,5
410,414,3.4,B2,5
410,415,4.333333333333333,C2,6
410,416,5.111111111111111,D-E,9
411,404,4.444444444444445,C1,9
411,407,3.5652173913043477,C2,23
411,408,4.0,C2,9
411,409,4.111111111111111,B2,9
411,410,4.6,C2,15
412,402,4.588235294117647,C1,17
412,403,4.8,C2,5
412,407,5.0,C2,6
412,408,3.111111111111111,A,9
412,410,4.857142857142857,D-E,7
413,407,3.6153846153846154,B2,13
413,408,3.0,B2,12
413,409,3.25,B2,8
413,410,3.6,B1,5
413,422,4.0,B2,6
414,407,3.72,C1,25
414,409,4.0,B2,6
414,410,3.4,B2,5
414,415,4.428571428571429,C2,7
415,407,3.888888888888889,C1,27
415,408,4.181818181818182,C2,11
415,409,3.727272727272727,B2,11
415,410,4.333333333333333,C2,6
415,414,4.428571428571429,C2,7
416,407,4.666666666666667,C2,6
416,410,5.111111111111111,D-E,9
418,407,4.333333333333333,C2,6
418,408,3.8333333333333335,B2,6
418,420,4.142857142857143,C1,7
420,418,4.142857142857143,C1,7
422,413,4.0,B2,6
424,425,3.1785714285714284,B1,28
424,426,2.4827586206896552,B2,29
424,427,3.032258064516129,C1,31
424,428,3.6363636363636362,B2,44
424,429,1.9166666666666667,A,12
424,456,2.7142857142857144,B2,7
425,424,3.28,B1,25
425,426,3.8275862068965516,C1,29
425,427,2.8125,C1,16
425,428,3.4,B2,15
425,429,2.8333333333333335,B2,6
425,433,2.125,A,8
425,454,2.6666666666666665,B1,6
426,424,2.6785714285714284,B2,28
426,425,3.7586206896551726,B2,29
426,427,3.8095238095238093,C1,21
426,428,2.3125,A,16
426,429,3.0,B2,8
426,432,5.0,C2,10
426,454,2.3,A,10
427,245,4.2,C1,5
427,424,2.838709677419355,B1,31
427,425,3.0,C1,16
427,426,4.0,C1,19
427,428,3.2857142857142856,B1,21
427,456,3.6,C1,5
428,424,3.738095238095238,B2,42
428,425,3.2857142857142856,B2,14
428,426,2.473684210526316,A,19
428,427,3.130434782608696,B1,23
428,429,2.6,B2,5
428,435,3.2,B2,5
428,443,3.7142857142857144,B2,7
428,444,5.6,D-E,5
429,424,1.9166666666666667,A,12
429,425,2.6666666666666665,B1,6
429,426,3.0,B2,9
429,428,2.6,B2,5
429,430,3.0,B2,25
429,431,3.5238095238095237,B2,42
429,432,3.6666666666666665,B1,15
429,433,2.48,A,25
429,434,3.5555555555555554,B2,18
429,435,3.3333333333333335,B2,15
429,436,3.625,B2,16
429,437,3.0714285714285716,B2,28
429,438,3.6875,B2,32
429,439,3.1875,C1,32
429,440,4.315789473684211,C1,19
429,442,3.3333333333333335,B1,6
429,443,3.611111111111111,C1,18
429,444,4.7272727272727275,C1,11
429,454,2.75,B2,8
429,455,2.4285714285714284,A,7
429,456,3.4,A,10
429,457,3.9,B2,10
429,462,4.428571428571429,C2,7
430,429,3.0,B2,25
430,439,2.7777777777777777,B1,9
431,429,3.5238095238095237,B2,42
431,432,3.6,B2,5
431,440,3.1666666666666665,B2,6
431,454,2.272727272727273,B1,11
431,455,2.25,A,8
432,426,5.0,C2,10
432,429,3.625,B2,16
432,431,3.6,B2,5
432,438,3.5,B2,6
432,454,3.5555555555555554,C1,9
433,425,2.125,A,8
433,429,2.4814814814814814,B2,27
433,434,3.2,B2,5
433,435,2.6,B1,5
433,439,2.8333333333333335,B1,6
434,429,3.6666666666666665,B2,18
434,433,3.2,B2,5
434,435,3.7,C1,10
434,436,3.5,C1,6
434,437,3.0,B2,7
434,438,3.2,B2,5
434,440,5.666666666666667,D-E,6
435,259,3.8181818181818183,B2,11
435,429,3.3125,C1,16
435,433,2.5,B1,6
435,434,3.7,C1,10
435,436,3.5714285714285716,C1,7
435,437,3.3333333333333335,C1,15
436,263,4.4,C2,5
436,429,3.6153846153846154,B2,13
436,433,3.8,C1,5
436,434,3.4285714285714284,C1,7
436,435,3.4285714285714284,C1,7
436,437,3.7142857142857144,B2,7
437,429,3.0714285714285716,B2,28
437,434,3.0,B2,7
437,435,3.4285714285714284,C1,14
437,436,3.7142857142857144,B2,7
437,442,4.166666666666667,C2,12
438,429,3.727272727272727,B2,33
438,432,3.5,B2,6
438,434,3.2,B2,5
438,439,3.142857142857143,B1,14
438,440,3.4210526315789473,C1,19
438,442,3.8333333333333335,B2,6
438,443,3.6875,B2,16
438,447,2.857142857142857,B2,7
439,429,3.1875,C1,32
439,430,2.7777777777777777,B1,9
439,433,2.8333333333333335,B1,6
439,438,3.0,B1,13
439,440,4.090909090909091,B2,11
439,444,3.2,B2,5
439,455,2.857142857142857,B2,7
439,457,4.2,C1,5
440,429,4.315789473684211,C1,19
440,431,3.1666666666666665,B2,6
440,434,5.666666666666667,D-E,6
440,438,3.4,C1,20
440,439,4.090909090909091,B2,11
440,441,4.285714285714286,C1,7
440,442,4.285714285714286,B2,7
441,440,4.285714285714286,C1,7
441,447,4.7,C2,10
441,451,5.0,C2,10
442,429,3.2857142857142856,B2,7
442,437,4.166666666666667,C2,12
442,438,3.4545454545454546,B2,11
442,440,4.285714285714286,B2,7
442,443,3.5142857142857142,B2,35
442,444,4.171428571428572,C1,35
442,445,3.875,C1,8
442,446,4.333333333333333,C2,6
443,428,3.7142857142857144,B2,7
443,429,3.611111111111111,C1,18
443,438,3.7333333333333334,B2,15
443,442,3.4864864864864864,B2,37
443,444,4.193548387096774,C1,62
443,445,4.184210526315789,B2,38
443,446,4.166666666666667,C2,12
443,447,4.0,C1,17
444,428,5.6,D-E,5
444,429,4.7272727272727275,C1,11
444,439,3.2,B2,5
444,442,4.138888888888889,C1,36
444,443,4.222222222222222,C1,63
444,445,3.75,B2,12
444,446,4.125,B2,8
445,442,3.875,C1,8
445,443,4.170731707317073,B2,41
445,444,3.75,B2,12
445,446,4.533333333333333,C1,15
446,442,4.4,C2,5
446,443,4.166666666666667,C2,12
446,444,4.333333333333333,B2,9
446,445,4.533333333333333,C1,15
447,438,2.8333333333333335,B2,6
447,441,4.7,C2,10
447,443,4.0,C1,17
447,448,3.7,C2,40
447,449,4.318181818181818,C2,22
447,450,3.933333333333333,C1,15
447,451,4.142857142857143,C1,14
448,447,3.58974358974359,C2,39
448,449,4.0,C1,8
449,447,4.454545454545454,C2,22
449,448,3.7777777777777777,C1,9
450,447,3.933333333333333,C1,15
450,451,4.378378378378378,C2,37
451,441,5.0,C2,10
451,447,4.076923076923077,C1,13
451,450,4.378378378378378,C2,37
452,453,2.75,B2,8
452,455,3.111111111111111,C1,18
452,456,3.103448275862069,B2,29
452,457,3.7333333333333334,B2,15
452,458,3.4545454545454546,B2,22
452,459,3.272727272727273,B2,11
452,460,2.8,B1,5
452,462,3.9210526315789473,C1,38
453,452,2.6,B2,10
453,454,2.5454545454545454,B2,11
453,455,3.3333333333333335,C1,9
453,456,3.090909090909091,A,11
453,457,3.4285714285714284,B2,7
453,458,3.8,B2,5
453,463,2.7142857142857144,A,7
453,464,3.75,B2,16
453,465,3.5,B2,12
454,425,2.6666666666666665,B1,6
454,426,2.3,A,10
454,429,2.7142857142857144,B2,7
454,431,2.3,B1,10
454,432,3.4444444444444446,B2,9
454,452,2.6666666666666665,B2,6
454,453,2.6666666666666665,B2,9
454,455,2.857142857142857,B2,21
454,456,2.8,B2,20
454,457,3.3846153846153846,B2,13
454,458,3.3333333333333335,B2,9
454,462,3.5,B1,8
454,463,3.2,B2,5
454,464,2.6,B2,5
455,429,2.2222222222222223,A,9
455,431,2.25,A,8
455,439,2.857142857142857,B2,7
455,452,3.142857142857143,C1,14
455,453,3.2,C1,10
455,454,3.0,B2,17
455,456,2.8484848484848486,C1,33
455,457,3.1875,B2,16
455,458,2.6666666666666665,B2,12
455,459,3.0,B2,5
455,462,4.0,C1,15
456,424,2.6,B1,5
456,426,2.8,B1,5
456,429,3.6,B2,10
456,452,3.272727272727273,B2,22
456,453,2.9166666666666665,A,12
456,454,2.782608695652174,B2,23
456,455,2.8125,A,32
456,457,3.5473684210526315,B2,95
456,458,3.44,C1,25
456,459,4.368421052631579,C2,19
456,460,4.090909090909091,C1,11
456,462,4.136363636363637,C1,22
456,463,3.6,C1,5
456,465,3.625,B2,8
457,424,2.4,A,5
457,429,3.8181818181818183,B2,11
457,439,4.166666666666667,C1,6
457,452,3.764705882352941,B2,17
457,453,3.5,B2,6
457,454,3.3846153846153846,B2,13
457,455,3.1666666666666665,B2,18
457,456,3.5319148936170213,B2,94
457,458,3.6666666666666665,C1,18
457,459,4.066666666666666,B2,30
457,462,3.5714285714285716,B2,7
458,452,3.5,B2,20
458,453,3.8,B2,5
458,454,3.4545454545454546,B2,11
458,455,2.769230769230769,B2,13
458,456,3.5217391304347827,C1,23
458,457,3.3529411764705883,C1,17
458,459,3.375,C1,8
458,462,3.945945945945946,C2,37
459,452,3.1818181818181817,B2,11
459,455,3.4,B2,5
459,456,4.2631578947368425,C2,19
459,457,4.066666666666666,B2,30
459,458,3.5,C1,8
459,462,4.0,C1,7
460,452,2.8,B1,5
460,456,4.083333333333333,C1,12
462,429,4.428571428571429,C2,7
462,452,3.9,C1,40
462,454,3.3333333333333335,B1,6
462,455,4.142857142857143,C1,14
462,456,4.157894736842105,C1,19
462,457,3.6,B2,10
462,458,3.9722222222222223,C2,36
462,459,4.0,C1,7
462,464,4.4,C1,5
462,465,4.2727272727272725,C1,11
462,467,4.0,C1,6
463,278,3.933333333333333,B2,15
463,285,4.6923076923076925,C1,13
463,453,2.875,A,8
463,454,3.3333333333333335,B2,6
463,456,3.6,C1,5
463,464,4.166666666666667,C1,30
463,465,3.7777777777777777,C2,9
463,466,4.416666666666667,C2,24
463,467,3.772727272727273,B2,22
464,452,5.0,C2,5
464,453,3.764705882352941,B2,17
464,454,2.6,B2,5
464,463,4.071428571428571,C1,28
464,465,4.733333333333333,D-E,15
465,452,4.0,C1,6
465,453,3.5,B2,12
465,456,3.625,B2,8
465,462,4.2727272727272725,C1,11
465,463,4.181818181818182,C2,11
465,464,4.5,B2,12
465,466,3.5,B2,10
465,467,3.8461538461538463,B2,13
466,285,4.333333333333333,C1,6
466,463,4.5,C2,22
466,464,4.166666666666667,C2,6
466,465,3.5,B2,10
466,467,4.285714285714286,C2,14
467,462,4.0,C1,6
467,463,3.7916666666666665,B2,24
467,465,3.8461538461538463,B2,13
467,466,4.416666666666667,C2,12
468,327,3.0,B2,6
468,329,1.6666666666666667,A,6
468,332,3.125,B2,8
468,333,2.8461538461538463,C1,13
468,469,4.133333333333334,C1,15
468,470,3.3636363636363638,C1,11
468,471,3.5555555555555554,C2,9
468,473,3.2,B2,10
468,474,4.571428571428571,C2,7
469,468,4.133333333333334,C1,15
469,470,4.086956521739131,C2,23
470,468,3.3636363636363638,C1,11
470,469,4.086956521739131,C2,23
470,471,4.125,B2,8
470,474,4.4,C2,5
471,316,4.2,C1,5
471,468,3.857142857142857,C2,7
471,470,4.125,B2,8
471,475,4.4,C1,5
472,471,4.166666666666667,C2,6
472,473,4.052631578947368,B2,19
472,474,4.166666666666667,C1,6
473,313,4.4,C1,5
473,329,4.166666666666667,C2,6
473,468,3.0,B2,6
473,472,4.052631578947368,B2,19
473,474,4.153846153846154,C1,13
474,468,4.571428571428571,C2,7
474,470,4.4,C2,5
474,472,4.166666666666667,C1,6
474,473,4.153846153846154,C1,13
474,475,2.7222222222222223,A,18
474,476,3.8,C1,5
474,478,4.25,C1,8
474,519,4.333333333333333,C1,6
475,471,4.4,C1,5
475,474,2.7222222222222223,A,18
475,478,3.4,C2,10
476,301,3.6666666666666665,B2,6
476,303,4.0,C1,8
476,308,4.4,C2,5
476,312,3.2,B2,5
476,313,3.8,B2,5
476,315,4.5,C1,10
476,474,3.8,C1,5
476,477,4.0588235294117645,C2,17
476,478,4.375,C1,8
476,479,3.857142857142857,C1,7
476,480,3.6,C2,5
477,476,4.0588235294117645,C2,17
477,478,4.384615384615385,C1,13
478,474,4.25,C1,8
478,475,3.4,C2,10
478,476,4.375,C1,8
478,477,4.384615384615385,C1,13
478,519,4.166666666666667,C1,6
479,476,3.8333333333333335,C1,6
479,483,3.5714285714285716,B2,7
480,476,3.6,C2,5
480,481,4.0,B2,25
480,482,4.208333333333333,C1,24
481,298,4.125,C1,8
481,299,4.2,C2,5
481,480,4.038461538461538,B2,26
482,480,4.208333333333333,C1,24
483,479,3.625,B2,8
486,487,3.5,B2,10
486,488,3.111111111111111,B2,9
486,490,3.6666666666666665,B2,9
486,491,3.769230769230769,C1,13
486,492,3.4285714285714284,B1,35
486,493,3.2,A,20
486,494,3.4285714285714284,B2,7
486,507,3.75,C1,8
486,514,3.8461538461538463,C1,13
486,515,3.1,C1,10
486,526,3.0526315789473686,B1,19
487,486,3.3636363636363638,B2,11
487,488,1.85,A,20
487,494,4.142857142857143,C1,7
487,499,1.5714285714285714,A,7
487,507,3.6363636363636362,B2,11
487,509,4.642857142857143,C2,14
487,515,2.2,A,5
487,526,1.2702702702702702,A,37
488,486,3.2222222222222223,B2,9
488,487,1.9444444444444444,A,18
488,490,3.75,B2,8
488,491,4.5,B2,6
488,492,3.2,B2,10
488,493,2.2222222222222223,A,9
488,494,4.5,C2,12
488,497,3.875,C1,8
488,507,4.444444444444445,C1,9
488,509,3.8,C1,5
488,514,3.6,C1,5
488,515,3.0,A,5
488,524,4.666666666666667,C2,6
488,526,1.7619047619047619,A,21
489,491,3.2,B2,5
490,407,4.0,C1,6
490,486,3.7,B2,10
490,488,3.75,B2,8
490,491,3.3846153846153846,B2,13
490,494,4.857142857142857,D-E,7
490,515,4.333333333333333,C1,27
490,526,4.6,C1,5
491,486,3.642857142857143,C1,14
491,488,4.5,B2,6
491,490,3.3846153846153846,B2,13
491,492,3.142857142857143,B2,7
491,493,4.6,C2,5
491,514,3.25,B2,8
491,515,3.375,C1,8
491,525,4.714285714285714,C2,7
492,486,3.657142857142857,C1,35
492,488,3.111111111111111,B2,9
492,489,3.3333333333333335,B2,6
492,491,3.2,B2,5
492,513,5.0,C1,9
492,514,4.2,C1,5
493,486,3.2,A,20
493,488,2.0,A,9
493,491,4.6,C2,5
493,513,5.2,C2,5
493,514,5.2,D-E,5
493,526,1.75,A,16
494,486,3.4285714285714284,B2,7
494,487,4.142857142857143,C1,7
494,488,4.5,C2,12
494,490,4.857142857142857,D-E,7
494,495,4.3125,C2,32
494,496,3.7777777777777777,C1,9
494,498,4.631578947368421,C1,19
494,499,4.0,C2,6
494,526,4.833333333333333,C2,6
495,494,4.3125,C2,32
495,496,4.857142857142857,C2,14
495,497,3.375,B2,8
495,498,3.8333333333333335,C1,6
495,499,4.2,C2,10
495,506,3.4444444444444446,B2,9
495,514,3.0,B2,5
495,526,3.4,B2,5
496,494,3.7777777777777777,C1,9
496,495,4.857142857142857,C2,14
496,497,3.8333333333333335,B2,12
496,498,4.214285714285714,C2,14
497,488,4.0,C1,7
497,495,4.0,B2,5
497,496,3.857142857142857,C1,14
497,498,3.7142857142857144,B2,7
497,499,4.111111111111111,C1,9
497,502,3.4285714285714284,B2,7
497,516,3.5,B2,6
498,494,4.631578947368421,C1,19
498,495,3.8333333333333335,C1,6
498,496,4.153846153846154,C2,13
498,497,4.0,C1,7
498,516,1.625,A,16
499,487,1.5714285714285714,A,7
499,494,4.0,C2,6
499,495,4.2,C2,10
499,497,4.142857142857143,C1,7
499,500,2.7,B1,20
499,501,3.25,B2,8
499,502,3.388888888888889,C1,36
499,503,3.8333333333333335,C1,6
499,504,3.5454545454545454,B2,11
499,505,3.5789473684210527,B2,19
499,506,3.875,C1,8
499,507,4.238095238095238,C1,21
499,508,4.166666666666667,B2,12
499,509,4.068965517241379,C1,29
499,510,5.0,C2,5
499,511,3.9,C2,10
499,512,4.818181818181818,C2,11
500,337,2.9285714285714284,B2,14
500,339,4.333333333333333,C2,6
500,499,2.727272727272727,B1,22
500,501,2.4375,B2,16
500,502,2.75,B2,12
500,504,3.857142857142857,C1,7
500,505,3.3636363636363638,C1,11
500,506,3.5,B2,6
500,507,4.111111111111111,C1,9
500,509,3.6666666666666665,B2,18
500,511,3.375,B2,8
500,512,3.4,B2,5
501,337,3.125,B2,8
501,499,3.3333333333333335,B2,6
501,500,2.5,B2,18
501,502,3.076923076923077,B2,13
502,66,2.0,B1,11
502,339,2.4,A,5
502,495,3.3333333333333335,B2,6
502,497,4.0,B2,8
502,499,3.3529411764705883,C1,34
502,500,3.1,B2,10
502,501,3.076923076923077,B2,13
502,503,3.5,B2,6
502,504,4.0,C1,6
502,505,3.3333333333333335,B2,21
502,506,3.4285714285714284,B2,14
502,507,3.7777777777777777,C1,9
502,509,4.2,C1,5
502,510,3.8333333333333335,C1,6
503,499,3.8333333333333335,C1,6
503,502,3.5,B2,6
503,504,3.7333333333333334,C1,15
503,505,3.4285714285714284,B2,7
504,499,3.5454545454545454,B2,11
504,500,3.857142857142857,C1,7
504,502,4.0,C1,6
504,503,3.7857142857142856,C1,14
504,505,3.2222222222222223,B2,9
505,341,3.2,B2,5
505,499,3.6470588235294117,C1,17
505,500,3.3,C1,10
505,502,3.3333333333333335,B2,21
505,503,3.375,B2,8
505,504,3.2222222222222223,B2,9
505,506,3.8333333333333335,C1,6
505,509,3.8333333333333335,B2,6
506,495,3.4444444444444446,B2,9
506,499,3.6666666666666665,C1,9
506,500,3.5,B2,6
506,502,3.4285714285714284,B2,14
506,505,3.8333333333333335,C1,6
507,486,3.75,C1,8
507,487,3.6666666666666665,C1,12
507,488,4.3,C1,10
507,499,4.285714285714286,C1,21
507,500,4.25,C1,8
507,502,3.7777777777777777,C1,9
507,508,4.428571428571429,C1,7
507,509,3.6363636363636362,B2,22
507,510,4.2,C2,5
508,107,3.3333333333333335,C1,6
508,499,4.166666666666667,B2,12
508,507,4.428571428571429,C1,7
508,510,4.0,C1,5
509,73,3.4,B2,5
509,106,4.285714285714286,C2,7
509,487,4.5625,C1,16
509,488,3.8,C1,5
509,495,2.5,B1,6
509,499,4.142857142857143,C1,28
509,500,3.6315789473684212,B2,19
509,502,4.2,C1,5
509,505,3.8333333333333335,B2,6
509,507,3.6666666666666665,B2,21
509,510,3.9375,B2,16
509,512,4.428571428571429,C2,28
510,502,3.8333333333333335,C1,6
510,507,4.2,C2,5
510,508,4.0,C1,5
510,509,3.9375,B2,16
510,511,4.315789473684211,C1,19
510,512,4.0625,C2,16
511,100,4.0,B2,5
511,105,2.4,A,5
511,108,4.111111111111111,C1,9
511,113,4.0,C1,17
511,499,3.9,C2,10
511,500,3.4444444444444446,B2,9
511,508,3.2,B1,5
511,510,4.35,C1,20
512,499,4.75,C1,12
512,500,3.4,B2,5
512,509,4.444444444444445,C2,27
512,510,4.055555555555555,C2,18
513,492,5.0,C1,9
513,493,5.2,C2,5
513,514,4.12,B2,25
513,515,3.64,C1,25
514,486,3.25,C1,12
514,488,3.8333333333333335,C1,6
514,491,3.25,B2,8
514,492,4.428571428571429,C1,7
514,493,5.0,C1,6
514,495,3.0,B2,5
514,513,4.12,B2,25
514,515,3.909090909090909,C1,22
514,524,3.8461538461538463,B2,13
514,525,3.5,B2,8
515,486,3.2222222222222223,C1,9
515,487,2.1666666666666665,B1,6
515,488,3.3333333333333335,C2,6
515,490,4.285714285714286,C1,28
515,491,3.375,C1,8
515,513,3.6666666666666665,C1,24
515,514,3.909090909090909,C1,22
516,497,3.375,B2,8
516,498,1.5333333333333334,A,15
516,517,3.7777777777777777,B2,9
516,518,3.6363636363636362,C1,22
516,522,3.3333333333333335,B2,6
517,516,3.7777777777777777,B2,9
517,518,3.5306122448979593,C1,49
518,105,4.0,C1,5
518,516,3.608695652173913,C1,23
518,517,3.5306122448979593,C1,49
518,521,4.5625,C1,16
518,522,3.5555555555555554,C1,9
518,523,1.9545454545454546,B1,22
519,474,4.333333333333333,C1,6
519,478,4.166666666666667,C1,6
521,518,4.5625,C1,16
522,516,3.3333333333333335,B2,6
522,518,3.5555555555555554,C1,9
523,518,1.9545454545454546,B1,22
523,525,4.8,C1,5
524,488,4.571428571428571,C2,7
524,514,3.909090909090909,B2,11
524,525,4.138888888888889,C2,36
525,491,4.833333333333333,C2,6
525,514,3.5555555555555554,C1,9
525,523,4.8,C1,5
525,524,4.108108108108108,C2,37
526,348,4.1875,C1,16
526,486,3.1666666666666665,B1,18
526,487,1.1842105263157894,A,38
526,488,1.8421052631578947,A,19
526,490,4.6,C1,5
526,493,1.75,A,16
526,494,4.833333333333333,C2,6
526,527,3.8823529411764706,C1,17
527,526,3.8823529411764706,C1,17
