zona,municipio_cod,x_centroide,y_centroide,municipio
1,36.0,333199.9037487335,7394801.321175278,São Paulo
2,36.0,333495.4090909091,7395384.704545454,São Paulo
3,36.0,333370.32905982906,7394274.829059829,São Paulo
4,36.0,332421.1337579618,7394528.88747346,São Paulo
5,36.0,332380.3416746872,7395216.187680462,São Paulo
6,36.0,332742.8157894737,7395837.4412955465,São Paulo
7,36.0,333161.4203935599,7396714.515205724,São Paulo
8,36.0,332037.9605263158,7397675.934210527,São Paulo
9,36.0,333591.97245179064,7397277.157024793,São Paulo
10,36.0,334572.164305949,7397524.144475921,São Paulo
11,36.0,335649.5440414508,7397339.777202073,São Paulo
12,36.0,334846.14285714284,7396775.841107871,São Paulo
13,36.0,334554.37585421413,7396062.400911162,São Paulo
14,36.0,335247.6480218281,7395885.810368349,São Paulo
15,36.0,335597.2297297297,7395406.141891892,São Paulo
16,36.0,334622.3808411215,7394816.684579439,São Paulo
17,36.0,334307.69787234045,7395428.727659575,São Paulo
18,36.0,334921.016064257,7393562.491967872,São Paulo
19,36.0,334536.71191135736,7392350.08864266,São Paulo
20,36.0,333914.63924050634,7392985.189873418,São Paulo
21,36.0,333558.67085427133,7392216.374371859,São Paulo
22,36.0,333140.3741935484,7392674.9,São Paulo
23,36.0,332764.7401392111,7392711.373549884,São Paulo
24,36.0,333079.0917107584,7393552.654320988,São Paulo
25,36.0,331771.19847328245,7394131.538167939,São Paulo
26,36.0,332420.7571884984,7393731.194888179,São Paulo
27,36.0,332128.9648288973,7392849.267110266,São Paulo
28,36.0,331545.75259067357,7393042.154145078,São Paulo
29,36.0,331120.67169476487,7393589.416149069,São Paulo
30,36.0,330932.6898954704,7395134.987224158,São Paulo
31,36.0,331484.5436241611,7394863.746644296,São Paulo
32,36.0,330603.10963748896,7394021.022988506,São Paulo
33,36.0,329828.86,7394568.28,São Paulo
34,36.0,330443.93610223645,7395449.215654952,São Paulo
35,36.0,331678.275659824,7396131.69941349,São Paulo
36,36.0,330894.45743329095,7396300.301143583,São Paulo
37,36.0,331217.89238845144,7397419.538057743,São Paulo
38,36.0,336318.23745819397,7397100.658862877,São Paulo
39,36.0,337180.53280839894,7396517.706036746,São Paulo
40,36.0,338058.80157687253,7394904.727989487,São Paulo
41,36.0,337331.9514285714,7395818.241428572,São Paulo
42,36.0,336043.75155279506,7396216.875776397,São Paulo
43,36.0,337131.79550321196,7394534.751605996,São Paulo
44,36.0,337784.57276995305,7393079.253521127,São Paulo
45,36.0,336960.19258202566,7393074.032810271,São Paulo
46,36.0,340179.7247191011,7392034.443820225,São Paulo
47,36.0,338677.19658119656,7392838.205128205,São Paulo
48,36.0,339171.4,7393922.6144927535,São Paulo
49,36.0,332964.0035714286,7391515.4,São Paulo
50,36.0,334483.0036101083,7391052.101083033,São Paulo
51,36.0,334065.5885167464,7390163.760765551,São Paulo
52,36.0,333421.4747474748,7390568.68013468,São Paulo
53,36.0,333388.1508704062,7389557.027079304,São Paulo
54,36.0,332406.58747044916,7389474.039007092,São Paulo
55,36.0,332615.6660899654,7390274.311418685,São Paulo
56,36.0,332343.67596899223,7391121.203100775,São Paulo
57,36.0,331930.7046070461,7392167.223577236,São Paulo
58,36.0,333408.2464028777,7388479.683453238,São Paulo
59,36.0,333028.7258426966,7386826.793258427,São Paulo
60,36.0,331830.5,7386850.307486631,São Paulo
61,36.0,332494.6010638298,7388525.941489362,São Paulo
62,36.0,331201.7295081967,7391192.183606558,São Paulo
63,36.0,331190.9193899782,7389612.80174292,São Paulo
64,36.0,330682.7788161994,7388472.833852544,São Paulo
65,36.0,329754.73363095237,7389081.331845238,São Paulo
66,36.0,329768.58678756474,7388060.9883419685,São Paulo
67,36.0,329719.4672897196,7390209.221962617,São Paulo
68,36.0,328598.45051464764,7390689.941409343,São Paulo
69,36.0,328833.39735099336,7389956.841059603,São Paulo
70,36.0,328786.94696969696,7389049.4602272725,São Paulo
71,36.0,328158.46887159534,7387865.924124514,São Paulo
72,36.0,327397.8152610442,7386915.775100402,São Paulo
73,36.0,327513.63982430456,7389079.699121523,São Paulo
74,36.0,331262.6902050114,7392854.774487471,São Paulo
75,36.0,330678.44006309146,7392571.728706624,São Paulo
76,36.0,330096.2328042328,7391951.054232804,São Paulo
77,36.0,329188.07886089815,7393823.083242059,São Paulo
78,36.0,329972.14178168133,7393097.69510665,São Paulo
79,36.0,330409.4424,7393544.2176,São Paulo
80,36.0,328047.3948772679,7393080.075773746,São Paulo
81,36.0,327943.7291037261,7391636.496475327,São Paulo
82,36.0,326961.35488611314,7392696.5451873625,São Paulo
83,36.0,327610.1934826884,7394206.885947047,São Paulo
84,36.0,329485.5953488372,7396035.2139534885,São Paulo
85,36.0,329782.3713692946,7395755.7593361,São Paulo
86,36.0,329110.88028169016,7395307.570422535,São Paulo
87,36.0,328063.12924281985,7395189.882506527,São Paulo
88,36.0,328406.74775583483,7396225.496409336,São Paulo
89,36.0,327106.3965517241,7395935.810344827,São Paulo
90,36.0,327787.71460674156,7396750.95730337,São Paulo
91,36.0,328350.2836185819,7398263.06601467,São Paulo
92,36.0,330213.80278422276,7397668.1113689095,São Paulo
93,36.0,329924.8654503991,7396765.824401368,São Paulo
94,36.0,328508.7129094412,7397243.394990366,São Paulo
95,36.0,326535.0477137177,7394895.500994036,São Paulo
96,36.0,325577.8882978723,7394328.361702127,São Paulo
97,36.0,324617.92055485497,7395306.042875158,São Paulo
98,36.0,324549.13597733714,7398390.685552408,São Paulo
99,36.0,326331.15222482436,7398374.058548009,São Paulo
100,36.0,326310.3855855856,7397564.417117117,São Paulo
101,36.0,326496.2589928057,7396483.877697841,São Paulo
102,36.0,325091.320083682,7396646.826359833,São Paulo
103,36.0,324784.2962962963,7397564.358024691,São Paulo
104,36.0,323692.845,7397468.605,São Paulo
105,36.0,323738.6531986532,7396476.947811448,São Paulo
106,36.0,322820.66150442476,7395965.174778761,São Paulo
107,36.0,323132.04354354355,7397141.252252252,São Paulo
108,36.0,322499.6388206388,7397627.275184276,São Paulo
109,36.0,323531.68488160294,7402463.916211293,São Paulo
110,36.0,324540.9344262295,7400295.508196721,São Paulo
111,36.0,322394.86333333334,7400121.586666667,São Paulo
112,36.0,320599.13475177303,7401677.092198581,São Paulo
113,36.0,321424.0316742081,7398699.171945701,São Paulo
115,36.0,321388.2536443149,7405598.253644315,São Paulo
116,36.0,323850.9005128205,7406481.9928205125,São Paulo
117,36.0,316623.01994301996,7406909.222222222,São Paulo
118,36.0,318456.2029850746,7407011.011940299,São Paulo
119,36.0,321252.40769230766,7409994.625641026,São Paulo
121,36.0,327832.47658402205,7405190.228650138,São Paulo
122,36.0,325888.0131578947,7405206.307017544,São Paulo
123,36.0,327662.0401459854,7404088.04379562,São Paulo
124,36.0,328210.77777777775,7403230.935802469,São Paulo
125,36.0,326076.8403614458,7402733.057228915,São Paulo
126,36.0,327891.3109243697,7402121.0672268905,São Paulo
127,36.0,326851.913884007,7400368.188049209,São Paulo
128,36.0,334076.9322493225,7399506.254742548,São Paulo
129,36.0,334339.6406619385,7400036.6004728135,São Paulo
130,36.0,334574.72140762466,7399211.40175953,São Paulo
131,36.0,333958.3873873874,7398604.18018018,São Paulo
132,36.0,333235.7075471698,7399101.235849056,São Paulo
133,36.0,333440.9713701432,7400306.63599182,São Paulo
134,36.0,332919.81753554504,7401271.895734597,São Paulo
135,36.0,334654.449339207,7401308.973568282,São Paulo
136,36.0,330540.9105691057,7399297.508130081,São Paulo
137,36.0,331004.1067961165,7400819.291262136,São Paulo
138,36.0,328778.10045662103,7399190.02739726,São Paulo
139,36.0,328548.009202454,7400999.32208589,São Paulo
140,36.0,329268.3406940063,7400519.548895899,São Paulo
141,36.0,330634.2030905077,7403384.8653421635,São Paulo
142,36.0,329898.09230769234,7404753.576923077,São Paulo
144,36.0,332781.79014308425,7402849.535771065,São Paulo
145,36.0,332098.1382113821,7405013.195121951,São Paulo
147,36.0,335643.7633587786,7405106.374045801,São Paulo
148,36.0,334357.45901639346,7404990.344262295,São Paulo
150,36.0,338475.5326460481,7407890.436426117,São Paulo
151,36.0,337812.29496402876,7405739.539568345,São Paulo
152,36.0,336070.5035971223,7401905.836930456,São Paulo
153,36.0,335265.13620071684,7403170.609318997,São Paulo
154,36.0,336566.0446096654,7402879.230483271,São Paulo
155,36.0,339128.0959752322,7405521.978328173,São Paulo
156,36.0,338618.82489451475,7403988.61814346,São Paulo
157,36.0,340215.105,7402641.55,São Paulo
158,36.0,337992.1899224806,7401514.80620155,São Paulo
159,36.0,339439.4407894737,7401859.688596491,São Paulo
160,36.0,338380.20795107033,7399652.868501529,São Paulo
161,36.0,339597.7756813417,7398274.314465409,São Paulo
162,36.0,337695.92613636365,7398250.8977272725,São Paulo
163,36.0,336131.51509054325,7399930.020120724,São Paulo
164,36.0,336362.6683937824,7398274.792746114,São Paulo
165,36.0,335334.15596330276,7398813.510703363,São Paulo
166,36.0,340528.67727272725,7395210.495454545,São Paulo
167,36.0,339401.62380300957,7395241.396716827,São Paulo
168,36.0,339078.81214421254,7396331.850094876,São Paulo
169,36.0,340603.7523510972,7396706.257053291,São Paulo
170,36.0,342069.8813559322,7397671.785824345,São Paulo
171,36.0,343615.26130653266,7397695.934673367,São Paulo
172,36.0,344962.8859315589,7397643.49809886,São Paulo
173,36.0,347099.8008658009,7397266.857142857,São Paulo
174,36.0,346575.94782608695,7400457.669565218,São Paulo
175,36.0,345483.89361702127,7400054.666666667,São Paulo
176,36.0,343819.5252918288,7399503.46692607,São Paulo
177,36.0,343253.36387434555,7400114.036649215,São Paulo
178,36.0,346956.13636363635,7402309.454545454,São Paulo
180,36.0,347845.6780104712,7401365.8612565445,São Paulo
181,36.0,349191.752,7400673.464,São Paulo
182,36.0,346879.87005649717,7398903.364406779,São Paulo
183,36.0,348517.8675958188,7398305.526132404,São Paulo
184,36.0,349742.17475728155,7399148.786407767,São Paulo
185,36.0,350515.32608695654,7399494.709239131,São Paulo
186,36.0,350722.89667896676,7400012.501845018,São Paulo
187,36.0,350857.1605691057,7401400.180894309,São Paulo
188,36.0,351792.8675799087,7399655.452054795,São Paulo
189,36.0,352761.4110787172,7396605.247813411,São Paulo
190,36.0,351520.1341463415,7395239.682926829,São Paulo
191,36.0,349914.9661016949,7395739.04519774,São Paulo
192,36.0,350365.64590163936,7396626.845901639,São Paulo
193,36.0,349922.8923766816,7397861.156950673,São Paulo
194,36.0,351014.436123348,7397875.757709251,São Paulo
195,36.0,351907.49852507375,7397754.442477876,São Paulo
196,36.0,353203.1287128713,7398280.148514852,São Paulo
197,36.0,352397.8,7400570.5322580645,São Paulo
198,36.0,353313.2014010508,7400643.373029772,São Paulo
199,36.0,355065.1509433962,7402004.582210243,São Paulo
200,36.0,358016.2988047809,7402062.131474104,São Paulo
201,36.0,355586.25396825396,7400045.317460317,São Paulo
202,36.0,355364.30839002266,7398527.281179138,São Paulo
203,36.0,354866.476861167,7397047.158953723,São Paulo
204,36.0,356806.915601023,7396519.202046036,São Paulo
205,36.0,359086.01242236025,7399249.434782608,São Paulo
206,36.0,357233.8720379147,7400145.627962085,São Paulo
207,36.0,358820.0950570342,7400998.450570342,São Paulo
208,36.0,341946.05066666665,7395235.861333333,São Paulo
209,36.0,343538.0970149254,7394151.815920398,São Paulo
210,36.0,340950.65982404695,7393636.7272727275,São Paulo
211,36.0,342975.22491349484,7392213.062283737,São Paulo
212,36.0,344824.8650793651,7391539.626984127,São Paulo
213,36.0,345231.16620498616,7392644.858725762,São Paulo
214,36.0,343464.5220883534,7395943.4377510045,São Paulo
215,36.0,344765.03880597017,7395814.925373134,São Paulo
216,36.0,346122.29305135953,7396254.567975831,São Paulo
217,36.0,348930.66346153844,7396859.826923077,São Paulo
218,36.0,348104.7180851064,7395279.85106383,São Paulo
219,36.0,346678.7117647059,7394260.664705883,São Paulo
220,36.0,349407.0355029586,7393866.98816568,São Paulo
221,36.0,347147.7195121951,7392952.573170732,São Paulo
222,36.0,349983.1291866029,7393141.083732057,São Paulo
223,36.0,351808.77287066245,7392885.205047319,São Paulo
224,36.0,350359.82352941175,7391925.235294118,São Paulo
225,36.0,354195.1589041096,7392041.265753425,São Paulo
226,36.0,353623.50718685833,7395129.332648871,São Paulo
227,36.0,355841.2578475336,7394820.1547085205,São Paulo
228,36.0,357046.8051470588,7393701.334558823,São Paulo
229,36.0,356899.46036916395,7391578.619978284,São Paulo
230,36.0,357304.43823529413,7389736.073529412,São Paulo
231,36.0,355286.1216216216,7388565.486486486,São Paulo
232,36.0,353412.8469387755,7389070.673469388,São Paulo
233,36.0,352051.35755813954,7388887.549418605,São Paulo
234,36.0,352042.80053191487,7385942.390957447,São Paulo
235,36.0,350519.4621212121,7386899.553030303,São Paulo
236,36.0,336382.50804597704,7390561.429885058,São Paulo
237,36.0,336573.6393088553,7389539.138228942,São Paulo
238,36.0,335825.89285714284,7388884.064285714,São Paulo
239,36.0,335628.07269155205,7390206.345776032,São Paulo
240,36.0,335712.3214285714,7391536.8367346935,São Paulo
241,36.0,336496.1523341523,7391403.651105651,São Paulo
242,36.0,337496.94801223243,7389078.370030581,São Paulo
243,36.0,336840.00811359024,7387248.251521298,São Paulo
244,36.0,337627.9884057971,7387639.298550725,São Paulo
245,36.0,337894.0753138075,7385726.849372385,São Paulo
246,36.0,337180.968847352,7384084.3084112145,São Paulo
247,36.0,336161.1151079137,7384599.741007194,São Paulo
249,36.0,334961.106870229,7385663.790076336,São Paulo
250,36.0,334400.8428184282,7387303.037940379,São Paulo
251,36.0,334792.26291079813,7388739.807511737,São Paulo
252,36.0,335336.28662420384,7387176.987261146,São Paulo
253,36.0,337718.6538461539,7390782.149038462,São Paulo
254,36.0,338900.42688330874,7390966.431314623,São Paulo
255,36.0,339786.01253918494,7389518.583072101,São Paulo
256,36.0,341335.6989966555,7390399.133779264,São Paulo
257,36.0,342768.5471698113,7390875.011320755,São Paulo
258,36.0,343152.1935483871,7388899.29953917,São Paulo
259,36.0,346052.29347826086,7387246.951086956,São Paulo
260,36.0,345371.5726495726,7388206.863247863,São Paulo
261,36.0,344569.79715302493,7389824.871886121,São Paulo
262,36.0,346167.9537037037,7389489.87037037,São Paulo
263,36.0,347749.51498637605,7387447.702997276,São Paulo
264,36.0,348967.7848101266,7388633.426160337,São Paulo
265,36.0,347490.0925110132,7390265.174008811,São Paulo
266,36.0,348372.1797752809,7390604.827715356,São Paulo
267,36.0,350581.1397515528,7388374.891304348,São Paulo
268,36.0,328759.0275689223,7385988.175438597,São Paulo
269,36.0,329299.33609958505,7386603.014522822,São Paulo
270,36.0,329712.0404040404,7387051.2272727275,São Paulo
272,36.0,330193.77777777775,7384948.940740741,São Paulo
273,36.0,330614.20947630925,7383620.374064838,São Paulo
274,36.0,332277.75841584156,7384264.0,São Paulo
275,36.0,332940.36674816627,7384949.909535453,São Paulo
276,36.0,332424.80597014923,7382149.695095949,São Paulo
277,36.0,329867.8406374502,7382276.03187251,São Paulo
278,36.0,332357.9080851064,7380241.4910638295,São Paulo
279,36.0,330927.5863192182,7379854.833876221,São Paulo
280,36.0,327176.73871733964,7381360.389548694,São Paulo
281,36.0,328253.39215686277,7381854.543417367,São Paulo
282,36.0,329094.5706051873,7380580.634005764,São Paulo
283,36.0,328287.01612903224,7379527.818548387,São Paulo
284,36.0,330649.23076923075,7378845.307692308,São Paulo
285,36.0,333143.6233183856,7377628.780269058,São Paulo
286,36.0,325163.4524590164,7381380.324590164,São Paulo
287,36.0,326054.7456896552,7379167.13362069,São Paulo
288,36.0,325848.9218328841,7375791.423180593,São Paulo
289,36.0,326966.2528473804,7376570.341685649,São Paulo
290,36.0,328165.34493670886,7375859.104430379,São Paulo
291,36.0,326297.5668604651,7373927.5319767445,São Paulo
292,36.0,326311.0788643533,7371324.006309148,São Paulo
293,36.0,327823.99170124484,7373504.244813278,São Paulo
294,36.0,330242.1050119332,7372526.023866349,São Paulo
295,36.0,328711.4736842105,7370209.292397661,São Paulo
296,36.0,328421.6904761905,7367670.571428572,São Paulo
297,36.0,321790.0737704918,7371187.286885246,São Paulo
298,36.0,325059.7228426396,7364102.794923858,São Paulo
299,36.0,321665.46774193546,7357614.096774193,São Paulo
301,36.0,326329.15942028986,7385595.679549115,São Paulo
302,36.0,327700.8402255639,7384687.434210527,São Paulo
303,36.0,326358.4182098765,7383300.543209877,São Paulo
304,36.0,325206.3938906752,7383219.75562701,São Paulo
305,36.0,322092.8618266979,7383331.011709602,São Paulo
306,36.0,322197.4407514451,7381890.914739884,São Paulo
307,36.0,322387.220657277,7380205.126760564,São Paulo
308,36.0,319343.69669117645,7374689.224264706,São Paulo
309,36.0,319172.70997679816,7377678.953596287,São Paulo
310,36.0,317965.7707910751,7378386.251521298,São Paulo
311,36.0,319089.95185185183,7379650.411111111,São Paulo
312,36.0,320352.8951965066,7379588.497816594,São Paulo
313,36.0,320303.81123595504,7382424.202247191,São Paulo
314,36.0,319689.6436363636,7380783.418181818,São Paulo
315,36.0,318308.91392405063,7380609.774683544,São Paulo
316,36.0,317833.3064713065,7382107.345543345,São Paulo
317,36.0,324948.90944123315,7390308.134874759,São Paulo
318,36.0,326525.88737864076,7390451.1203883495,São Paulo
319,36.0,326084.5051975052,7388267.833679833,São Paulo
320,36.0,324660.9015486726,7388554.155973451,São Paulo
321,36.0,324087.7731707317,7387052.096341464,São Paulo
322,36.0,323424.02135231317,7385399.262158956,São Paulo
323,36.0,322680.4774281806,7386348.834473324,São Paulo
324,36.0,320704.1130952381,7384134.479166667,São Paulo
325,36.0,318620.84539473685,7384196.180921053,São Paulo
326,36.0,320032.235,7385449.09,São Paulo
327,36.0,320983.0495867769,7386455.107438017,São Paulo
328,36.0,323131.807775378,7387746.485961123,São Paulo
329,36.0,322029.05846153846,7388047.646153846,São Paulo
330,36.0,323523.3891547049,7389587.429027113,São Paulo
331,36.0,321742.32085561496,7389991.796791444,São Paulo
332,36.0,319536.85714285716,7389825.30952381,São Paulo
333,36.0,317151.9471365639,7389390.744493392,São Paulo
334,36.0,316657.29752066114,7390425.603305785,São Paulo
335,36.0,321739.98818897636,7392361.960629921,São Paulo
336,36.0,320624.4813559322,7391342.983050847,São Paulo
337,36.0,320012.58875739644,7392778.600591716,São Paulo
338,36.0,321336.70764119603,7394455.9069767445,São Paulo
339,36.0,321864.80555555556,7394976.15,São Paulo
340,36.0,323920.55654761905,7393106.563988095,São Paulo
341,36.0,325492.78774617065,7392230.503282276,São Paulo
342,36.0,324451.6685552408,7391297.679886686,São Paulo
343,36.0,322964.7175572519,7391334.549618321,São Paulo
344,4.0,328373.6,7412223.685714286,Caieiras
345,4.0,322477.5667311412,7414277.454545454,Caieiras
346,4.0,320909.56115107914,7417367.661870504,Caieiras
348,5.0,311679.5634057971,7414683.869565218,Cajamar
349,5.0,307866.25096525095,7418869.181467181,Cajamar
351,13.0,322157.4149855908,7420246.32276657,Franco da Rocha
352,13.0,324908.1214470284,7420115.124031007,Franco da Rocha
356,12.0,321183.15,7423778.847222222,Francisco Morato
357,12.0,323041.1034482759,7424731.863793103,Francisco Morato
358,12.0,323665.77777777775,7425935.525252526,Francisco Morato
359,21.0,338213.13451327436,7419818.6530973455,Mairiporã
360,21.0,332820.65853658534,7412999.475609756,Mairiporã
361,21.0,336415.4791666667,7425632.263888889,Mairiporã
362,21.0,339674.69035532995,7423385.6243654825,Mairiporã
363,15.0,343431.28044280445,7404016.481549815,Guarulhos
364,15.0,344611.6738410596,7404577.971854305,Guarulhos
365,15.0,349624.75633528264,7404498.898635478,Guarulhos
366,15.0,345492.4984126984,7404041.765079365,Guarulhos
367,15.0,341876.0655737705,7401143.878220141,Guarulhos
368,15.0,342490.4986376022,7402959.550408719,Guarulhos
369,15.0,341062.13496932515,7403657.18404908,Guarulhos
370,15.0,340872.74626865675,7405823.980099503,Guarulhos
371,15.0,342501.03878116346,7405636.011080332,Guarulhos
372,15.0,344289.1151079137,7406893.73381295,Guarulhos
373,15.0,346450.7818181818,7405791.090909091,Guarulhos
374,15.0,346445.9791666667,7408170.447916667,Guarulhos
375,15.0,348679.3787878788,7408525.585858586,Guarulhos
376,15.0,352309.71784232365,7407910.477178424,Guarulhos
377,15.0,356524.90868596884,7409875.839643653,Guarulhos
378,15.0,356513.4859154929,7405931.112676056,Guarulhos
379,15.0,352482.65192307695,7404969.188461538,Guarulhos
380,15.0,341449.73484848486,7407969.371212121,Guarulhos
381,15.0,346065.5661971831,7409888.25915493,Guarulhos
383,15.0,350941.7660167131,7411180.3537604455,Guarulhos
384,15.0,354078.49689440994,7411254.875776397,Guarulhos
385,15.0,357245.15853658534,7411778.951219512,Guarulhos
387,1.0,360720.08974358975,7411146.692307692,Arujá
388,1.0,364162.26923076925,7411855.658862877,Arujá
389,1.0,367970.43902439025,7410405.195121951,Arujá
390,30.0,375036.1407249467,7420774.149253732,Santa Isabel
391,30.0,372967.11475409835,7417067.950819672,Santa Isabel
394,11.0,360309.61971830984,7394908.621730383,Ferraz de Vasconcelos
396,11.0,359571.9318181818,7396948.877622378,Ferraz de Vasconcelos
397,26.0,362288.1095890411,7395083.580821917,Poá
398,26.0,362568.7492625369,7397988.132743363,Poá
399,18.0,361652.941089838,7400985.416789396,Itaquaquecetuba
400,18.0,363048.38942307694,7403720.118990385,Itaquaquecetuba
401,18.0,362713.8341384863,7406582.793880837,Itaquaquecetuba
402,18.0,367120.85564304463,7403675.2073490815,Itaquaquecetuba
403,37.0,367068.4875124875,7399766.036963037,Suzano
404,37.0,366474.29087048833,7395105.229299363,Suzano
405,37.0,365714.9684210526,7383859.147368421,Suzano
406,37.0,365081.375,7386614.939102564,Suzano
407,23.0,378325.00804289547,7397147.816353887,Mogi das Cruzes
408,23.0,377959.79326923075,7399260.947115385,Mogi das Cruzes
409,23.0,379822.5793871866,7397687.245125348,Mogi das Cruzes
410,23.0,375571.390625,7394970.59375,Mogi das Cruzes
411,23.0,372401.2238095238,7394807.419047619,Mogi das Cruzes
412,23.0,369401.65725806454,7403104.963709678,Mogi das Cruzes
413,23.0,378420.1632653061,7407715.193877551,Mogi das Cruzes
414,23.0,388708.50434782606,7402560.826086956,Mogi das Cruzes
415,23.0,383000.835694051,7399517.0764872525,Mogi das Cruzes
416,23.0,375557.8333333333,7385873.043859649,Mogi das Cruzes
418,3.0,393868.9369369369,7392485.651651652,Biritiba-Mirim
420,29.0,409673.34156378603,7396771.12345679,Salesópolis
422,14.0,389909.3908629442,7414814.705583757,Guararema
424,34.0,340321.21630094043,7386867.990595612,São Caetano do Sul
425,34.0,341305.08974358975,7385647.448717949,São Caetano do Sul
426,34.0,339612.7946257198,7384774.550863723,São Caetano do Sul
427,34.0,338996.054245283,7386464.950471698,São Caetano do Sul
428,34.0,340064.4924874791,7387986.370617696,São Caetano do Sul
429,32.0,343992.5474509804,7382886.7450980395,Santo André
430,32.0,342641.49809885933,7380974.247148289,Santo André
431,32.0,342345.70547945204,7382662.97260274,Santo André
432,32.0,341131.5787545788,7383395.948717949,Santo André
433,32.0,342331.4551724138,7384770.310344827,Santo André
434,32.0,343508.00302114803,7386424.809667674,Santo André
435,32.0,345403.3067846608,7385957.209439528,Santo André
436,32.0,347406.88416988414,7385311.961389962,Santo André
437,32.0,346100.99399399396,7383886.6486486485,Santo André
438,32.0,347015.512345679,7380958.802469136,Santo André
439,32.0,344235.50657894736,7379671.842105263,Santo André
440,32.0,347057.0594059406,7376480.727722772,Santo André
441,32.0,363188.29411764705,7371266.623529412,Santo André
442,22.0,349193.725877193,7381908.870614035,Mauá
443,22.0,351834.0,7380540.992101106,Mauá
444,22.0,352328.83397190296,7383215.245210728,Mauá
445,22.0,354426.7706766917,7381406.436090225,Mauá
446,22.0,355596.7225806452,7382739.496774194,Mauá
447,27.0,355599.897084048,7376871.516295026,Ribeirão Pires
448,27.0,358174.9956896552,7379937.818965517,Ribeirão Pires
449,27.0,361618.5043103448,7379832.956896552,Ribeirão Pires
450,28.0,358524.68595041323,7374684.078512397,Rio Grande da Serra
451,28.0,357674.5176715177,7372550.546777546,Rio Grande da Serra
452,33.0,339493.6261829653,7377712.976340694,São Bernardo do Campo
453,33.0,337501.7037815126,7382130.18487395,São Bernardo do Campo
454,33.0,340048.7682539683,7382451.123809524,São Bernardo do Campo
455,33.0,341625.4241908007,7379664.045996592,São Bernardo do Campo
456,33.0,342054.10837438423,7377376.461083744,São Bernardo do Campo
457,33.0,343817.97535211267,7375914.518779343,São Bernardo do Campo
458,33.0,340634.99660441425,7374230.033955857,São Bernardo do Campo
459,33.0,342046.46598639456,7372393.7789115645,São Bernardo do Campo
460,33.0,343873.5620915033,7368396.934640523,São Bernardo do Campo
462,33.0,337590.9510791367,7374528.25323741,São Bernardo do Campo
463,8.0,334515.31289308175,7379541.36163522,Diadema
464,8.0,335473.7576470588,7381274.183529411,Diadema
465,8.0,337604.88333333336,7379084.691666666,Diadema
466,8.0,335410.90267639904,7377967.114355231,Diadema
467,8.0,335212.1104651163,7376135.511627907,Diadema
468,38.0,319962.6801541426,7388019.23699422,Taboão da Serra
469,38.0,318567.3745454546,7386559.007272727,Taboão da Serra
470,38.0,317147.896875,7386070.25,Taboão da Serra
471,38.0,316387.3416666667,7384723.625,Taboão da Serra
472,9.0,316155.9401709402,7382949.158119658,Embu das Artes
473,9.0,315012.4468546638,7382529.433839479,Embu das Artes
474,9.0,312302.4025423729,7383795.209745763,Embu das Artes
475,9.0,309292.2586206897,7382839.387931035,Embu das Artes
476,16.0,313762.5897114178,7375741.728983689,Itapecerica da Serra
477,16.0,308463.35576923075,7371737.951923077,Itapecerica da Serra
478,16.0,307673.2101910828,7376261.146496816,Itapecerica da Serra
479,35.0,301671.7531914894,7359866.693617022,São Lourenço da Serra
480,10.0,315104.49258160236,7364422.931750742,Embu-Guaçu
481,10.0,317359.48295454547,7358547.7102272725,Embu-Guaçu
482,10.0,310678.95945945947,7354929.689189189,Embu-Guaçu
483,20.0,290091.2228116711,7351277.331564987,Juquitiba
486,2.0,308072.4566395664,7399911.589430895,Barueri
487,2.0,312701.8758389262,7400893.239932886,Barueri
488,2.0,311782.765037594,7399845.212406015,Barueri
489,2.0,309406.70588235295,7398150.117647059,Barueri
490,2.0,308595.4510309278,7395106.30927835,Barueri
491,2.0,307300.0232558139,7395750.534883721,Barueri
492,2.0,306201.21707317076,7398454.956097561,Barueri
493,2.0,302525.40579710144,7399570.265700483,Barueri
494,6.0,311472.8887262079,7395940.3484626645,Carapicuíba
495,6.0,313190.5472440945,7396440.4291338585,Carapicuíba
496,6.0,312763.4176829268,7393460.957317073,Carapicuíba
497,6.0,313888.1656626506,7391884.373493976,Carapicuíba
498,6.0,310953.38314176246,7393505.168582375,Carapicuíba
499,24.0,318337.40076824586,7396491.393085787,Osasco
500,24.0,319671.0484429066,7395258.948096886,Osasco
501,24.0,319206.1604095563,7393694.464163822,Osasco
502,24.0,317658.3448275862,7395747.749042146,Osasco
503,24.0,315530.2441314554,7391147.403755869,Osasco
504,24.0,316850.342019544,7392239.973941368,Osasco
505,24.0,315975.127744511,7393619.415169661,Osasco
506,24.0,315418.87372013653,7395926.04778157,Osasco
507,24.0,316270.7092783505,7398203.224742268,Osasco
508,24.0,319273.3333333333,7397077.799410029,Osasco
509,24.0,316945.97867001256,7399766.936010038,Osasco
510,24.0,318590.3068783069,7399094.285714285,Osasco
511,24.0,320044.1932515337,7398758.984662577,Osasco
512,24.0,317773.71428571426,7401493.0,Osasco
513,19.0,304675.0967741936,7397179.037634409,Jandira
514,19.0,305648.2582278481,7395640.994936709,Jandira
515,19.0,307739.44755244756,7393607.7272727275,Jandira
516,7.0,312458.1049723757,7389401.364640884,Cotia
517,7.0,308995.76923076925,7389341.076923077,Cotia
518,7.0,303721.18631178705,7387718.252217998,Cotia
519,7.0,304657.1403508772,7378700.5,Cotia
521,7.0,292983.9090909091,7379618.613636363,Cotia
522,39.0,295095.6710526316,7386177.940789473,Vargem Grande Paulista
523,17.0,299210.3674698795,7390476.578313253,Itapevi
524,17.0,303090.97407407407,7394721.048148148,Itapevi
525,17.0,300032.1413843888,7394869.447717231,Itapevi
526,31.0,306929.937439846,7405267.596727623,Santana do Parnaíba
527,25.0,295452.95336787566,7410571.445595855,Pirapora do Bom Jesus
